                                      1 ;--------------------------------------------------------
                                      2 ; File Created by SDCC : free open source ISO C Compiler
                                      3 ; Version 4.6.0 #16555 (MINGW64)
                                      4 ;--------------------------------------------------------
                                      5 	.module antipiracyscreen
                                      6 	
                                      7 	.optsdcc -mz80 sdcccall(1)
                                      8 ;--------------------------------------------------------
                                      9 ; Public variables in this module
                                     10 ;--------------------------------------------------------
                                     11 	.globl _main
                                     12 	.globl _LoadSystemFont
                                     13 	.globl _Print_SetColor
                                     14 	.globl _Print_DrawText
                                     15 	.globl _Print_SetMode
                                     16 	.globl _Print_Initialize
                                     17 	.globl _Draw_FillBox
                                     18 	.globl _Draw_Box
                                     19 	.globl _Draw_Line
                                     20 	.globl _VDP_CommandSetupR32
                                     21 	.globl _VDP_SetPalette
                                     22 	.globl _VDP_WriteVRAM_128K
                                     23 	.globl _VDP_RegWriteBakMask
                                     24 	.globl _VDP_RegWrite
                                     25 	.globl _VDP_SetMode
                                     26 	.globl _VDP_ClearVRAM
                                     27 	.globl _BIOS_InterSlotRead
                                     28 	.globl _BIOS_Exit
                                     29 	.globl _Keyboard_Read
                                     30 	.globl _flagY
                                     31 	.globl _timer
                                     32 	.globl _frame
                                     33 	.globl _stateTimer
                                     34 	.globl _state
                                     35 	.globl _DOS_TPAUpperAddr
                                     36 	.globl _g_SLTSL
                                     37 	.globl _g_GRPACY
                                     38 	.globl _g_GRPACX
                                     39 	.globl _g_LOGOPR
                                     40 	.globl _g_CMASK
                                     41 	.globl _g_CLOC
                                     42 	.globl _g_FNKSTR
                                     43 	.globl _g_GETPNT
                                     44 	.globl _g_PUTPNT
                                     45 	.globl _g_ATRBYT
                                     46 	.globl _g_BDRCLR
                                     47 	.globl _g_BAKCLR
                                     48 	.globl _g_FORCLR
                                     49 	.globl _g_CSRX
                                     50 	.globl _g_CSRY
                                     51 	.globl _g_CLIKSW
                                     52 	.globl _g_MLTPAT
                                     53 	.globl _g_MLTATR
                                     54 	.globl _g_MLTCGP
                                     55 	.globl _g_MLTCOL
                                     56 	.globl _g_MLTNAM
                                     57 	.globl _g_GRPPAT
                                     58 	.globl _g_GRPATR
                                     59 	.globl _g_GRPCGP
                                     60 	.globl _g_GRPCOL
                                     61 	.globl _g_GRPNAM
                                     62 	.globl _g_T32PAT
                                     63 	.globl _g_T32ATR
                                     64 	.globl _g_T32CGP
                                     65 	.globl _g_T32COL
                                     66 	.globl _g_T32NAM
                                     67 	.globl _g_TXTPAT
                                     68 	.globl _g_TXTATR
                                     69 	.globl _g_TXTCGP
                                     70 	.globl _g_TXTCOL
                                     71 	.globl _g_TXTNAM
                                     72 	.globl _g_CLMLST
                                     73 	.globl _g_CRTCNT
                                     74 	.globl _g_LINLEN
                                     75 	.globl _g_LINL32
                                     76 	.globl _g_LINL40
                                     77 	.globl _Dopefish_palette
                                     78 	.globl _Dopefish
                                     79 	.globl _Flags_palette
                                     80 	.globl _Flags
                                     81 	.globl _g_BDOS
                                     82 	.globl _g_MASTER
                                     83 	.globl _g_RAMAD3
                                     84 	.globl _g_RAMAD2
                                     85 	.globl _g_RAMAD1
                                     86 	.globl _g_RAMAD0
                                     87 	.globl _g_BREAKV
                                     88 	.globl _g_DISKVE
                                     89 	.globl _g_KANJTABLE
                                     90 	.globl _g_STRSRC
                                     91 	.globl _g_SUBRID
                                     92 	.globl _g_CHAR_16
                                     93 	.globl _g_MSXMID
                                     94 	.globl _g_MSXVER
                                     95 	.globl _g_ROMVersion
                                     96 	.globl _g_BASRVN
                                     97 	.globl _g_VDP_DW
                                     98 	.globl _g_VDP_DR
                                     99 	.globl _g_CGTABL
                                    100 	.globl _g_SVFFFD
                                    101 	.globl _g_RG27SAV
                                    102 	.globl _g_RG26SAV
                                    103 	.globl _g_RG25SAV
                                    104 	.globl _g_SVFFF8
                                    105 	.globl _g_MINROM
                                    106 	.globl _g_RG23SAV
                                    107 	.globl _g_RG22SAV
                                    108 	.globl _g_RG21SAV
                                    109 	.globl _g_RG20SAV
                                    110 	.globl _g_RG19SAV
                                    111 	.globl _g_RG18SAV
                                    112 	.globl _g_RG17SAV
                                    113 	.globl _g_RG16SAV
                                    114 	.globl _g_RG15SAV
                                    115 	.globl _g_RG14SAV
                                    116 	.globl _g_RG13SAV
                                    117 	.globl _g_RG12SAV
                                    118 	.globl _g_RG11SAV
                                    119 	.globl _g_RG10SAV
                                    120 	.globl _g_RG09SAV
                                    121 	.globl _g_RG08SAV
                                    122 	.globl _g_PROCNM
                                    123 	.globl _g_SLTWRK
                                    124 	.globl _g_SLTATR
                                    125 	.globl _g_SLTTBL
                                    126 	.globl _g_EXPTBL
                                    127 	.globl _g_MNROM
                                    128 	.globl _g_DRWANG
                                    129 	.globl _g_DRWSCL
                                    130 	.globl _g_DRWFLG
                                    131 	.globl _g_GYPOS
                                    132 	.globl _g_GXPOS
                                    133 	.globl _g_BRDATR
                                    134 	.globl _g_CASPRV
                                    135 	.globl _g_OLDSCR
                                    136 	.globl _g_SCRMOD
                                    137 	.globl _g_FLBMEM
                                    138 	.globl _g_KANAMD
                                    139 	.globl _g_KANAST
                                    140 	.globl _g_CAPST
                                    141 	.globl _g_CSTYLE
                                    142 	.globl _g_CSRSW
                                    143 	.globl _g_INSFLG
                                    144 	.globl _g_ESCCNT
                                    145 	.globl _g_GRPHED
                                    146 	.globl _g_WINWID
                                    147 	.globl _g_LOWLIM
                                    148 	.globl _g_INTCNT
                                    149 	.globl _g_INTVAL
                                    150 	.globl _g_JIFFY
                                    151 	.globl _g_PADX
                                    152 	.globl _g_PADY
                                    153 	.globl _g_INTFLG
                                    154 	.globl _g_RTYCNT
                                    155 	.globl _g_TRPTBL
                                    156 	.globl _g_HIMEM
                                    157 	.globl _g_BOTTOM
                                    158 	.globl _g_PATWRK
                                    159 	.globl _g_LINWRK
                                    160 	.globl _g_KEYBUF
                                    161 	.globl _g_NEWKEY
                                    162 	.globl _g_OLDKEY
                                    163 	.globl _g_CLIKFL
                                    164 	.globl _g_ONGSBF
                                    165 	.globl _g_FNKFLG
                                    166 	.globl _g_FNKSWI
                                    167 	.globl _g_CODSAV
                                    168 	.globl _g_FSTPOS
                                    169 	.globl _g_LINTTB
                                    170 	.globl _g_BASROM
                                    171 	.globl _g_ENSTOP
                                    172 	.globl _g_VCBC
                                    173 	.globl _g_VCBB
                                    174 	.globl _g_VCBA
                                    175 	.globl _g_PLYCNT
                                    176 	.globl _g_MUSICF
                                    177 	.globl _g_QUEUEN
                                    178 	.globl _g_MCLPTR
                                    179 	.globl _g_MCLLEN
                                    180 	.globl _g_SAVVOL
                                    181 	.globl _g_VOICEN
                                    182 	.globl _g_SAVSP
                                    183 	.globl _g_PRSCNT
                                    184 	.globl _g_LSTMOD
                                    185 	.globl _g_LSTCOM
                                    186 	.globl _g_COMMSK
                                    187 	.globl _g_ESTBLS
                                    188 	.globl _g_FLAGS
                                    189 	.globl _g_ERRORS
                                    190 	.globl _g_DATCNT
                                    191 	.globl _g_DEVNUM
                                    192 	.globl _g_OLDINT
                                    193 	.globl _g_OLDSTT
                                    194 	.globl _g_MEXBIh
                                    195 	.globl _g_RSIQLN
                                    196 	.globl _g_RSFCB
                                    197 	.globl _g_TOCNT
                                    198 	.globl _g_RSTMP
                                    199 	.globl _g_YSAVE
                                    200 	.globl _g_XSAVE
                                    201 	.globl _g_NORUSE
                                    202 	.globl _g_MODE
                                    203 	.globl _g_ROMA
                                    204 	.globl _g_CHRCNT
                                    205 	.globl _g_EXBRSA
                                    206 	.globl _g_AVCSAV
                                    207 	.globl _g_ACPAGE
                                    208 	.globl _g_DPPAGE
                                    209 	.globl _g_RS2IQ
                                    210 	.globl _g_VOICCQ
                                    211 	.globl _g_VOICBQ
                                    212 	.globl _g_VOICAQ
                                    213 	.globl _g_QUEBAK
                                    214 	.globl _g_QUETAB
                                    215 	.globl _g_ASPCT2
                                    216 	.globl _g_ASPCT1
                                    217 	.globl _g_HEADER
                                    218 	.globl _g_HIGH
                                    219 	.globl _g_LOW
                                    220 	.globl _g_CS240
                                    221 	.globl _g_CS120
                                    222 	.globl _g_REPCNT
                                    223 	.globl _g_SCNCNT
                                    224 	.globl _g_FRCNEW
                                    225 	.globl _g_QUEUES
                                    226 	.globl _g_MINUPD
                                    227 	.globl _g_MAXUPD
                                    228 	.globl _g_TRGFLG
                                    229 	.globl _g_STATFL
                                    230 	.globl _g_RG7SAV
                                    231 	.globl _g_RG6SAV
                                    232 	.globl _g_RG5SAV
                                    233 	.globl _g_RG4SAV
                                    234 	.globl _g_RG3SAV
                                    235 	.globl _g_RG2SAV
                                    236 	.globl _g_RG1SAV
                                    237 	.globl _g_RG0SAV
                                    238 	.globl _g_CNSDFG
                                    239 	.globl _g_USRTAB
                                    240 	.globl _g_CLPRIM
                                    241 	.globl _g_WRPRIM
                                    242 	.globl _g_RDPRIM
                                    243 ;--------------------------------------------------------
                                    244 ; special function registers
                                    245 ;--------------------------------------------------------
                         000000A0   246 _g_PSG_RegPort	=	0x00a0
                         000000A1   247 _g_PSG_DataPort	=	0x00a1
                         000000A2   248 _g_PSG_StatPort	=	0x00a2
                         00000010   249 _g_PSG_Ext_RegPort	=	0x0010
                         00000011   250 _g_PSG_Ext_DataPort	=	0x0011
                         00000012   251 _g_PSG_Ext_StatPort	=	0x0012
                         00000090   252 _g_Printer_ControlPort	=	0x0090
                         00000091   253 _g_Printer_DataPort	=	0x0091
                         0000007C   254 _g_MSXMusic_IndexPort	=	0x007c
                         0000007D   255 _g_MSXMusic_DataPort	=	0x007d
                         00000098   256 _g_VDP_DataPort	=	0x0098
                         00000099   257 _g_VDP_RegPort	=	0x0099
                         00000099   258 _g_VDP_AddrPort	=	0x0099
                         00000099   259 _g_VDP_StatPort	=	0x0099
                         0000009A   260 _g_VDP_PalPort	=	0x009a
                         0000009B   261 _g_VDP_IRegPort	=	0x009b
                         000000A8   262 _g_PortPrimarySlot	=	0x00a8
                         000000A9   263 _g_PortReadKeyboard	=	0x00a9
                         000000AA   264 _g_PortAccessKeyboard	=	0x00aa
                         000000AB   265 _g_PortControl	=	0x00ab
                         000000B4   266 _g_RTC_AddrPort	=	0x00b4
                         000000B5   267 _g_RTC_DataPort	=	0x00b5
                         000000C0   268 _g_MSXAudio_IndexPort	=	0x00c0
                         000000C1   269 _g_MSXAudio_DataPort	=	0x00c1
                         000000C2   270 _g_MSXAudio_IndexPort2	=	0x00c2
                         000000C3   271 _g_MSXAudio_DataPort2	=	0x00c3
                         000000D8   272 _g_Kanji_Level1LowPort	=	0x00d8
                         000000D9   273 _g_Kanji_Level1HighPort	=	0x00d9
                         000000DA   274 _g_Kanji_Level2LowPort	=	0x00da
                         000000DB   275 _g_Kanji_Level2HighPort	=	0x00db
                                    276 ;--------------------------------------------------------
                                    277 ; ram data
                                    278 ;--------------------------------------------------------
                                    279 	.area _DATA
                         0000F3AE   280 _g_LINL40	=	0xf3ae
                         0000F3AF   281 _g_LINL32	=	0xf3af
                         0000F3B0   282 _g_LINLEN	=	0xf3b0
                         0000F3B1   283 _g_CRTCNT	=	0xf3b1
                         0000F3B2   284 _g_CLMLST	=	0xf3b2
                         0000F3B3   285 _g_TXTNAM	=	0xf3b3
                         0000F3B5   286 _g_TXTCOL	=	0xf3b5
                         0000F3B7   287 _g_TXTCGP	=	0xf3b7
                         0000F3B9   288 _g_TXTATR	=	0xf3b9
                         0000F3BB   289 _g_TXTPAT	=	0xf3bb
                         0000F3BD   290 _g_T32NAM	=	0xf3bd
                         0000F3BF   291 _g_T32COL	=	0xf3bf
                         0000F3C1   292 _g_T32CGP	=	0xf3c1
                         0000F3C3   293 _g_T32ATR	=	0xf3c3
                         0000F3C5   294 _g_T32PAT	=	0xf3c5
                         0000F3C7   295 _g_GRPNAM	=	0xf3c7
                         0000F3C9   296 _g_GRPCOL	=	0xf3c9
                         0000F3CB   297 _g_GRPCGP	=	0xf3cb
                         0000F3CD   298 _g_GRPATR	=	0xf3cd
                         0000F3CF   299 _g_GRPPAT	=	0xf3cf
                         0000F3D1   300 _g_MLTNAM	=	0xf3d1
                         0000F3D3   301 _g_MLTCOL	=	0xf3d3
                         0000F3D5   302 _g_MLTCGP	=	0xf3d5
                         0000F3D7   303 _g_MLTATR	=	0xf3d7
                         0000F3D9   304 _g_MLTPAT	=	0xf3d9
                         0000F3DB   305 _g_CLIKSW	=	0xf3db
                         0000F3DC   306 _g_CSRY	=	0xf3dc
                         0000F3DD   307 _g_CSRX	=	0xf3dd
                         0000F3E9   308 _g_FORCLR	=	0xf3e9
                         0000F3EA   309 _g_BAKCLR	=	0xf3ea
                         0000F3EB   310 _g_BDRCLR	=	0xf3eb
                         0000F3F2   311 _g_ATRBYT	=	0xf3f2
                         0000F3F8   312 _g_PUTPNT	=	0xf3f8
                         0000F3FA   313 _g_GETPNT	=	0xf3fa
                         0000F87F   314 _g_FNKSTR	=	0xf87f
                         0000F92A   315 _g_CLOC	=	0xf92a
                         0000F92C   316 _g_CMASK	=	0xf92c
                         0000FB02   317 _g_LOGOPR	=	0xfb02
                         0000FCB7   318 _g_GRPACX	=	0xfcb7
                         0000FCB9   319 _g_GRPACY	=	0xfcb9
                         0000FFFF   320 _g_SLTSL	=	0xffff
                         00000006   321 _DOS_TPAUpperAddr	=	0x0006
    00000000                        322 _g_SystemFont:
    00000000                        323 	.ds 2048
                                    324 ;--------------------------------------------------------
                                    325 ; ram data
                                    326 ;--------------------------------------------------------
                                    327 	.area _INITIALIZED
    00000000                        328 _state::
    00000000                        329 	.ds 1
    00000001                        330 _stateTimer::
    00000001                        331 	.ds 2
    00000003                        332 _frame::
    00000003                        333 	.ds 1
    00000004                        334 _timer::
    00000004                        335 	.ds 1
    00000005                        336 _flagY::
    00000005                        337 	.ds 1
                                    338 ;--------------------------------------------------------
                                    339 ; absolute ram data
                                    340 ;--------------------------------------------------------
                                    341 	.area _DABS (ABS)
                                    342 	.area _DABS (ABS)
                                    343 ;--------------------------------------------------------
                                    344 ; global & static initialisations
                                    345 ;--------------------------------------------------------
                                    346 	.area _HOME
                                    347 	.area _GSINIT
                                    348 	.area _GSFINAL
                                    349 	.area _GSINIT
                                    350 ;--------------------------------------------------------
                                    351 ; Home
                                    352 ;--------------------------------------------------------
                                    353 	.area _HOME
                                    354 	.area _HOME
                                    355 ;--------------------------------------------------------
                                    356 ; code
                                    357 ;--------------------------------------------------------
                                    358 	.area _CODE
                                    359 ;./antipiracyscreen.c:43: void LoadSystemFont()
                                    360 ;	---------------------------------
                                    361 ; Function LoadSystemFont
                                    362 ; ---------------------------------
    00000000                        363 _LoadSystemFont::
    00000000 DD E5            [15]  364 	push	ix
    00000002 DD 21 00 00      [14]  365 	ld	ix,	#0
    00000006 DD 39            [15]  366 	add	ix, sp
    00000008 F5               [11]  367 	push	af
    00000009 3B               [ 6]  368 	dec	sp
                                    369 ;./antipiracyscreen.c:45: u8 slot = *((u8*)0xF91F);
    0000000A 3A 1F F9         [13]  370 	ld	a, (#0xf91f)
    0000000D DD 77 FD         [19]  371 	ld	-3 (ix), a
                                    372 ;./antipiracyscreen.c:46: u16 addr = *((u16*)0xF920);
    00000010 ED 4B 20 F9      [20]  373 	ld	bc, (#0xf920)
                                    374 ;./antipiracyscreen.c:48: for(u16 i = 0; i < sizeof(g_SystemFont); ++i)
    00000014 21 00 00         [10]  375 	ld	hl, #0x0000
    00000017                        376 00104$:
    00000017 7C               [ 4]  377 	ld	a, h
    00000018 D6 08            [ 7]  378 	sub	a, #0x08
    0000001A 30 27            [12]  379 	jr	nc, 00101$
                                    380 ;./antipiracyscreen.c:50: g_SystemFont[i] = BIOS_InterSlotRead(slot, addr + i);
    0000001C 7D               [ 4]  381 	ld	a, l
    0000001D C6r00            [ 7]  382 	add	a, #<(_g_SystemFont)
    0000001F DD 77 FE         [19]  383 	ld	-2 (ix), a
    00000022 7C               [ 4]  384 	ld	a, h
    00000023 CEs00            [ 7]  385 	adc	a, #>(_g_SystemFont)
    00000025 DD 77 FF         [19]  386 	ld	-1 (ix), a
    00000028 79               [ 4]  387 	ld	a, c
    00000029 85               [ 4]  388 	add	a, l
    0000002A 5F               [ 4]  389 	ld	e, a
    0000002B 78               [ 4]  390 	ld	a, b
    0000002C 8C               [ 4]  391 	adc	a, h
    0000002D E5               [11]  392 	push	hl
    0000002E C5               [11]  393 	push	bc
    0000002F 57               [ 4]  394 	ld	d, a
    00000030 DD 7E FD         [19]  395 	ld	a, -3 (ix)
    00000033 CDr00r00         [17]  396 	call	_BIOS_InterSlotRead
    00000036 C1               [10]  397 	pop	bc
    00000037 DD 6E FE         [19]  398 	ld	l, -2 (ix)
    0000003A DD 66 FF         [19]  399 	ld	h, -1 (ix)
    0000003D 77               [ 7]  400 	ld	(hl), a
    0000003E E1               [10]  401 	pop	hl
                                    402 ;./antipiracyscreen.c:48: for(u16 i = 0; i < sizeof(g_SystemFont); ++i)
    0000003F 23               [ 6]  403 	inc	hl
    00000040 C3r17r00         [10]  404 	jp	00104$
    00000043                        405 00101$:
                                    406 ;./antipiracyscreen.c:58: );
    00000043 01r08r00         [10]  407 	ld	bc, #(_g_SystemFont + 8)
                                    408 ;C:\Users\Jummy\Downloads\MSXgl-1.5.0b\engine/src/print.h:242: PRINT_DATA.PatternX     = patternX;
    00000046 21r00r00         [10]  409 	ld	hl, #_g_PrintData
    00000049 36 08            [10]  410 	ld	(hl), #0x08
                                    411 ;C:\Users\Jummy\Downloads\MSXgl-1.5.0b\engine/src/print.h:243: PRINT_DATA.PatternY     = patternY;
    0000004B 11r01r00         [10]  412 	ld	de, #_g_PrintData + 1
    0000004E 3E 08            [ 7]  413 	ld	a, #0x08
    00000050 12               [ 7]  414 	ld	(de), a
                                    415 ;C:\Users\Jummy\Downloads\MSXgl-1.5.0b\engine/src/print.h:244: PRINT_DATA.UnitX        = sizeX;
    00000051 21r02r00         [10]  416 	ld	hl, #_g_PrintData + 2
    00000054 36 06            [10]  417 	ld	(hl), #0x06
                                    418 ;C:\Users\Jummy\Downloads\MSXgl-1.5.0b\engine/src/print.h:245: PRINT_DATA.UnitY        = sizeY;
    00000056 21r03r00         [10]  419 	ld	hl, #_g_PrintData + 3
    00000059 36 08            [10]  420 	ld	(hl), #0x08
                                    421 ;C:\Users\Jummy\Downloads\MSXgl-1.5.0b\engine/src/print.h:246: PRINT_DATA.CharFirst    = firstChr;
    0000005B 21r15r00         [10]  422 	ld	hl, #_g_PrintData + 21
    0000005E 36 01            [10]  423 	ld	(hl), #0x01
                                    424 ;C:\Users\Jummy\Downloads\MSXgl-1.5.0b\engine/src/print.h:247: PRINT_DATA.CharLast     = lastChr;
    00000060 21r16r00         [10]  425 	ld	hl, #_g_PrintData + 22
    00000063 36 FF            [10]  426 	ld	(hl), #0xff
                                    427 ;C:\Users\Jummy\Downloads\MSXgl-1.5.0b\engine/src/print.h:248: PRINT_DATA.CharCount    = lastChr - firstChr + 1;
    00000065 21r17r00         [10]  428 	ld	hl, #_g_PrintData + 23
    00000068 36 FF            [10]  429 	ld	(hl), #0xff
                                    430 ;C:\Users\Jummy\Downloads\MSXgl-1.5.0b\engine/src/print.h:249: PRINT_DATA.FontPatterns = patterns;
    0000006A ED 43r1Dr00      [20]  431 	ld	((_g_PrintData + 29)), bc
                                    432 ;C:\Users\Jummy\Downloads\MSXgl-1.5.0b\engine/src/print.h:250: PRINT_DATA.FontAddr     = PRINT_DATA.FontPatterns - (firstChr * PRINT_DATA.PatternY); // pre-compute address of the virtual index 0 character (used to quick drawing in PutChar_GX functions)
    0000006E 1A               [ 7]  433 	ld	a, (de)
    0000006F 5F               [ 4]  434 	ld	e, a
    00000070 79               [ 4]  435 	ld	a, c
    00000071 93               [ 4]  436 	sub	a, e
    00000072 6F               [ 4]  437 	ld	l, a
    00000073 78               [ 4]  438 	ld	a, b
    00000074 DE 00            [ 7]  439 	sbc	a, #0x00
    00000076 67               [ 4]  440 	ld	h, a
    00000077 22r1Fr00         [16]  441 	ld	((_g_PrintData + 31)), hl
                                    442 ;./antipiracyscreen.c:60: Print_SetMode(PRINT_MODE_BITMAP);
    0000007A AF               [ 4]  443 	xor	a, a
    0000007B CDr00r00         [17]  444 	call	_Print_SetMode
                                    445 ;./antipiracyscreen.c:61: Print_Initialize();
    0000007E CDr00r00         [17]  446 	call	_Print_Initialize
                                    447 ;./antipiracyscreen.c:62: }
    00000081 DD F9            [10]  448 	ld	sp, ix
    00000083 DD E1            [14]  449 	pop	ix
    00000085 C9               [10]  450 	ret
                         0000F380   451 _g_RDPRIM	=	0xf380
                         0000F385   452 _g_WRPRIM	=	0xf385
                         0000F38C   453 _g_CLPRIM	=	0xf38c
                         0000F39A   454 _g_USRTAB	=	0xf39a
                         0000F3DE   455 _g_CNSDFG	=	0xf3de
                         0000F3DF   456 _g_RG0SAV	=	0xf3df
                         0000F3E0   457 _g_RG1SAV	=	0xf3e0
                         0000F3E1   458 _g_RG2SAV	=	0xf3e1
                         0000F3E2   459 _g_RG3SAV	=	0xf3e2
                         0000F3E3   460 _g_RG4SAV	=	0xf3e3
                         0000F3E4   461 _g_RG5SAV	=	0xf3e4
                         0000F3E5   462 _g_RG6SAV	=	0xf3e5
                         0000F3E6   463 _g_RG7SAV	=	0xf3e6
                         0000F3E7   464 _g_STATFL	=	0xf3e7
                         0000F3E8   465 _g_TRGFLG	=	0xf3e8
                         0000F3EC   466 _g_MAXUPD	=	0xf3ec
                         0000F3EF   467 _g_MINUPD	=	0xf3ef
                         0000F3F3   468 _g_QUEUES	=	0xf3f3
                         0000F3F5   469 _g_FRCNEW	=	0xf3f5
                         0000F3F6   470 _g_SCNCNT	=	0xf3f6
                         0000F3F7   471 _g_REPCNT	=	0xf3f7
                         0000F3FC   472 _g_CS120	=	0xf3fc
                         0000F401   473 _g_CS240	=	0xf401
                         0000F406   474 _g_LOW	=	0xf406
                         0000F408   475 _g_HIGH	=	0xf408
                         0000F40A   476 _g_HEADER	=	0xf40a
                         0000F40B   477 _g_ASPCT1	=	0xf40b
                         0000F40D   478 _g_ASPCT2	=	0xf40d
                         0000F959   479 _g_QUETAB	=	0xf959
                         0000F971   480 _g_QUEBAK	=	0xf971
                         0000F975   481 _g_VOICAQ	=	0xf975
                         0000F9F5   482 _g_VOICBQ	=	0xf9f5
                         0000FA75   483 _g_VOICCQ	=	0xfa75
                         0000FAF5   484 _g_RS2IQ	=	0xfaf5
                         0000FAF5   485 _g_DPPAGE	=	0xfaf5
                         0000FAF6   486 _g_ACPAGE	=	0xfaf6
                         0000FAF7   487 _g_AVCSAV	=	0xfaf7
                         0000FAF8   488 _g_EXBRSA	=	0xfaf8
                         0000FAF9   489 _g_CHRCNT	=	0xfaf9
                         0000FAFA   490 _g_ROMA	=	0xfafa
                         0000FAFC   491 _g_MODE	=	0xfafc
                         0000FAFD   492 _g_NORUSE	=	0xfafd
                         0000FAFE   493 _g_XSAVE	=	0xfafe
                         0000FB00   494 _g_YSAVE	=	0xfb00
                         0000FB03   495 _g_RSTMP	=	0xfb03
                         0000FB03   496 _g_TOCNT	=	0xfb03
                         0000FB04   497 _g_RSFCB	=	0xfb04
                         0000FB06   498 _g_RSIQLN	=	0xfb06
                         0000FB07   499 _g_MEXBIh	=	0xfb07
                         0000FB0C   500 _g_OLDSTT	=	0xfb0c
                         0000FB0C   501 _g_OLDINT	=	0xfb0c
                         0000FB16   502 _g_DEVNUM	=	0xfb16
                         0000FB17   503 _g_DATCNT	=	0xfb17
                         0000FB1A   504 _g_ERRORS	=	0xfb1a
                         0000FB1B   505 _g_FLAGS	=	0xfb1b
                         0000FB1C   506 _g_ESTBLS	=	0xfb1c
                         0000FB1D   507 _g_COMMSK	=	0xfb1d
                         0000FB1E   508 _g_LSTCOM	=	0xfb1e
                         0000FB1F   509 _g_LSTMOD	=	0xfb1f
                         0000FB35   510 _g_PRSCNT	=	0xfb35
                         0000FB36   511 _g_SAVSP	=	0xfb36
                         0000FB38   512 _g_VOICEN	=	0xfb38
                         0000FB39   513 _g_SAVVOL	=	0xfb39
                         0000FB3B   514 _g_MCLLEN	=	0xfb3b
                         0000FB3C   515 _g_MCLPTR	=	0xfb3c
                         0000FB3E   516 _g_QUEUEN	=	0xfb3e
                         0000FB3F   517 _g_MUSICF	=	0xfb3f
                         0000FB40   518 _g_PLYCNT	=	0xfb40
                         0000FB41   519 _g_VCBA	=	0xfb41
                         0000FB66   520 _g_VCBB	=	0xfb66
                         0000FB8B   521 _g_VCBC	=	0xfb8b
                         0000FBB0   522 _g_ENSTOP	=	0xfbb0
                         0000FBB1   523 _g_BASROM	=	0xfbb1
                         0000FBB2   524 _g_LINTTB	=	0xfbb2
                         0000FBCA   525 _g_FSTPOS	=	0xfbca
                         0000FBCC   526 _g_CODSAV	=	0xfbcc
                         0000FBCD   527 _g_FNKSWI	=	0xfbcd
                         0000FBCE   528 _g_FNKFLG	=	0xfbce
                         0000FBD8   529 _g_ONGSBF	=	0xfbd8
                         0000FBD9   530 _g_CLIKFL	=	0xfbd9
                         0000FBDA   531 _g_OLDKEY	=	0xfbda
                         0000FBE5   532 _g_NEWKEY	=	0xfbe5
                         0000FBF0   533 _g_KEYBUF	=	0xfbf0
                         0000FC18   534 _g_LINWRK	=	0xfc18
                         0000FC40   535 _g_PATWRK	=	0xfc40
                         0000FC48   536 _g_BOTTOM	=	0xfc48
                         0000FC4A   537 _g_HIMEM	=	0xfc4a
                         0000FC4C   538 _g_TRPTBL	=	0xfc4c
                         0000FC9A   539 _g_RTYCNT	=	0xfc9a
                         0000FC9B   540 _g_INTFLG	=	0xfc9b
                         0000FC9C   541 _g_PADY	=	0xfc9c
                         0000FC9D   542 _g_PADX	=	0xfc9d
                         0000FC9E   543 _g_JIFFY	=	0xfc9e
                         0000FCA0   544 _g_INTVAL	=	0xfca0
                         0000FCA2   545 _g_INTCNT	=	0xfca2
                         0000FCA4   546 _g_LOWLIM	=	0xfca4
                         0000FCA5   547 _g_WINWID	=	0xfca5
                         0000FCA6   548 _g_GRPHED	=	0xfca6
                         0000FCA7   549 _g_ESCCNT	=	0xfca7
                         0000FCA8   550 _g_INSFLG	=	0xfca8
                         0000FCA9   551 _g_CSRSW	=	0xfca9
                         0000FCAA   552 _g_CSTYLE	=	0xfcaa
                         0000FCAB   553 _g_CAPST	=	0xfcab
                         0000FCAC   554 _g_KANAST	=	0xfcac
                         0000FCAD   555 _g_KANAMD	=	0xfcad
                         0000FCAE   556 _g_FLBMEM	=	0xfcae
                         0000FCAF   557 _g_SCRMOD	=	0xfcaf
                         0000FCB0   558 _g_OLDSCR	=	0xfcb0
                         0000FCB1   559 _g_CASPRV	=	0xfcb1
                         0000FCB2   560 _g_BRDATR	=	0xfcb2
                         0000FCB3   561 _g_GXPOS	=	0xfcb3
                         0000FCB5   562 _g_GYPOS	=	0xfcb5
                         0000FCBB   563 _g_DRWFLG	=	0xfcbb
                         0000FCBC   564 _g_DRWSCL	=	0xfcbc
                         0000FCBD   565 _g_DRWANG	=	0xfcbd
                         0000FCC1   566 _g_MNROM	=	0xfcc1
                         0000FCC1   567 _g_EXPTBL	=	0xfcc1
                         0000FCC5   568 _g_SLTTBL	=	0xfcc5
                         0000FCC9   569 _g_SLTATR	=	0xfcc9
                         0000FD09   570 _g_SLTWRK	=	0xfd09
                         0000FD89   571 _g_PROCNM	=	0xfd89
                         0000FFE7   572 _g_RG08SAV	=	0xffe7
                         0000FFE8   573 _g_RG09SAV	=	0xffe8
                         0000FFE9   574 _g_RG10SAV	=	0xffe9
                         0000FFEA   575 _g_RG11SAV	=	0xffea
                         0000FFEB   576 _g_RG12SAV	=	0xffeb
                         0000FFEC   577 _g_RG13SAV	=	0xffec
                         0000FFED   578 _g_RG14SAV	=	0xffed
                         0000FFEE   579 _g_RG15SAV	=	0xffee
                         0000FFEF   580 _g_RG16SAV	=	0xffef
                         0000FFF0   581 _g_RG17SAV	=	0xfff0
                         0000FFF1   582 _g_RG18SAV	=	0xfff1
                         0000FFF2   583 _g_RG19SAV	=	0xfff2
                         0000FFF3   584 _g_RG20SAV	=	0xfff3
                         0000FFF4   585 _g_RG21SAV	=	0xfff4
                         0000FFF5   586 _g_RG22SAV	=	0xfff5
                         0000FFF6   587 _g_RG23SAV	=	0xfff6
                         0000FFF7   588 _g_MINROM	=	0xfff7
                         0000FFF8   589 _g_SVFFF8	=	0xfff8
                         0000FFFA   590 _g_RG25SAV	=	0xfffa
                         0000FFFB   591 _g_RG26SAV	=	0xfffb
                         0000FFFC   592 _g_RG27SAV	=	0xfffc
                         0000FFFD   593 _g_SVFFFD	=	0xfffd
                         00000004   594 _g_CGTABL	=	0x0004
                         00000006   595 _g_VDP_DR	=	0x0006
                         00000007   596 _g_VDP_DW	=	0x0007
                         0000002B   597 _g_BASRVN	=	0x002b
                         0000002B   598 _g_ROMVersion	=	0x002b
                         0000002D   599 _g_MSXVER	=	0x002d
                         0000002E   600 _g_MSXMID	=	0x002e
                         00000034   601 _g_CHAR_16	=	0x0034
    00000086                        602 ___str_0:
    00000086 0A                     603 	.db 0x0a
    00000087 0D                     604 	.db 0x0d
    00000088 24                     605 	.ascii "$"
    00000089 00                     606 	.db 0x00
                         00000000   607 _g_SUBRID	=	0x0000
                         00000002   608 _g_STRSRC	=	0x0002
                         0000F30F   609 _g_KANJTABLE	=	0xf30f
                         0000F323   610 _g_DISKVE	=	0xf323
                         0000F325   611 _g_BREAKV	=	0xf325
                         0000F341   612 _g_RAMAD0	=	0xf341
                         0000F342   613 _g_RAMAD1	=	0xf342
                         0000F343   614 _g_RAMAD2	=	0xf343
                         0000F344   615 _g_RAMAD3	=	0xf344
                         0000F348   616 _g_MASTER	=	0xf348
                         0000F37D   617 _g_BDOS	=	0xf37d
    0000008A                        618 _Flags:
    0000008A 11                     619 	.db #0x11	; 17
    0000008B 11                     620 	.db #0x11	; 17
    0000008C 11                     621 	.db #0x11	; 17
    0000008D 11                     622 	.db #0x11	; 17
    0000008E 11                     623 	.db #0x11	; 17
    0000008F 11                     624 	.db #0x11	; 17
    00000090 11                     625 	.db #0x11	; 17
    00000091 11                     626 	.db #0x11	; 17
    00000092 11                     627 	.db #0x11	; 17
    00000093 11                     628 	.db #0x11	; 17
    00000094 11                     629 	.db #0x11	; 17
    00000095 11                     630 	.db #0x11	; 17
    00000096 11                     631 	.db #0x11	; 17
    00000097 11                     632 	.db #0x11	; 17
    00000098 11                     633 	.db #0x11	; 17
    00000099 11                     634 	.db #0x11	; 17
    0000009A 11                     635 	.db #0x11	; 17
    0000009B 11                     636 	.db #0x11	; 17
    0000009C 11                     637 	.db #0x11	; 17
    0000009D 11                     638 	.db #0x11	; 17
    0000009E 11                     639 	.db #0x11	; 17
    0000009F 11                     640 	.db #0x11	; 17
    000000A0 11                     641 	.db #0x11	; 17
    000000A1 11                     642 	.db #0x11	; 17
    000000A2 11                     643 	.db #0x11	; 17
    000000A3 11                     644 	.db #0x11	; 17
    000000A4 11                     645 	.db #0x11	; 17
    000000A5 11                     646 	.db #0x11	; 17
    000000A6 11                     647 	.db #0x11	; 17
    000000A7 11                     648 	.db #0x11	; 17
    000000A8 11                     649 	.db #0x11	; 17
    000000A9 11                     650 	.db #0x11	; 17
    000000AA 11                     651 	.db #0x11	; 17
    000000AB 11                     652 	.db #0x11	; 17
    000000AC 11                     653 	.db #0x11	; 17
    000000AD 11                     654 	.db #0x11	; 17
    000000AE 11                     655 	.db #0x11	; 17
    000000AF 11                     656 	.db #0x11	; 17
    000000B0 11                     657 	.db #0x11	; 17
    000000B1 11                     658 	.db #0x11	; 17
    000000B2 11                     659 	.db #0x11	; 17
    000000B3 11                     660 	.db #0x11	; 17
    000000B4 11                     661 	.db #0x11	; 17
    000000B5 11                     662 	.db #0x11	; 17
    000000B6 11                     663 	.db #0x11	; 17
    000000B7 11                     664 	.db #0x11	; 17
    000000B8 11                     665 	.db #0x11	; 17
    000000B9 11                     666 	.db #0x11	; 17
    000000BA 11                     667 	.db #0x11	; 17
    000000BB 11                     668 	.db #0x11	; 17
    000000BC 11                     669 	.db #0x11	; 17
    000000BD 11                     670 	.db #0x11	; 17
    000000BE 11                     671 	.db #0x11	; 17
    000000BF 11                     672 	.db #0x11	; 17
    000000C0 11                     673 	.db #0x11	; 17
    000000C1 11                     674 	.db #0x11	; 17
    000000C2 11                     675 	.db #0x11	; 17
    000000C3 11                     676 	.db #0x11	; 17
    000000C4 11                     677 	.db #0x11	; 17
    000000C5 11                     678 	.db #0x11	; 17
    000000C6 11                     679 	.db #0x11	; 17
    000000C7 11                     680 	.db #0x11	; 17
    000000C8 11                     681 	.db #0x11	; 17
    000000C9 11                     682 	.db #0x11	; 17
    000000CA 11                     683 	.db #0x11	; 17
    000000CB 11                     684 	.db #0x11	; 17
    000000CC 11                     685 	.db #0x11	; 17
    000000CD 11                     686 	.db #0x11	; 17
    000000CE 11                     687 	.db #0x11	; 17
    000000CF 11                     688 	.db #0x11	; 17
    000000D0 11                     689 	.db #0x11	; 17
    000000D1 11                     690 	.db #0x11	; 17
    000000D2 11                     691 	.db #0x11	; 17
    000000D3 11                     692 	.db #0x11	; 17
    000000D4 10                     693 	.db #0x10	; 16
    000000D5 00                     694 	.db #0x00	; 0
    000000D6 00                     695 	.db #0x00	; 0
    000000D7 00                     696 	.db #0x00	; 0
    000000D8 00                     697 	.db #0x00	; 0
    000000D9 00                     698 	.db #0x00	; 0
    000000DA 11                     699 	.db #0x11	; 17
    000000DB 11                     700 	.db #0x11	; 17
    000000DC 11                     701 	.db #0x11	; 17
    000000DD 11                     702 	.db #0x11	; 17
    000000DE 11                     703 	.db #0x11	; 17
    000000DF 11                     704 	.db #0x11	; 17
    000000E0 11                     705 	.db #0x11	; 17
    000000E1 11                     706 	.db #0x11	; 17
    000000E2 11                     707 	.db #0x11	; 17
    000000E3 11                     708 	.db #0x11	; 17
    000000E4 11                     709 	.db #0x11	; 17
    000000E5 11                     710 	.db #0x11	; 17
    000000E6 11                     711 	.db #0x11	; 17
    000000E7 11                     712 	.db #0x11	; 17
    000000E8 11                     713 	.db #0x11	; 17
    000000E9 11                     714 	.db #0x11	; 17
    000000EA 11                     715 	.db #0x11	; 17
    000000EB 11                     716 	.db #0x11	; 17
    000000EC 11                     717 	.db #0x11	; 17
    000000ED 11                     718 	.db #0x11	; 17
    000000EE 11                     719 	.db #0x11	; 17
    000000EF 11                     720 	.db #0x11	; 17
    000000F0 11                     721 	.db #0x11	; 17
    000000F1 11                     722 	.db #0x11	; 17
    000000F2 11                     723 	.db #0x11	; 17
    000000F3 11                     724 	.db #0x11	; 17
    000000F4 11                     725 	.db #0x11	; 17
    000000F5 11                     726 	.db #0x11	; 17
    000000F6 11                     727 	.db #0x11	; 17
    000000F7 11                     728 	.db #0x11	; 17
    000000F8 11                     729 	.db #0x11	; 17
    000000F9 11                     730 	.db #0x11	; 17
    000000FA 11                     731 	.db #0x11	; 17
    000000FB 11                     732 	.db #0x11	; 17
    000000FC 11                     733 	.db #0x11	; 17
    000000FD 11                     734 	.db #0x11	; 17
    000000FE 11                     735 	.db #0x11	; 17
    000000FF 11                     736 	.db #0x11	; 17
    00000100 11                     737 	.db #0x11	; 17
    00000101 11                     738 	.db #0x11	; 17
    00000102 11                     739 	.db #0x11	; 17
    00000103 11                     740 	.db #0x11	; 17
    00000104 11                     741 	.db #0x11	; 17
    00000105 11                     742 	.db #0x11	; 17
    00000106 11                     743 	.db #0x11	; 17
    00000107 11                     744 	.db #0x11	; 17
    00000108 11                     745 	.db #0x11	; 17
    00000109 11                     746 	.db #0x11	; 17
    0000010A 11                     747 	.db #0x11	; 17
    0000010B 11                     748 	.db #0x11	; 17
    0000010C 11                     749 	.db #0x11	; 17
    0000010D 11                     750 	.db #0x11	; 17
    0000010E 11                     751 	.db #0x11	; 17
    0000010F 11                     752 	.db #0x11	; 17
    00000110 11                     753 	.db #0x11	; 17
    00000111 11                     754 	.db #0x11	; 17
    00000112 11                     755 	.db #0x11	; 17
    00000113 11                     756 	.db #0x11	; 17
    00000114 11                     757 	.db #0x11	; 17
    00000115 11                     758 	.db #0x11	; 17
    00000116 11                     759 	.db #0x11	; 17
    00000117 11                     760 	.db #0x11	; 17
    00000118 11                     761 	.db #0x11	; 17
    00000119 11                     762 	.db #0x11	; 17
    0000011A 11                     763 	.db #0x11	; 17
    0000011B 11                     764 	.db #0x11	; 17
    0000011C 11                     765 	.db #0x11	; 17
    0000011D 11                     766 	.db #0x11	; 17
    0000011E 11                     767 	.db #0x11	; 17
    0000011F 11                     768 	.db #0x11	; 17
    00000120 11                     769 	.db #0x11	; 17
    00000121 11                     770 	.db #0x11	; 17
    00000122 11                     771 	.db #0x11	; 17
    00000123 11                     772 	.db #0x11	; 17
    00000124 11                     773 	.db #0x11	; 17
    00000125 11                     774 	.db #0x11	; 17
    00000126 11                     775 	.db #0x11	; 17
    00000127 11                     776 	.db #0x11	; 17
    00000128 11                     777 	.db #0x11	; 17
    00000129 11                     778 	.db #0x11	; 17
    0000012A 11                     779 	.db #0x11	; 17
    0000012B 11                     780 	.db #0x11	; 17
    0000012C 11                     781 	.db #0x11	; 17
    0000012D 11                     782 	.db #0x11	; 17
    0000012E 11                     783 	.db #0x11	; 17
    0000012F 11                     784 	.db #0x11	; 17
    00000130 11                     785 	.db #0x11	; 17
    00000131 11                     786 	.db #0x11	; 17
    00000132 11                     787 	.db #0x11	; 17
    00000133 11                     788 	.db #0x11	; 17
    00000134 11                     789 	.db #0x11	; 17
    00000135 11                     790 	.db #0x11	; 17
    00000136 11                     791 	.db #0x11	; 17
    00000137 11                     792 	.db #0x11	; 17
    00000138 11                     793 	.db #0x11	; 17
    00000139 11                     794 	.db #0x11	; 17
    0000013A 11                     795 	.db #0x11	; 17
    0000013B 11                     796 	.db #0x11	; 17
    0000013C 11                     797 	.db #0x11	; 17
    0000013D 11                     798 	.db #0x11	; 17
    0000013E 11                     799 	.db #0x11	; 17
    0000013F 11                     800 	.db #0x11	; 17
    00000140 11                     801 	.db #0x11	; 17
    00000141 11                     802 	.db #0x11	; 17
    00000142 10                     803 	.db #0x10	; 16
    00000143 00                     804 	.db #0x00	; 0
    00000144 00                     805 	.db #0x00	; 0
    00000145 00                     806 	.db #0x00	; 0
    00000146 00                     807 	.db #0x00	; 0
    00000147 00                     808 	.db #0x00	; 0
    00000148 00                     809 	.db #0x00	; 0
    00000149 00                     810 	.db #0x00	; 0
    0000014A 00                     811 	.db #0x00	; 0
    0000014B 01                     812 	.db #0x01	; 1
    0000014C 11                     813 	.db #0x11	; 17
    0000014D 11                     814 	.db #0x11	; 17
    0000014E 11                     815 	.db #0x11	; 17
    0000014F 11                     816 	.db #0x11	; 17
    00000150 11                     817 	.db #0x11	; 17
    00000151 11                     818 	.db #0x11	; 17
    00000152 11                     819 	.db #0x11	; 17
    00000153 11                     820 	.db #0x11	; 17
    00000154 11                     821 	.db #0x11	; 17
    00000155 11                     822 	.db #0x11	; 17
    00000156 11                     823 	.db #0x11	; 17
    00000157 11                     824 	.db #0x11	; 17
    00000158 11                     825 	.db #0x11	; 17
    00000159 11                     826 	.db #0x11	; 17
    0000015A 11                     827 	.db #0x11	; 17
    0000015B 11                     828 	.db #0x11	; 17
    0000015C 11                     829 	.db #0x11	; 17
    0000015D 11                     830 	.db #0x11	; 17
    0000015E 11                     831 	.db #0x11	; 17
    0000015F 11                     832 	.db #0x11	; 17
    00000160 11                     833 	.db #0x11	; 17
    00000161 11                     834 	.db #0x11	; 17
    00000162 11                     835 	.db #0x11	; 17
    00000163 11                     836 	.db #0x11	; 17
    00000164 11                     837 	.db #0x11	; 17
    00000165 11                     838 	.db #0x11	; 17
    00000166 11                     839 	.db #0x11	; 17
    00000167 11                     840 	.db #0x11	; 17
    00000168 11                     841 	.db #0x11	; 17
    00000169 11                     842 	.db #0x11	; 17
    0000016A 11                     843 	.db #0x11	; 17
    0000016B 11                     844 	.db #0x11	; 17
    0000016C 11                     845 	.db #0x11	; 17
    0000016D 11                     846 	.db #0x11	; 17
    0000016E 11                     847 	.db #0x11	; 17
    0000016F 11                     848 	.db #0x11	; 17
    00000170 11                     849 	.db #0x11	; 17
    00000171 11                     850 	.db #0x11	; 17
    00000172 11                     851 	.db #0x11	; 17
    00000173 11                     852 	.db #0x11	; 17
    00000174 11                     853 	.db #0x11	; 17
    00000175 11                     854 	.db #0x11	; 17
    00000176 11                     855 	.db #0x11	; 17
    00000177 11                     856 	.db #0x11	; 17
    00000178 11                     857 	.db #0x11	; 17
    00000179 11                     858 	.db #0x11	; 17
    0000017A 11                     859 	.db #0x11	; 17
    0000017B 11                     860 	.db #0x11	; 17
    0000017C 11                     861 	.db #0x11	; 17
    0000017D 11                     862 	.db #0x11	; 17
    0000017E 11                     863 	.db #0x11	; 17
    0000017F 11                     864 	.db #0x11	; 17
    00000180 11                     865 	.db #0x11	; 17
    00000181 11                     866 	.db #0x11	; 17
    00000182 11                     867 	.db #0x11	; 17
    00000183 11                     868 	.db #0x11	; 17
    00000184 11                     869 	.db #0x11	; 17
    00000185 11                     870 	.db #0x11	; 17
    00000186 11                     871 	.db #0x11	; 17
    00000187 11                     872 	.db #0x11	; 17
    00000188 11                     873 	.db #0x11	; 17
    00000189 11                     874 	.db #0x11	; 17
    0000018A 11                     875 	.db #0x11	; 17
    0000018B 11                     876 	.db #0x11	; 17
    0000018C 11                     877 	.db #0x11	; 17
    0000018D 11                     878 	.db #0x11	; 17
    0000018E 11                     879 	.db #0x11	; 17
    0000018F 11                     880 	.db #0x11	; 17
    00000190 11                     881 	.db #0x11	; 17
    00000191 11                     882 	.db #0x11	; 17
    00000192 11                     883 	.db #0x11	; 17
    00000193 11                     884 	.db #0x11	; 17
    00000194 11                     885 	.db #0x11	; 17
    00000195 11                     886 	.db #0x11	; 17
    00000196 11                     887 	.db #0x11	; 17
    00000197 11                     888 	.db #0x11	; 17
    00000198 11                     889 	.db #0x11	; 17
    00000199 11                     890 	.db #0x11	; 17
    0000019A 11                     891 	.db #0x11	; 17
    0000019B 11                     892 	.db #0x11	; 17
    0000019C 11                     893 	.db #0x11	; 17
    0000019D 11                     894 	.db #0x11	; 17
    0000019E 11                     895 	.db #0x11	; 17
    0000019F 11                     896 	.db #0x11	; 17
    000001A0 11                     897 	.db #0x11	; 17
    000001A1 11                     898 	.db #0x11	; 17
    000001A2 11                     899 	.db #0x11	; 17
    000001A3 11                     900 	.db #0x11	; 17
    000001A4 11                     901 	.db #0x11	; 17
    000001A5 11                     902 	.db #0x11	; 17
    000001A6 11                     903 	.db #0x11	; 17
    000001A7 11                     904 	.db #0x11	; 17
    000001A8 11                     905 	.db #0x11	; 17
    000001A9 11                     906 	.db #0x11	; 17
    000001AA 11                     907 	.db #0x11	; 17
    000001AB 11                     908 	.db #0x11	; 17
    000001AC 11                     909 	.db #0x11	; 17
    000001AD 11                     910 	.db #0x11	; 17
    000001AE 11                     911 	.db #0x11	; 17
    000001AF 11                     912 	.db #0x11	; 17
    000001B0 10                     913 	.db #0x10	; 16
    000001B1 00                     914 	.db #0x00	; 0
    000001B2 00                     915 	.db #0x00	; 0
    000001B3 00                     916 	.db #0x00	; 0
    000001B4 00                     917 	.db #0x00	; 0
    000001B5 00                     918 	.db #0x00	; 0
    000001B6 00                     919 	.db #0x00	; 0
    000001B7 00                     920 	.db #0x00	; 0
    000001B8 00                     921 	.db #0x00	; 0
    000001B9 00                     922 	.db #0x00	; 0
    000001BA 00                     923 	.db #0x00	; 0
    000001BB 00                     924 	.db #0x00	; 0
    000001BC 11                     925 	.db #0x11	; 17
    000001BD 11                     926 	.db #0x11	; 17
    000001BE 11                     927 	.db #0x11	; 17
    000001BF 11                     928 	.db #0x11	; 17
    000001C0 11                     929 	.db #0x11	; 17
    000001C1 11                     930 	.db #0x11	; 17
    000001C2 11                     931 	.db #0x11	; 17
    000001C3 11                     932 	.db #0x11	; 17
    000001C4 11                     933 	.db #0x11	; 17
    000001C5 11                     934 	.db #0x11	; 17
    000001C6 11                     935 	.db #0x11	; 17
    000001C7 11                     936 	.db #0x11	; 17
    000001C8 11                     937 	.db #0x11	; 17
    000001C9 11                     938 	.db #0x11	; 17
    000001CA 11                     939 	.db #0x11	; 17
    000001CB 11                     940 	.db #0x11	; 17
    000001CC 11                     941 	.db #0x11	; 17
    000001CD 11                     942 	.db #0x11	; 17
    000001CE 11                     943 	.db #0x11	; 17
    000001CF 11                     944 	.db #0x11	; 17
    000001D0 11                     945 	.db #0x11	; 17
    000001D1 11                     946 	.db #0x11	; 17
    000001D2 11                     947 	.db #0x11	; 17
    000001D3 11                     948 	.db #0x11	; 17
    000001D4 11                     949 	.db #0x11	; 17
    000001D5 11                     950 	.db #0x11	; 17
    000001D6 11                     951 	.db #0x11	; 17
    000001D7 11                     952 	.db #0x11	; 17
    000001D8 11                     953 	.db #0x11	; 17
    000001D9 11                     954 	.db #0x11	; 17
    000001DA 11                     955 	.db #0x11	; 17
    000001DB 11                     956 	.db #0x11	; 17
    000001DC 11                     957 	.db #0x11	; 17
    000001DD 11                     958 	.db #0x11	; 17
    000001DE 11                     959 	.db #0x11	; 17
    000001DF 11                     960 	.db #0x11	; 17
    000001E0 11                     961 	.db #0x11	; 17
    000001E1 11                     962 	.db #0x11	; 17
    000001E2 11                     963 	.db #0x11	; 17
    000001E3 11                     964 	.db #0x11	; 17
    000001E4 11                     965 	.db #0x11	; 17
    000001E5 11                     966 	.db #0x11	; 17
    000001E6 11                     967 	.db #0x11	; 17
    000001E7 11                     968 	.db #0x11	; 17
    000001E8 11                     969 	.db #0x11	; 17
    000001E9 11                     970 	.db #0x11	; 17
    000001EA 11                     971 	.db #0x11	; 17
    000001EB 11                     972 	.db #0x11	; 17
    000001EC 11                     973 	.db #0x11	; 17
    000001ED 11                     974 	.db #0x11	; 17
    000001EE 11                     975 	.db #0x11	; 17
    000001EF 11                     976 	.db #0x11	; 17
    000001F0 11                     977 	.db #0x11	; 17
    000001F1 11                     978 	.db #0x11	; 17
    000001F2 11                     979 	.db #0x11	; 17
    000001F3 11                     980 	.db #0x11	; 17
    000001F4 10                     981 	.db #0x10	; 16
    000001F5 01                     982 	.db #0x01	; 1
    000001F6 11                     983 	.db #0x11	; 17
    000001F7 11                     984 	.db #0x11	; 17
    000001F8 11                     985 	.db #0x11	; 17
    000001F9 11                     986 	.db #0x11	; 17
    000001FA 11                     987 	.db #0x11	; 17
    000001FB 11                     988 	.db #0x11	; 17
    000001FC 11                     989 	.db #0x11	; 17
    000001FD 11                     990 	.db #0x11	; 17
    000001FE 11                     991 	.db #0x11	; 17
    000001FF 11                     992 	.db #0x11	; 17
    00000200 10                     993 	.db #0x10	; 16
    00000201 00                     994 	.db #0x00	; 0
    00000202 00                     995 	.db #0x00	; 0
    00000203 00                     996 	.db #0x00	; 0
    00000204 00                     997 	.db #0x00	; 0
    00000205 00                     998 	.db #0x00	; 0
    00000206 01                     999 	.db #0x01	; 1
    00000207 11                    1000 	.db #0x11	; 17
    00000208 11                    1001 	.db #0x11	; 17
    00000209 11                    1002 	.db #0x11	; 17
    0000020A 11                    1003 	.db #0x11	; 17
    0000020B 11                    1004 	.db #0x11	; 17
    0000020C 11                    1005 	.db #0x11	; 17
    0000020D 11                    1006 	.db #0x11	; 17
    0000020E 11                    1007 	.db #0x11	; 17
    0000020F 11                    1008 	.db #0x11	; 17
    00000210 11                    1009 	.db #0x11	; 17
    00000211 11                    1010 	.db #0x11	; 17
    00000212 11                    1011 	.db #0x11	; 17
    00000213 11                    1012 	.db #0x11	; 17
    00000214 11                    1013 	.db #0x11	; 17
    00000215 11                    1014 	.db #0x11	; 17
    00000216 11                    1015 	.db #0x11	; 17
    00000217 11                    1016 	.db #0x11	; 17
    00000218 11                    1017 	.db #0x11	; 17
    00000219 11                    1018 	.db #0x11	; 17
    0000021A 11                    1019 	.db #0x11	; 17
    0000021B 11                    1020 	.db #0x11	; 17
    0000021C 11                    1021 	.db #0x11	; 17
    0000021D 11                    1022 	.db #0x11	; 17
    0000021E 10                    1023 	.db #0x10	; 16
    0000021F 00                    1024 	.db #0x00	; 0
    00000220 00                    1025 	.db #0x00	; 0
    00000221 00                    1026 	.db #0x00	; 0
    00000222 00                    1027 	.db #0x00	; 0
    00000223 60                    1028 	.db #0x60	; 96
    00000224 00                    1029 	.db #0x00	; 0
    00000225 00                    1030 	.db #0x00	; 0
    00000226 00                    1031 	.db #0x00	; 0
    00000227 00                    1032 	.db #0x00	; 0
    00000228 00                    1033 	.db #0x00	; 0
    00000229 00                    1034 	.db #0x00	; 0
    0000022A 00                    1035 	.db #0x00	; 0
    0000022B 00                    1036 	.db #0x00	; 0
    0000022C 01                    1037 	.db #0x01	; 1
    0000022D 11                    1038 	.db #0x11	; 17
    0000022E 11                    1039 	.db #0x11	; 17
    0000022F 11                    1040 	.db #0x11	; 17
    00000230 11                    1041 	.db #0x11	; 17
    00000231 11                    1042 	.db #0x11	; 17
    00000232 11                    1043 	.db #0x11	; 17
    00000233 11                    1044 	.db #0x11	; 17
    00000234 11                    1045 	.db #0x11	; 17
    00000235 11                    1046 	.db #0x11	; 17
    00000236 11                    1047 	.db #0x11	; 17
    00000237 11                    1048 	.db #0x11	; 17
    00000238 11                    1049 	.db #0x11	; 17
    00000239 11                    1050 	.db #0x11	; 17
    0000023A 11                    1051 	.db #0x11	; 17
    0000023B 11                    1052 	.db #0x11	; 17
    0000023C 11                    1053 	.db #0x11	; 17
    0000023D 11                    1054 	.db #0x11	; 17
    0000023E 11                    1055 	.db #0x11	; 17
    0000023F 11                    1056 	.db #0x11	; 17
    00000240 11                    1057 	.db #0x11	; 17
    00000241 11                    1058 	.db #0x11	; 17
    00000242 11                    1059 	.db #0x11	; 17
    00000243 11                    1060 	.db #0x11	; 17
    00000244 11                    1061 	.db #0x11	; 17
    00000245 11                    1062 	.db #0x11	; 17
    00000246 11                    1063 	.db #0x11	; 17
    00000247 11                    1064 	.db #0x11	; 17
    00000248 11                    1065 	.db #0x11	; 17
    00000249 11                    1066 	.db #0x11	; 17
    0000024A 11                    1067 	.db #0x11	; 17
    0000024B 11                    1068 	.db #0x11	; 17
    0000024C 10                    1069 	.db #0x10	; 16
    0000024D 00                    1070 	.db #0x00	; 0
    0000024E 00                    1071 	.db #0x00	; 0
    0000024F 00                    1072 	.db #0x00	; 0
    00000250 00                    1073 	.db #0x00	; 0
    00000251 01                    1074 	.db #0x01	; 1
    00000252 11                    1075 	.db #0x11	; 17
    00000253 11                    1076 	.db #0x11	; 17
    00000254 11                    1077 	.db #0x11	; 17
    00000255 11                    1078 	.db #0x11	; 17
    00000256 11                    1079 	.db #0x11	; 17
    00000257 11                    1080 	.db #0x11	; 17
    00000258 11                    1081 	.db #0x11	; 17
    00000259 11                    1082 	.db #0x11	; 17
    0000025A 11                    1083 	.db #0x11	; 17
    0000025B 11                    1084 	.db #0x11	; 17
    0000025C 11                    1085 	.db #0x11	; 17
    0000025D 11                    1086 	.db #0x11	; 17
    0000025E 11                    1087 	.db #0x11	; 17
    0000025F 11                    1088 	.db #0x11	; 17
    00000260 11                    1089 	.db #0x11	; 17
    00000261 11                    1090 	.db #0x11	; 17
    00000262 11                    1091 	.db #0x11	; 17
    00000263 11                    1092 	.db #0x11	; 17
    00000264 00                    1093 	.db #0x00	; 0
    00000265 01                    1094 	.db #0x01	; 1
    00000266 11                    1095 	.db #0x11	; 17
    00000267 11                    1096 	.db #0x11	; 17
    00000268 11                    1097 	.db #0x11	; 17
    00000269 11                    1098 	.db #0x11	; 17
    0000026A 11                    1099 	.db #0x11	; 17
    0000026B 11                    1100 	.db #0x11	; 17
    0000026C 11                    1101 	.db #0x11	; 17
    0000026D 11                    1102 	.db #0x11	; 17
    0000026E 11                    1103 	.db #0x11	; 17
    0000026F 00                    1104 	.db #0x00	; 0
    00000270 00                    1105 	.db #0x00	; 0
    00000271 00                    1106 	.db #0x00	; 0
    00000272 00                    1107 	.db #0x00	; 0
    00000273 00                    1108 	.db #0x00	; 0
    00000274 00                    1109 	.db #0x00	; 0
    00000275 00                    1110 	.db #0x00	; 0
    00000276 00                    1111 	.db #0x00	; 0
    00000277 00                    1112 	.db #0x00	; 0
    00000278 11                    1113 	.db #0x11	; 17
    00000279 11                    1114 	.db #0x11	; 17
    0000027A 11                    1115 	.db #0x11	; 17
    0000027B 11                    1116 	.db #0x11	; 17
    0000027C 11                    1117 	.db #0x11	; 17
    0000027D 11                    1118 	.db #0x11	; 17
    0000027E 11                    1119 	.db #0x11	; 17
    0000027F 11                    1120 	.db #0x11	; 17
    00000280 11                    1121 	.db #0x11	; 17
    00000281 11                    1122 	.db #0x11	; 17
    00000282 11                    1123 	.db #0x11	; 17
    00000283 11                    1124 	.db #0x11	; 17
    00000284 11                    1125 	.db #0x11	; 17
    00000285 11                    1126 	.db #0x11	; 17
    00000286 11                    1127 	.db #0x11	; 17
    00000287 11                    1128 	.db #0x11	; 17
    00000288 11                    1129 	.db #0x11	; 17
    00000289 11                    1130 	.db #0x11	; 17
    0000028A 11                    1131 	.db #0x11	; 17
    0000028B 11                    1132 	.db #0x11	; 17
    0000028C 11                    1133 	.db #0x11	; 17
    0000028D 00                    1134 	.db #0x00	; 0
    0000028E 00                    1135 	.db #0x00	; 0
    0000028F 00                    1136 	.db #0x00	; 0
    00000290 00                    1137 	.db #0x00	; 0
    00000291 00                    1138 	.db #0x00	; 0
    00000292 66                    1139 	.db #0x66	; 102	'f'
    00000293 66                    1140 	.db #0x66	; 102	'f'
    00000294 00                    1141 	.db #0x00	; 0
    00000295 00                    1142 	.db #0x00	; 0
    00000296 00                    1143 	.db #0x00	; 0
    00000297 00                    1144 	.db #0x00	; 0
    00000298 00                    1145 	.db #0x00	; 0
    00000299 00                    1146 	.db #0x00	; 0
    0000029A 00                    1147 	.db #0x00	; 0
    0000029B 00                    1148 	.db #0x00	; 0
    0000029C 00                    1149 	.db #0x00	; 0
    0000029D 11                    1150 	.db #0x11	; 17
    0000029E 11                    1151 	.db #0x11	; 17
    0000029F 11                    1152 	.db #0x11	; 17
    000002A0 11                    1153 	.db #0x11	; 17
    000002A1 11                    1154 	.db #0x11	; 17
    000002A2 11                    1155 	.db #0x11	; 17
    000002A3 11                    1156 	.db #0x11	; 17
    000002A4 11                    1157 	.db #0x11	; 17
    000002A5 11                    1158 	.db #0x11	; 17
    000002A6 11                    1159 	.db #0x11	; 17
    000002A7 11                    1160 	.db #0x11	; 17
    000002A8 11                    1161 	.db #0x11	; 17
    000002A9 11                    1162 	.db #0x11	; 17
    000002AA 11                    1163 	.db #0x11	; 17
    000002AB 11                    1164 	.db #0x11	; 17
    000002AC 11                    1165 	.db #0x11	; 17
    000002AD 11                    1166 	.db #0x11	; 17
    000002AE 11                    1167 	.db #0x11	; 17
    000002AF 11                    1168 	.db #0x11	; 17
    000002B0 11                    1169 	.db #0x11	; 17
    000002B1 11                    1170 	.db #0x11	; 17
    000002B2 11                    1171 	.db #0x11	; 17
    000002B3 11                    1172 	.db #0x11	; 17
    000002B4 11                    1173 	.db #0x11	; 17
    000002B5 11                    1174 	.db #0x11	; 17
    000002B6 11                    1175 	.db #0x11	; 17
    000002B7 11                    1176 	.db #0x11	; 17
    000002B8 00                    1177 	.db #0x00	; 0
    000002B9 01                    1178 	.db #0x01	; 1
    000002BA 89                    1179 	.db #0x89	; 137
    000002BB 90                    1180 	.db #0x90	; 144
    000002BC 00                    1181 	.db #0x00	; 0
    000002BD 00                    1182 	.db #0x00	; 0
    000002BE 00                    1183 	.db #0x00	; 0
    000002BF 00                    1184 	.db #0x00	; 0
    000002C0 00                    1185 	.db #0x00	; 0
    000002C1 00                    1186 	.db #0x00	; 0
    000002C2 00                    1187 	.db #0x00	; 0
    000002C3 11                    1188 	.db #0x11	; 17
    000002C4 11                    1189 	.db #0x11	; 17
    000002C5 11                    1190 	.db #0x11	; 17
    000002C6 11                    1191 	.db #0x11	; 17
    000002C7 11                    1192 	.db #0x11	; 17
    000002C8 11                    1193 	.db #0x11	; 17
    000002C9 11                    1194 	.db #0x11	; 17
    000002CA 11                    1195 	.db #0x11	; 17
    000002CB 11                    1196 	.db #0x11	; 17
    000002CC 11                    1197 	.db #0x11	; 17
    000002CD 11                    1198 	.db #0x11	; 17
    000002CE 11                    1199 	.db #0x11	; 17
    000002CF 11                    1200 	.db #0x11	; 17
    000002D0 11                    1201 	.db #0x11	; 17
    000002D1 11                    1202 	.db #0x11	; 17
    000002D2 11                    1203 	.db #0x11	; 17
    000002D3 10                    1204 	.db #0x10	; 16
    000002D4 00                    1205 	.db #0x00	; 0
    000002D5 01                    1206 	.db #0x01	; 1
    000002D6 89                    1207 	.db #0x89	; 137
    000002D7 90                    1208 	.db #0x90	; 144
    000002D8 00                    1209 	.db #0x00	; 0
    000002D9 00                    1210 	.db #0x00	; 0
    000002DA 11                    1211 	.db #0x11	; 17
    000002DB 11                    1212 	.db #0x11	; 17
    000002DC 11                    1213 	.db #0x11	; 17
    000002DD 10                    1214 	.db #0x10	; 16
    000002DE 00                    1215 	.db #0x00	; 0
    000002DF 00                    1216 	.db #0x00	; 0
    000002E0 00                    1217 	.db #0x00	; 0
    000002E1 00                    1218 	.db #0x00	; 0
    000002E2 00                    1219 	.db #0x00	; 0
    000002E3 00                    1220 	.db #0x00	; 0
    000002E4 00                    1221 	.db #0x00	; 0
    000002E5 00                    1222 	.db #0x00	; 0
    000002E6 00                    1223 	.db #0x00	; 0
    000002E7 00                    1224 	.db #0x00	; 0
    000002E8 00                    1225 	.db #0x00	; 0
    000002E9 11                    1226 	.db #0x11	; 17
    000002EA 11                    1227 	.db #0x11	; 17
    000002EB 11                    1228 	.db #0x11	; 17
    000002EC 11                    1229 	.db #0x11	; 17
    000002ED 11                    1230 	.db #0x11	; 17
    000002EE 10                    1231 	.db #0x10	; 16
    000002EF 00                    1232 	.db #0x00	; 0
    000002F0 11                    1233 	.db #0x11	; 17
    000002F1 11                    1234 	.db #0x11	; 17
    000002F2 89                    1235 	.db #0x89	; 137
    000002F3 90                    1236 	.db #0x90	; 144
    000002F4 01                    1237 	.db #0x01	; 1
    000002F5 11                    1238 	.db #0x11	; 17
    000002F6 11                    1239 	.db #0x11	; 17
    000002F7 11                    1240 	.db #0x11	; 17
    000002F8 11                    1241 	.db #0x11	; 17
    000002F9 11                    1242 	.db #0x11	; 17
    000002FA 11                    1243 	.db #0x11	; 17
    000002FB 00                    1244 	.db #0x00	; 0
    000002FC 00                    1245 	.db #0x00	; 0
    000002FD 00                    1246 	.db #0x00	; 0
    000002FE 00                    1247 	.db #0x00	; 0
    000002FF 00                    1248 	.db #0x00	; 0
    00000300 06                    1249 	.db #0x06	; 6
    00000301 66                    1250 	.db #0x66	; 102	'f'
    00000302 66                    1251 	.db #0x66	; 102	'f'
    00000303 66                    1252 	.db #0x66	; 102	'f'
    00000304 60                    1253 	.db #0x60	; 96
    00000305 00                    1254 	.db #0x00	; 0
    00000306 00                    1255 	.db #0x00	; 0
    00000307 00                    1256 	.db #0x00	; 0
    00000308 00                    1257 	.db #0x00	; 0
    00000309 00                    1258 	.db #0x00	; 0
    0000030A 00                    1259 	.db #0x00	; 0
    0000030B 00                    1260 	.db #0x00	; 0
    0000030C 00                    1261 	.db #0x00	; 0
    0000030D 01                    1262 	.db #0x01	; 1
    0000030E 89                    1263 	.db #0x89	; 137
    0000030F 90                    1264 	.db #0x90	; 144
    00000310 00                    1265 	.db #0x00	; 0
    00000311 11                    1266 	.db #0x11	; 17
    00000312 11                    1267 	.db #0x11	; 17
    00000313 11                    1268 	.db #0x11	; 17
    00000314 11                    1269 	.db #0x11	; 17
    00000315 11                    1270 	.db #0x11	; 17
    00000316 11                    1271 	.db #0x11	; 17
    00000317 11                    1272 	.db #0x11	; 17
    00000318 11                    1273 	.db #0x11	; 17
    00000319 11                    1274 	.db #0x11	; 17
    0000031A 11                    1275 	.db #0x11	; 17
    0000031B 11                    1276 	.db #0x11	; 17
    0000031C 11                    1277 	.db #0x11	; 17
    0000031D 11                    1278 	.db #0x11	; 17
    0000031E 11                    1279 	.db #0x11	; 17
    0000031F 11                    1280 	.db #0x11	; 17
    00000320 11                    1281 	.db #0x11	; 17
    00000321 11                    1282 	.db #0x11	; 17
    00000322 11                    1283 	.db #0x11	; 17
    00000323 11                    1284 	.db #0x11	; 17
    00000324 11                    1285 	.db #0x11	; 17
    00000325 11                    1286 	.db #0x11	; 17
    00000326 11                    1287 	.db #0x11	; 17
    00000327 10                    1288 	.db #0x10	; 16
    00000328 00                    1289 	.db #0x00	; 0
    00000329 01                    1290 	.db #0x01	; 1
    0000032A 89                    1291 	.db #0x89	; 137
    0000032B 90                    1292 	.db #0x90	; 144
    0000032C 00                    1293 	.db #0x00	; 0
    0000032D 00                    1294 	.db #0x00	; 0
    0000032E 00                    1295 	.db #0x00	; 0
    0000032F 00                    1296 	.db #0x00	; 0
    00000330 00                    1297 	.db #0x00	; 0
    00000331 00                    1298 	.db #0x00	; 0
    00000332 00                    1299 	.db #0x00	; 0
    00000333 00                    1300 	.db #0x00	; 0
    00000334 01                    1301 	.db #0x01	; 1
    00000335 11                    1302 	.db #0x11	; 17
    00000336 11                    1303 	.db #0x11	; 17
    00000337 11                    1304 	.db #0x11	; 17
    00000338 11                    1305 	.db #0x11	; 17
    00000339 11                    1306 	.db #0x11	; 17
    0000033A 11                    1307 	.db #0x11	; 17
    0000033B 11                    1308 	.db #0x11	; 17
    0000033C 11                    1309 	.db #0x11	; 17
    0000033D 11                    1310 	.db #0x11	; 17
    0000033E 11                    1311 	.db #0x11	; 17
    0000033F 11                    1312 	.db #0x11	; 17
    00000340 11                    1313 	.db #0x11	; 17
    00000341 11                    1314 	.db #0x11	; 17
    00000342 11                    1315 	.db #0x11	; 17
    00000343 00                    1316 	.db #0x00	; 0
    00000344 00                    1317 	.db #0x00	; 0
    00000345 01                    1318 	.db #0x01	; 1
    00000346 89                    1319 	.db #0x89	; 137
    00000347 90                    1320 	.db #0x90	; 144
    00000348 00                    1321 	.db #0x00	; 0
    00000349 00                    1322 	.db #0x00	; 0
    0000034A 00                    1323 	.db #0x00	; 0
    0000034B 00                    1324 	.db #0x00	; 0
    0000034C 00                    1325 	.db #0x00	; 0
    0000034D 00                    1326 	.db #0x00	; 0
    0000034E 00                    1327 	.db #0x00	; 0
    0000034F 00                    1328 	.db #0x00	; 0
    00000350 00                    1329 	.db #0x00	; 0
    00000351 00                    1330 	.db #0x00	; 0
    00000352 06                    1331 	.db #0x06	; 6
    00000353 66                    1332 	.db #0x66	; 102	'f'
    00000354 60                    1333 	.db #0x60	; 96
    00000355 00                    1334 	.db #0x00	; 0
    00000356 00                    1335 	.db #0x00	; 0
    00000357 00                    1336 	.db #0x00	; 0
    00000358 00                    1337 	.db #0x00	; 0
    00000359 00                    1338 	.db #0x00	; 0
    0000035A 00                    1339 	.db #0x00	; 0
    0000035B 00                    1340 	.db #0x00	; 0
    0000035C 00                    1341 	.db #0x00	; 0
    0000035D 00                    1342 	.db #0x00	; 0
    0000035E 00                    1343 	.db #0x00	; 0
    0000035F 00                    1344 	.db #0x00	; 0
    00000360 00                    1345 	.db #0x00	; 0
    00000361 11                    1346 	.db #0x11	; 17
    00000362 89                    1347 	.db #0x89	; 137
    00000363 90                    1348 	.db #0x90	; 144
    00000364 00                    1349 	.db #0x00	; 0
    00000365 01                    1350 	.db #0x01	; 1
    00000366 11                    1351 	.db #0x11	; 17
    00000367 11                    1352 	.db #0x11	; 17
    00000368 10                    1353 	.db #0x10	; 16
    00000369 00                    1354 	.db #0x00	; 0
    0000036A 00                    1355 	.db #0x00	; 0
    0000036B 00                    1356 	.db #0x00	; 0
    0000036C 00                    1357 	.db #0x00	; 0
    0000036D 00                    1358 	.db #0x00	; 0
    0000036E 00                    1359 	.db #0x00	; 0
    0000036F 66                    1360 	.db #0x66	; 102	'f'
    00000370 66                    1361 	.db #0x66	; 102	'f'
    00000371 66                    1362 	.db #0x66	; 102	'f'
    00000372 66                    1363 	.db #0x66	; 102	'f'
    00000373 66                    1364 	.db #0x66	; 102	'f'
    00000374 60                    1365 	.db #0x60	; 96
    00000375 00                    1366 	.db #0x00	; 0
    00000376 00                    1367 	.db #0x00	; 0
    00000377 00                    1368 	.db #0x00	; 0
    00000378 00                    1369 	.db #0x00	; 0
    00000379 00                    1370 	.db #0x00	; 0
    0000037A 00                    1371 	.db #0x00	; 0
    0000037B 00                    1372 	.db #0x00	; 0
    0000037C 00                    1373 	.db #0x00	; 0
    0000037D 01                    1374 	.db #0x01	; 1
    0000037E 89                    1375 	.db #0x89	; 137
    0000037F 90                    1376 	.db #0x90	; 144
    00000380 00                    1377 	.db #0x00	; 0
    00000381 00                    1378 	.db #0x00	; 0
    00000382 01                    1379 	.db #0x01	; 1
    00000383 11                    1380 	.db #0x11	; 17
    00000384 11                    1381 	.db #0x11	; 17
    00000385 11                    1382 	.db #0x11	; 17
    00000386 11                    1383 	.db #0x11	; 17
    00000387 11                    1384 	.db #0x11	; 17
    00000388 11                    1385 	.db #0x11	; 17
    00000389 11                    1386 	.db #0x11	; 17
    0000038A 11                    1387 	.db #0x11	; 17
    0000038B 11                    1388 	.db #0x11	; 17
    0000038C 11                    1389 	.db #0x11	; 17
    0000038D 11                    1390 	.db #0x11	; 17
    0000038E 11                    1391 	.db #0x11	; 17
    0000038F 11                    1392 	.db #0x11	; 17
    00000390 11                    1393 	.db #0x11	; 17
    00000391 11                    1394 	.db #0x11	; 17
    00000392 11                    1395 	.db #0x11	; 17
    00000393 11                    1396 	.db #0x11	; 17
    00000394 11                    1397 	.db #0x11	; 17
    00000395 11                    1398 	.db #0x11	; 17
    00000396 00                    1399 	.db #0x00	; 0
    00000397 00                    1400 	.db #0x00	; 0
    00000398 00                    1401 	.db #0x00	; 0
    00000399 01                    1402 	.db #0x01	; 1
    0000039A 89                    1403 	.db #0x89	; 137
    0000039B 98                    1404 	.db #0x98	; 152
    0000039C 00                    1405 	.db #0x00	; 0
    0000039D 00                    1406 	.db #0x00	; 0
    0000039E 00                    1407 	.db #0x00	; 0
    0000039F 00                    1408 	.db #0x00	; 0
    000003A0 00                    1409 	.db #0x00	; 0
    000003A1 00                    1410 	.db #0x00	; 0
    000003A2 00                    1411 	.db #0x00	; 0
    000003A3 00                    1412 	.db #0x00	; 0
    000003A4 00                    1413 	.db #0x00	; 0
    000003A5 00                    1414 	.db #0x00	; 0
    000003A6 01                    1415 	.db #0x01	; 1
    000003A7 11                    1416 	.db #0x11	; 17
    000003A8 11                    1417 	.db #0x11	; 17
    000003A9 11                    1418 	.db #0x11	; 17
    000003AA 11                    1419 	.db #0x11	; 17
    000003AB 11                    1420 	.db #0x11	; 17
    000003AC 11                    1421 	.db #0x11	; 17
    000003AD 11                    1422 	.db #0x11	; 17
    000003AE 11                    1423 	.db #0x11	; 17
    000003AF 11                    1424 	.db #0x11	; 17
    000003B0 11                    1425 	.db #0x11	; 17
    000003B1 11                    1426 	.db #0x11	; 17
    000003B2 10                    1427 	.db #0x10	; 16
    000003B3 00                    1428 	.db #0x00	; 0
    000003B4 00                    1429 	.db #0x00	; 0
    000003B5 01                    1430 	.db #0x01	; 1
    000003B6 89                    1431 	.db #0x89	; 137
    000003B7 98                    1432 	.db #0x98	; 152
    000003B8 00                    1433 	.db #0x00	; 0
    000003B9 00                    1434 	.db #0x00	; 0
    000003BA 00                    1435 	.db #0x00	; 0
    000003BB 00                    1436 	.db #0x00	; 0
    000003BC 00                    1437 	.db #0x00	; 0
    000003BD 00                    1438 	.db #0x00	; 0
    000003BE 00                    1439 	.db #0x00	; 0
    000003BF 00                    1440 	.db #0x00	; 0
    000003C0 00                    1441 	.db #0x00	; 0
    000003C1 00                    1442 	.db #0x00	; 0
    000003C2 06                    1443 	.db #0x06	; 6
    000003C3 66                    1444 	.db #0x66	; 102	'f'
    000003C4 66                    1445 	.db #0x66	; 102	'f'
    000003C5 66                    1446 	.db #0x66	; 102	'f'
    000003C6 60                    1447 	.db #0x60	; 96
    000003C7 00                    1448 	.db #0x00	; 0
    000003C8 00                    1449 	.db #0x00	; 0
    000003C9 00                    1450 	.db #0x00	; 0
    000003CA 00                    1451 	.db #0x00	; 0
    000003CB 00                    1452 	.db #0x00	; 0
    000003CC 00                    1453 	.db #0x00	; 0
    000003CD 00                    1454 	.db #0x00	; 0
    000003CE 00                    1455 	.db #0x00	; 0
    000003CF 00                    1456 	.db #0x00	; 0
    000003D0 00                    1457 	.db #0x00	; 0
    000003D1 01                    1458 	.db #0x01	; 1
    000003D2 89                    1459 	.db #0x89	; 137
    000003D3 98                    1460 	.db #0x98	; 152
    000003D4 00                    1461 	.db #0x00	; 0
    000003D5 00                    1462 	.db #0x00	; 0
    000003D6 00                    1463 	.db #0x00	; 0
    000003D7 00                    1464 	.db #0x00	; 0
    000003D8 00                    1465 	.db #0x00	; 0
    000003D9 00                    1466 	.db #0x00	; 0
    000003DA 00                    1467 	.db #0x00	; 0
    000003DB 00                    1468 	.db #0x00	; 0
    000003DC 00                    1469 	.db #0x00	; 0
    000003DD 00                    1470 	.db #0x00	; 0
    000003DE 06                    1471 	.db #0x06	; 6
    000003DF 66                    1472 	.db #0x66	; 102	'f'
    000003E0 66                    1473 	.db #0x66	; 102	'f'
    000003E1 66                    1474 	.db #0x66	; 102	'f'
    000003E2 66                    1475 	.db #0x66	; 102	'f'
    000003E3 06                    1476 	.db #0x06	; 6
    000003E4 60                    1477 	.db #0x60	; 96
    000003E5 00                    1478 	.db #0x00	; 0
    000003E6 00                    1479 	.db #0x00	; 0
    000003E7 00                    1480 	.db #0x00	; 0
    000003E8 00                    1481 	.db #0x00	; 0
    000003E9 00                    1482 	.db #0x00	; 0
    000003EA 00                    1483 	.db #0x00	; 0
    000003EB 00                    1484 	.db #0x00	; 0
    000003EC 00                    1485 	.db #0x00	; 0
    000003ED 01                    1486 	.db #0x01	; 1
    000003EE 89                    1487 	.db #0x89	; 137
    000003EF 98                    1488 	.db #0x98	; 152
    000003F0 00                    1489 	.db #0x00	; 0
    000003F1 00                    1490 	.db #0x00	; 0
    000003F2 00                    1491 	.db #0x00	; 0
    000003F3 00                    1492 	.db #0x00	; 0
    000003F4 11                    1493 	.db #0x11	; 17
    000003F5 11                    1494 	.db #0x11	; 17
    000003F6 11                    1495 	.db #0x11	; 17
    000003F7 11                    1496 	.db #0x11	; 17
    000003F8 11                    1497 	.db #0x11	; 17
    000003F9 11                    1498 	.db #0x11	; 17
    000003FA 11                    1499 	.db #0x11	; 17
    000003FB 11                    1500 	.db #0x11	; 17
    000003FC 11                    1501 	.db #0x11	; 17
    000003FD 11                    1502 	.db #0x11	; 17
    000003FE 11                    1503 	.db #0x11	; 17
    000003FF 11                    1504 	.db #0x11	; 17
    00000400 11                    1505 	.db #0x11	; 17
    00000401 11                    1506 	.db #0x11	; 17
    00000402 11                    1507 	.db #0x11	; 17
    00000403 11                    1508 	.db #0x11	; 17
    00000404 10                    1509 	.db #0x10	; 16
    00000405 00                    1510 	.db #0x00	; 0
    00000406 00                    1511 	.db #0x00	; 0
    00000407 00                    1512 	.db #0x00	; 0
    00000408 00                    1513 	.db #0x00	; 0
    00000409 01                    1514 	.db #0x01	; 1
    0000040A 89                    1515 	.db #0x89	; 137
    0000040B 98                    1516 	.db #0x98	; 152
    0000040C 00                    1517 	.db #0x00	; 0
    0000040D 00                    1518 	.db #0x00	; 0
    0000040E 00                    1519 	.db #0x00	; 0
    0000040F 00                    1520 	.db #0x00	; 0
    00000410 00                    1521 	.db #0x00	; 0
    00000411 00                    1522 	.db #0x00	; 0
    00000412 00                    1523 	.db #0x00	; 0
    00000413 00                    1524 	.db #0x00	; 0
    00000414 00                    1525 	.db #0x00	; 0
    00000415 00                    1526 	.db #0x00	; 0
    00000416 00                    1527 	.db #0x00	; 0
    00000417 00                    1528 	.db #0x00	; 0
    00000418 11                    1529 	.db #0x11	; 17
    00000419 11                    1530 	.db #0x11	; 17
    0000041A 11                    1531 	.db #0x11	; 17
    0000041B 11                    1532 	.db #0x11	; 17
    0000041C 11                    1533 	.db #0x11	; 17
    0000041D 11                    1534 	.db #0x11	; 17
    0000041E 11                    1535 	.db #0x11	; 17
    0000041F 11                    1536 	.db #0x11	; 17
    00000420 11                    1537 	.db #0x11	; 17
    00000421 10                    1538 	.db #0x10	; 16
    00000422 00                    1539 	.db #0x00	; 0
    00000423 00                    1540 	.db #0x00	; 0
    00000424 00                    1541 	.db #0x00	; 0
    00000425 01                    1542 	.db #0x01	; 1
    00000426 89                    1543 	.db #0x89	; 137
    00000427 98                    1544 	.db #0x98	; 152
    00000428 00                    1545 	.db #0x00	; 0
    00000429 00                    1546 	.db #0x00	; 0
    0000042A 00                    1547 	.db #0x00	; 0
    0000042B 00                    1548 	.db #0x00	; 0
    0000042C 00                    1549 	.db #0x00	; 0
    0000042D 00                    1550 	.db #0x00	; 0
    0000042E 00                    1551 	.db #0x00	; 0
    0000042F 00                    1552 	.db #0x00	; 0
    00000430 00                    1553 	.db #0x00	; 0
    00000431 06                    1554 	.db #0x06	; 6
    00000432 66                    1555 	.db #0x66	; 102	'f'
    00000433 66                    1556 	.db #0x66	; 102	'f'
    00000434 66                    1557 	.db #0x66	; 102	'f'
    00000435 66                    1558 	.db #0x66	; 102	'f'
    00000436 66                    1559 	.db #0x66	; 102	'f'
    00000437 60                    1560 	.db #0x60	; 96
    00000438 00                    1561 	.db #0x00	; 0
    00000439 00                    1562 	.db #0x00	; 0
    0000043A 00                    1563 	.db #0x00	; 0
    0000043B 00                    1564 	.db #0x00	; 0
    0000043C 00                    1565 	.db #0x00	; 0
    0000043D 00                    1566 	.db #0x00	; 0
    0000043E 00                    1567 	.db #0x00	; 0
    0000043F 00                    1568 	.db #0x00	; 0
    00000440 00                    1569 	.db #0x00	; 0
    00000441 01                    1570 	.db #0x01	; 1
    00000442 89                    1571 	.db #0x89	; 137
    00000443 98                    1572 	.db #0x98	; 152
    00000444 00                    1573 	.db #0x00	; 0
    00000445 00                    1574 	.db #0x00	; 0
    00000446 00                    1575 	.db #0x00	; 0
    00000447 00                    1576 	.db #0x00	; 0
    00000448 00                    1577 	.db #0x00	; 0
    00000449 00                    1578 	.db #0x00	; 0
    0000044A 00                    1579 	.db #0x00	; 0
    0000044B 00                    1580 	.db #0x00	; 0
    0000044C 00                    1581 	.db #0x00	; 0
    0000044D 00                    1582 	.db #0x00	; 0
    0000044E 66                    1583 	.db #0x66	; 102	'f'
    0000044F 66                    1584 	.db #0x66	; 102	'f'
    00000450 66                    1585 	.db #0x66	; 102	'f'
    00000451 66                    1586 	.db #0x66	; 102	'f'
    00000452 60                    1587 	.db #0x60	; 96
    00000453 00                    1588 	.db #0x00	; 0
    00000454 60                    1589 	.db #0x60	; 96
    00000455 00                    1590 	.db #0x00	; 0
    00000456 00                    1591 	.db #0x00	; 0
    00000457 00                    1592 	.db #0x00	; 0
    00000458 00                    1593 	.db #0x00	; 0
    00000459 00                    1594 	.db #0x00	; 0
    0000045A 00                    1595 	.db #0x00	; 0
    0000045B 00                    1596 	.db #0x00	; 0
    0000045C 00                    1597 	.db #0x00	; 0
    0000045D 01                    1598 	.db #0x01	; 1
    0000045E 89                    1599 	.db #0x89	; 137
    0000045F 98                    1600 	.db #0x98	; 152
    00000460 00                    1601 	.db #0x00	; 0
    00000461 00                    1602 	.db #0x00	; 0
    00000462 00                    1603 	.db #0x00	; 0
    00000463 00                    1604 	.db #0x00	; 0
    00000464 00                    1605 	.db #0x00	; 0
    00000465 01                    1606 	.db #0x01	; 1
    00000466 11                    1607 	.db #0x11	; 17
    00000467 11                    1608 	.db #0x11	; 17
    00000468 11                    1609 	.db #0x11	; 17
    00000469 11                    1610 	.db #0x11	; 17
    0000046A 11                    1611 	.db #0x11	; 17
    0000046B 11                    1612 	.db #0x11	; 17
    0000046C 11                    1613 	.db #0x11	; 17
    0000046D 11                    1614 	.db #0x11	; 17
    0000046E 11                    1615 	.db #0x11	; 17
    0000046F 11                    1616 	.db #0x11	; 17
    00000470 11                    1617 	.db #0x11	; 17
    00000471 11                    1618 	.db #0x11	; 17
    00000472 11                    1619 	.db #0x11	; 17
    00000473 00                    1620 	.db #0x00	; 0
    00000474 00                    1621 	.db #0x00	; 0
    00000475 00                    1622 	.db #0x00	; 0
    00000476 00                    1623 	.db #0x00	; 0
    00000477 00                    1624 	.db #0x00	; 0
    00000478 00                    1625 	.db #0x00	; 0
    00000479 01                    1626 	.db #0x01	; 1
    0000047A 89                    1627 	.db #0x89	; 137
    0000047B 98                    1628 	.db #0x98	; 152
    0000047C 00                    1629 	.db #0x00	; 0
    0000047D 00                    1630 	.db #0x00	; 0
    0000047E 00                    1631 	.db #0x00	; 0
    0000047F 00                    1632 	.db #0x00	; 0
    00000480 00                    1633 	.db #0x00	; 0
    00000481 00                    1634 	.db #0x00	; 0
    00000482 00                    1635 	.db #0x00	; 0
    00000483 00                    1636 	.db #0x00	; 0
    00000484 00                    1637 	.db #0x00	; 0
    00000485 06                    1638 	.db #0x06	; 6
    00000486 00                    1639 	.db #0x00	; 0
    00000487 00                    1640 	.db #0x00	; 0
    00000488 00                    1641 	.db #0x00	; 0
    00000489 00                    1642 	.db #0x00	; 0
    0000048A 11                    1643 	.db #0x11	; 17
    0000048B 11                    1644 	.db #0x11	; 17
    0000048C 11                    1645 	.db #0x11	; 17
    0000048D 11                    1646 	.db #0x11	; 17
    0000048E 11                    1647 	.db #0x11	; 17
    0000048F 10                    1648 	.db #0x10	; 16
    00000490 00                    1649 	.db #0x00	; 0
    00000491 00                    1650 	.db #0x00	; 0
    00000492 00                    1651 	.db #0x00	; 0
    00000493 00                    1652 	.db #0x00	; 0
    00000494 00                    1653 	.db #0x00	; 0
    00000495 01                    1654 	.db #0x01	; 1
    00000496 89                    1655 	.db #0x89	; 137
    00000497 98                    1656 	.db #0x98	; 152
    00000498 00                    1657 	.db #0x00	; 0
    00000499 00                    1658 	.db #0x00	; 0
    0000049A 00                    1659 	.db #0x00	; 0
    0000049B 00                    1660 	.db #0x00	; 0
    0000049C 00                    1661 	.db #0x00	; 0
    0000049D 00                    1662 	.db #0x00	; 0
    0000049E 00                    1663 	.db #0x00	; 0
    0000049F 00                    1664 	.db #0x00	; 0
    000004A0 00                    1665 	.db #0x00	; 0
    000004A1 66                    1666 	.db #0x66	; 102	'f'
    000004A2 66                    1667 	.db #0x66	; 102	'f'
    000004A3 66                    1668 	.db #0x66	; 102	'f'
    000004A4 66                    1669 	.db #0x66	; 102	'f'
    000004A5 66                    1670 	.db #0x66	; 102	'f'
    000004A6 66                    1671 	.db #0x66	; 102	'f'
    000004A7 66                    1672 	.db #0x66	; 102	'f'
    000004A8 00                    1673 	.db #0x00	; 0
    000004A9 00                    1674 	.db #0x00	; 0
    000004AA 00                    1675 	.db #0x00	; 0
    000004AB 00                    1676 	.db #0x00	; 0
    000004AC 00                    1677 	.db #0x00	; 0
    000004AD 00                    1678 	.db #0x00	; 0
    000004AE 00                    1679 	.db #0x00	; 0
    000004AF 00                    1680 	.db #0x00	; 0
    000004B0 00                    1681 	.db #0x00	; 0
    000004B1 01                    1682 	.db #0x01	; 1
    000004B2 89                    1683 	.db #0x89	; 137
    000004B3 98                    1684 	.db #0x98	; 152
    000004B4 00                    1685 	.db #0x00	; 0
    000004B5 00                    1686 	.db #0x00	; 0
    000004B6 00                    1687 	.db #0x00	; 0
    000004B7 00                    1688 	.db #0x00	; 0
    000004B8 00                    1689 	.db #0x00	; 0
    000004B9 00                    1690 	.db #0x00	; 0
    000004BA 00                    1691 	.db #0x00	; 0
    000004BB 00                    1692 	.db #0x00	; 0
    000004BC 00                    1693 	.db #0x00	; 0
    000004BD 06                    1694 	.db #0x06	; 6
    000004BE 66                    1695 	.db #0x66	; 102	'f'
    000004BF 66                    1696 	.db #0x66	; 102	'f'
    000004C0 66                    1697 	.db #0x66	; 102	'f'
    000004C1 66                    1698 	.db #0x66	; 102	'f'
    000004C2 00                    1699 	.db #0x00	; 0
    000004C3 00                    1700 	.db #0x00	; 0
    000004C4 60                    1701 	.db #0x60	; 96
    000004C5 00                    1702 	.db #0x00	; 0
    000004C6 00                    1703 	.db #0x00	; 0
    000004C7 00                    1704 	.db #0x00	; 0
    000004C8 00                    1705 	.db #0x00	; 0
    000004C9 00                    1706 	.db #0x00	; 0
    000004CA 00                    1707 	.db #0x00	; 0
    000004CB 00                    1708 	.db #0x00	; 0
    000004CC 00                    1709 	.db #0x00	; 0
    000004CD 01                    1710 	.db #0x01	; 1
    000004CE 89                    1711 	.db #0x89	; 137
    000004CF 98                    1712 	.db #0x98	; 152
    000004D0 00                    1713 	.db #0x00	; 0
    000004D1 00                    1714 	.db #0x00	; 0
    000004D2 00                    1715 	.db #0x00	; 0
    000004D3 00                    1716 	.db #0x00	; 0
    000004D4 00                    1717 	.db #0x00	; 0
    000004D5 00                    1718 	.db #0x00	; 0
    000004D6 01                    1719 	.db #0x01	; 1
    000004D7 11                    1720 	.db #0x11	; 17
    000004D8 11                    1721 	.db #0x11	; 17
    000004D9 11                    1722 	.db #0x11	; 17
    000004DA 11                    1723 	.db #0x11	; 17
    000004DB 11                    1724 	.db #0x11	; 17
    000004DC 11                    1725 	.db #0x11	; 17
    000004DD 11                    1726 	.db #0x11	; 17
    000004DE 11                    1727 	.db #0x11	; 17
    000004DF 11                    1728 	.db #0x11	; 17
    000004E0 11                    1729 	.db #0x11	; 17
    000004E1 11                    1730 	.db #0x11	; 17
    000004E2 00                    1731 	.db #0x00	; 0
    000004E3 00                    1732 	.db #0x00	; 0
    000004E4 00                    1733 	.db #0x00	; 0
    000004E5 00                    1734 	.db #0x00	; 0
    000004E6 00                    1735 	.db #0x00	; 0
    000004E7 00                    1736 	.db #0x00	; 0
    000004E8 00                    1737 	.db #0x00	; 0
    000004E9 01                    1738 	.db #0x01	; 1
    000004EA 89                    1739 	.db #0x89	; 137
    000004EB 98                    1740 	.db #0x98	; 152
    000004EC 00                    1741 	.db #0x00	; 0
    000004ED 00                    1742 	.db #0x00	; 0
    000004EE 00                    1743 	.db #0x00	; 0
    000004EF 00                    1744 	.db #0x00	; 0
    000004F0 00                    1745 	.db #0x00	; 0
    000004F1 00                    1746 	.db #0x00	; 0
    000004F2 00                    1747 	.db #0x00	; 0
    000004F3 00                    1748 	.db #0x00	; 0
    000004F4 00                    1749 	.db #0x00	; 0
    000004F5 66                    1750 	.db #0x66	; 102	'f'
    000004F6 66                    1751 	.db #0x66	; 102	'f'
    000004F7 00                    1752 	.db #0x00	; 0
    000004F8 00                    1753 	.db #0x00	; 0
    000004F9 00                    1754 	.db #0x00	; 0
    000004FA 00                    1755 	.db #0x00	; 0
    000004FB 00                    1756 	.db #0x00	; 0
    000004FC 00                    1757 	.db #0x00	; 0
    000004FD 00                    1758 	.db #0x00	; 0
    000004FE 00                    1759 	.db #0x00	; 0
    000004FF 00                    1760 	.db #0x00	; 0
    00000500 00                    1761 	.db #0x00	; 0
    00000501 00                    1762 	.db #0x00	; 0
    00000502 00                    1763 	.db #0x00	; 0
    00000503 00                    1764 	.db #0x00	; 0
    00000504 00                    1765 	.db #0x00	; 0
    00000505 01                    1766 	.db #0x01	; 1
    00000506 89                    1767 	.db #0x89	; 137
    00000507 98                    1768 	.db #0x98	; 152
    00000508 00                    1769 	.db #0x00	; 0
    00000509 00                    1770 	.db #0x00	; 0
    0000050A 00                    1771 	.db #0x00	; 0
    0000050B 00                    1772 	.db #0x00	; 0
    0000050C 00                    1773 	.db #0x00	; 0
    0000050D 00                    1774 	.db #0x00	; 0
    0000050E 00                    1775 	.db #0x00	; 0
    0000050F 00                    1776 	.db #0x00	; 0
    00000510 06                    1777 	.db #0x06	; 6
    00000511 66                    1778 	.db #0x66	; 102	'f'
    00000512 66                    1779 	.db #0x66	; 102	'f'
    00000513 66                    1780 	.db #0x66	; 102	'f'
    00000514 66                    1781 	.db #0x66	; 102	'f'
    00000515 66                    1782 	.db #0x66	; 102	'f'
    00000516 66                    1783 	.db #0x66	; 102	'f'
    00000517 66                    1784 	.db #0x66	; 102	'f'
    00000518 60                    1785 	.db #0x60	; 96
    00000519 00                    1786 	.db #0x00	; 0
    0000051A 00                    1787 	.db #0x00	; 0
    0000051B 00                    1788 	.db #0x00	; 0
    0000051C 00                    1789 	.db #0x00	; 0
    0000051D 00                    1790 	.db #0x00	; 0
    0000051E 00                    1791 	.db #0x00	; 0
    0000051F 00                    1792 	.db #0x00	; 0
    00000520 00                    1793 	.db #0x00	; 0
    00000521 01                    1794 	.db #0x01	; 1
    00000522 89                    1795 	.db #0x89	; 137
    00000523 98                    1796 	.db #0x98	; 152
    00000524 00                    1797 	.db #0x00	; 0
    00000525 00                    1798 	.db #0x00	; 0
    00000526 00                    1799 	.db #0x00	; 0
    00000527 00                    1800 	.db #0x00	; 0
    00000528 00                    1801 	.db #0x00	; 0
    00000529 00                    1802 	.db #0x00	; 0
    0000052A 00                    1803 	.db #0x00	; 0
    0000052B 00                    1804 	.db #0x00	; 0
    0000052C 00                    1805 	.db #0x00	; 0
    0000052D 66                    1806 	.db #0x66	; 102	'f'
    0000052E 66                    1807 	.db #0x66	; 102	'f'
    0000052F 66                    1808 	.db #0x66	; 102	'f'
    00000530 66                    1809 	.db #0x66	; 102	'f'
    00000531 00                    1810 	.db #0x00	; 0
    00000532 00                    1811 	.db #0x00	; 0
    00000533 06                    1812 	.db #0x06	; 6
    00000534 00                    1813 	.db #0x00	; 0
    00000535 00                    1814 	.db #0x00	; 0
    00000536 00                    1815 	.db #0x00	; 0
    00000537 00                    1816 	.db #0x00	; 0
    00000538 00                    1817 	.db #0x00	; 0
    00000539 00                    1818 	.db #0x00	; 0
    0000053A 00                    1819 	.db #0x00	; 0
    0000053B 00                    1820 	.db #0x00	; 0
    0000053C 00                    1821 	.db #0x00	; 0
    0000053D 01                    1822 	.db #0x01	; 1
    0000053E 89                    1823 	.db #0x89	; 137
    0000053F 98                    1824 	.db #0x98	; 152
    00000540 00                    1825 	.db #0x00	; 0
    00000541 00                    1826 	.db #0x00	; 0
    00000542 00                    1827 	.db #0x00	; 0
    00000543 00                    1828 	.db #0x00	; 0
    00000544 00                    1829 	.db #0x00	; 0
    00000545 00                    1830 	.db #0x00	; 0
    00000546 00                    1831 	.db #0x00	; 0
    00000547 01                    1832 	.db #0x01	; 1
    00000548 11                    1833 	.db #0x11	; 17
    00000549 11                    1834 	.db #0x11	; 17
    0000054A 11                    1835 	.db #0x11	; 17
    0000054B 11                    1836 	.db #0x11	; 17
    0000054C 11                    1837 	.db #0x11	; 17
    0000054D 11                    1838 	.db #0x11	; 17
    0000054E 11                    1839 	.db #0x11	; 17
    0000054F 11                    1840 	.db #0x11	; 17
    00000550 11                    1841 	.db #0x11	; 17
    00000551 00                    1842 	.db #0x00	; 0
    00000552 00                    1843 	.db #0x00	; 0
    00000553 00                    1844 	.db #0x00	; 0
    00000554 00                    1845 	.db #0x00	; 0
    00000555 00                    1846 	.db #0x00	; 0
    00000556 00                    1847 	.db #0x00	; 0
    00000557 00                    1848 	.db #0x00	; 0
    00000558 00                    1849 	.db #0x00	; 0
    00000559 01                    1850 	.db #0x01	; 1
    0000055A 89                    1851 	.db #0x89	; 137
    0000055B 98                    1852 	.db #0x98	; 152
    0000055C 00                    1853 	.db #0x00	; 0
    0000055D 00                    1854 	.db #0x00	; 0
    0000055E 00                    1855 	.db #0x00	; 0
    0000055F 00                    1856 	.db #0x00	; 0
    00000560 00                    1857 	.db #0x00	; 0
    00000561 00                    1858 	.db #0x00	; 0
    00000562 00                    1859 	.db #0x00	; 0
    00000563 00                    1860 	.db #0x00	; 0
    00000564 06                    1861 	.db #0x06	; 6
    00000565 66                    1862 	.db #0x66	; 102	'f'
    00000566 66                    1863 	.db #0x66	; 102	'f'
    00000567 66                    1864 	.db #0x66	; 102	'f'
    00000568 00                    1865 	.db #0x00	; 0
    00000569 00                    1866 	.db #0x00	; 0
    0000056A 00                    1867 	.db #0x00	; 0
    0000056B 00                    1868 	.db #0x00	; 0
    0000056C 00                    1869 	.db #0x00	; 0
    0000056D 00                    1870 	.db #0x00	; 0
    0000056E 00                    1871 	.db #0x00	; 0
    0000056F 00                    1872 	.db #0x00	; 0
    00000570 00                    1873 	.db #0x00	; 0
    00000571 00                    1874 	.db #0x00	; 0
    00000572 00                    1875 	.db #0x00	; 0
    00000573 00                    1876 	.db #0x00	; 0
    00000574 00                    1877 	.db #0x00	; 0
    00000575 01                    1878 	.db #0x01	; 1
    00000576 89                    1879 	.db #0x89	; 137
    00000577 98                    1880 	.db #0x98	; 152
    00000578 00                    1881 	.db #0x00	; 0
    00000579 00                    1882 	.db #0x00	; 0
    0000057A 00                    1883 	.db #0x00	; 0
    0000057B 00                    1884 	.db #0x00	; 0
    0000057C 00                    1885 	.db #0x00	; 0
    0000057D 00                    1886 	.db #0x00	; 0
    0000057E 00                    1887 	.db #0x00	; 0
    0000057F 00                    1888 	.db #0x00	; 0
    00000580 06                    1889 	.db #0x06	; 6
    00000581 66                    1890 	.db #0x66	; 102	'f'
    00000582 60                    1891 	.db #0x60	; 96
    00000583 00                    1892 	.db #0x00	; 0
    00000584 66                    1893 	.db #0x66	; 102	'f'
    00000585 66                    1894 	.db #0x66	; 102	'f'
    00000586 66                    1895 	.db #0x66	; 102	'f'
    00000587 66                    1896 	.db #0x66	; 102	'f'
    00000588 60                    1897 	.db #0x60	; 96
    00000589 00                    1898 	.db #0x00	; 0
    0000058A 00                    1899 	.db #0x00	; 0
    0000058B 00                    1900 	.db #0x00	; 0
    0000058C 00                    1901 	.db #0x00	; 0
    0000058D 00                    1902 	.db #0x00	; 0
    0000058E 00                    1903 	.db #0x00	; 0
    0000058F 00                    1904 	.db #0x00	; 0
    00000590 00                    1905 	.db #0x00	; 0
    00000591 01                    1906 	.db #0x01	; 1
    00000592 89                    1907 	.db #0x89	; 137
    00000593 98                    1908 	.db #0x98	; 152
    00000594 00                    1909 	.db #0x00	; 0
    00000595 00                    1910 	.db #0x00	; 0
    00000596 00                    1911 	.db #0x00	; 0
    00000597 00                    1912 	.db #0x00	; 0
    00000598 00                    1913 	.db #0x00	; 0
    00000599 00                    1914 	.db #0x00	; 0
    0000059A 00                    1915 	.db #0x00	; 0
    0000059B 00                    1916 	.db #0x00	; 0
    0000059C 06                    1917 	.db #0x06	; 6
    0000059D 66                    1918 	.db #0x66	; 102	'f'
    0000059E 66                    1919 	.db #0x66	; 102	'f'
    0000059F 00                    1920 	.db #0x00	; 0
    000005A0 66                    1921 	.db #0x66	; 102	'f'
    000005A1 00                    1922 	.db #0x00	; 0
    000005A2 06                    1923 	.db #0x06	; 6
    000005A3 66                    1924 	.db #0x66	; 102	'f'
    000005A4 00                    1925 	.db #0x00	; 0
    000005A5 00                    1926 	.db #0x00	; 0
    000005A6 00                    1927 	.db #0x00	; 0
    000005A7 00                    1928 	.db #0x00	; 0
    000005A8 00                    1929 	.db #0x00	; 0
    000005A9 00                    1930 	.db #0x00	; 0
    000005AA 00                    1931 	.db #0x00	; 0
    000005AB 00                    1932 	.db #0x00	; 0
    000005AC 00                    1933 	.db #0x00	; 0
    000005AD 01                    1934 	.db #0x01	; 1
    000005AE 89                    1935 	.db #0x89	; 137
    000005AF 98                    1936 	.db #0x98	; 152
    000005B0 00                    1937 	.db #0x00	; 0
    000005B1 00                    1938 	.db #0x00	; 0
    000005B2 00                    1939 	.db #0x00	; 0
    000005B3 00                    1940 	.db #0x00	; 0
    000005B4 00                    1941 	.db #0x00	; 0
    000005B5 00                    1942 	.db #0x00	; 0
    000005B6 00                    1943 	.db #0x00	; 0
    000005B7 00                    1944 	.db #0x00	; 0
    000005B8 00                    1945 	.db #0x00	; 0
    000005B9 01                    1946 	.db #0x01	; 1
    000005BA 11                    1947 	.db #0x11	; 17
    000005BB 11                    1948 	.db #0x11	; 17
    000005BC 11                    1949 	.db #0x11	; 17
    000005BD 11                    1950 	.db #0x11	; 17
    000005BE 10                    1951 	.db #0x10	; 16
    000005BF 00                    1952 	.db #0x00	; 0
    000005C0 00                    1953 	.db #0x00	; 0
    000005C1 00                    1954 	.db #0x00	; 0
    000005C2 00                    1955 	.db #0x00	; 0
    000005C3 00                    1956 	.db #0x00	; 0
    000005C4 00                    1957 	.db #0x00	; 0
    000005C5 00                    1958 	.db #0x00	; 0
    000005C6 00                    1959 	.db #0x00	; 0
    000005C7 00                    1960 	.db #0x00	; 0
    000005C8 00                    1961 	.db #0x00	; 0
    000005C9 01                    1962 	.db #0x01	; 1
    000005CA 89                    1963 	.db #0x89	; 137
    000005CB 98                    1964 	.db #0x98	; 152
    000005CC 00                    1965 	.db #0x00	; 0
    000005CD 00                    1966 	.db #0x00	; 0
    000005CE 00                    1967 	.db #0x00	; 0
    000005CF 00                    1968 	.db #0x00	; 0
    000005D0 00                    1969 	.db #0x00	; 0
    000005D1 00                    1970 	.db #0x00	; 0
    000005D2 00                    1971 	.db #0x00	; 0
    000005D3 00                    1972 	.db #0x00	; 0
    000005D4 06                    1973 	.db #0x06	; 6
    000005D5 66                    1974 	.db #0x66	; 102	'f'
    000005D6 66                    1975 	.db #0x66	; 102	'f'
    000005D7 66                    1976 	.db #0x66	; 102	'f'
    000005D8 66                    1977 	.db #0x66	; 102	'f'
    000005D9 00                    1978 	.db #0x00	; 0
    000005DA 00                    1979 	.db #0x00	; 0
    000005DB 00                    1980 	.db #0x00	; 0
    000005DC 00                    1981 	.db #0x00	; 0
    000005DD 00                    1982 	.db #0x00	; 0
    000005DE 00                    1983 	.db #0x00	; 0
    000005DF 00                    1984 	.db #0x00	; 0
    000005E0 00                    1985 	.db #0x00	; 0
    000005E1 00                    1986 	.db #0x00	; 0
    000005E2 00                    1987 	.db #0x00	; 0
    000005E3 00                    1988 	.db #0x00	; 0
    000005E4 00                    1989 	.db #0x00	; 0
    000005E5 01                    1990 	.db #0x01	; 1
    000005E6 89                    1991 	.db #0x89	; 137
    000005E7 98                    1992 	.db #0x98	; 152
    000005E8 00                    1993 	.db #0x00	; 0
    000005E9 00                    1994 	.db #0x00	; 0
    000005EA 00                    1995 	.db #0x00	; 0
    000005EB 00                    1996 	.db #0x00	; 0
    000005EC 00                    1997 	.db #0x00	; 0
    000005ED 00                    1998 	.db #0x00	; 0
    000005EE 00                    1999 	.db #0x00	; 0
    000005EF 00                    2000 	.db #0x00	; 0
    000005F0 06                    2001 	.db #0x06	; 6
    000005F1 60                    2002 	.db #0x60	; 96
    000005F2 00                    2003 	.db #0x00	; 0
    000005F3 00                    2004 	.db #0x00	; 0
    000005F4 66                    2005 	.db #0x66	; 102	'f'
    000005F5 00                    2006 	.db #0x00	; 0
    000005F6 00                    2007 	.db #0x00	; 0
    000005F7 06                    2008 	.db #0x06	; 6
    000005F8 60                    2009 	.db #0x60	; 96
    000005F9 00                    2010 	.db #0x00	; 0
    000005FA 00                    2011 	.db #0x00	; 0
    000005FB 00                    2012 	.db #0x00	; 0
    000005FC 00                    2013 	.db #0x00	; 0
    000005FD 00                    2014 	.db #0x00	; 0
    000005FE 00                    2015 	.db #0x00	; 0
    000005FF 00                    2016 	.db #0x00	; 0
    00000600 00                    2017 	.db #0x00	; 0
    00000601 01                    2018 	.db #0x01	; 1
    00000602 89                    2019 	.db #0x89	; 137
    00000603 98                    2020 	.db #0x98	; 152
    00000604 00                    2021 	.db #0x00	; 0
    00000605 00                    2022 	.db #0x00	; 0
    00000606 00                    2023 	.db #0x00	; 0
    00000607 00                    2024 	.db #0x00	; 0
    00000608 00                    2025 	.db #0x00	; 0
    00000609 00                    2026 	.db #0x00	; 0
    0000060A 00                    2027 	.db #0x00	; 0
    0000060B 00                    2028 	.db #0x00	; 0
    0000060C 06                    2029 	.db #0x06	; 6
    0000060D 66                    2030 	.db #0x66	; 102	'f'
    0000060E 00                    2031 	.db #0x00	; 0
    0000060F 00                    2032 	.db #0x00	; 0
    00000610 60                    2033 	.db #0x60	; 96
    00000611 60                    2034 	.db #0x60	; 96
    00000612 66                    2035 	.db #0x66	; 102	'f'
    00000613 00                    2036 	.db #0x00	; 0
    00000614 00                    2037 	.db #0x00	; 0
    00000615 00                    2038 	.db #0x00	; 0
    00000616 00                    2039 	.db #0x00	; 0
    00000617 00                    2040 	.db #0x00	; 0
    00000618 00                    2041 	.db #0x00	; 0
    00000619 00                    2042 	.db #0x00	; 0
    0000061A 00                    2043 	.db #0x00	; 0
    0000061B 00                    2044 	.db #0x00	; 0
    0000061C 00                    2045 	.db #0x00	; 0
    0000061D 01                    2046 	.db #0x01	; 1
    0000061E 89                    2047 	.db #0x89	; 137
    0000061F 98                    2048 	.db #0x98	; 152
    00000620 00                    2049 	.db #0x00	; 0
    00000621 00                    2050 	.db #0x00	; 0
    00000622 00                    2051 	.db #0x00	; 0
    00000623 00                    2052 	.db #0x00	; 0
    00000624 00                    2053 	.db #0x00	; 0
    00000625 00                    2054 	.db #0x00	; 0
    00000626 00                    2055 	.db #0x00	; 0
    00000627 00                    2056 	.db #0x00	; 0
    00000628 00                    2057 	.db #0x00	; 0
    00000629 00                    2058 	.db #0x00	; 0
    0000062A 00                    2059 	.db #0x00	; 0
    0000062B 00                    2060 	.db #0x00	; 0
    0000062C 00                    2061 	.db #0x00	; 0
    0000062D 00                    2062 	.db #0x00	; 0
    0000062E 00                    2063 	.db #0x00	; 0
    0000062F 00                    2064 	.db #0x00	; 0
    00000630 00                    2065 	.db #0x00	; 0
    00000631 00                    2066 	.db #0x00	; 0
    00000632 00                    2067 	.db #0x00	; 0
    00000633 00                    2068 	.db #0x00	; 0
    00000634 00                    2069 	.db #0x00	; 0
    00000635 00                    2070 	.db #0x00	; 0
    00000636 00                    2071 	.db #0x00	; 0
    00000637 00                    2072 	.db #0x00	; 0
    00000638 00                    2073 	.db #0x00	; 0
    00000639 01                    2074 	.db #0x01	; 1
    0000063A 89                    2075 	.db #0x89	; 137
    0000063B 98                    2076 	.db #0x98	; 152
    0000063C 00                    2077 	.db #0x00	; 0
    0000063D 00                    2078 	.db #0x00	; 0
    0000063E 00                    2079 	.db #0x00	; 0
    0000063F 00                    2080 	.db #0x00	; 0
    00000640 00                    2081 	.db #0x00	; 0
    00000641 00                    2082 	.db #0x00	; 0
    00000642 00                    2083 	.db #0x00	; 0
    00000643 00                    2084 	.db #0x00	; 0
    00000644 06                    2085 	.db #0x06	; 6
    00000645 60                    2086 	.db #0x60	; 96
    00000646 66                    2087 	.db #0x66	; 102	'f'
    00000647 66                    2088 	.db #0x66	; 102	'f'
    00000648 66                    2089 	.db #0x66	; 102	'f'
    00000649 60                    2090 	.db #0x60	; 96
    0000064A 00                    2091 	.db #0x00	; 0
    0000064B 00                    2092 	.db #0x00	; 0
    0000064C 00                    2093 	.db #0x00	; 0
    0000064D 00                    2094 	.db #0x00	; 0
    0000064E 00                    2095 	.db #0x00	; 0
    0000064F 00                    2096 	.db #0x00	; 0
    00000650 00                    2097 	.db #0x00	; 0
    00000651 00                    2098 	.db #0x00	; 0
    00000652 00                    2099 	.db #0x00	; 0
    00000653 00                    2100 	.db #0x00	; 0
    00000654 00                    2101 	.db #0x00	; 0
    00000655 01                    2102 	.db #0x01	; 1
    00000656 89                    2103 	.db #0x89	; 137
    00000657 98                    2104 	.db #0x98	; 152
    00000658 00                    2105 	.db #0x00	; 0
    00000659 00                    2106 	.db #0x00	; 0
    0000065A 00                    2107 	.db #0x00	; 0
    0000065B 00                    2108 	.db #0x00	; 0
    0000065C 00                    2109 	.db #0x00	; 0
    0000065D 00                    2110 	.db #0x00	; 0
    0000065E 00                    2111 	.db #0x00	; 0
    0000065F 00                    2112 	.db #0x00	; 0
    00000660 06                    2113 	.db #0x06	; 6
    00000661 00                    2114 	.db #0x00	; 0
    00000662 00                    2115 	.db #0x00	; 0
    00000663 06                    2116 	.db #0x06	; 6
    00000664 06                    2117 	.db #0x06	; 6
    00000665 00                    2118 	.db #0x00	; 0
    00000666 00                    2119 	.db #0x00	; 0
    00000667 00                    2120 	.db #0x00	; 0
    00000668 60                    2121 	.db #0x60	; 96
    00000669 00                    2122 	.db #0x00	; 0
    0000066A 00                    2123 	.db #0x00	; 0
    0000066B 00                    2124 	.db #0x00	; 0
    0000066C 00                    2125 	.db #0x00	; 0
    0000066D 00                    2126 	.db #0x00	; 0
    0000066E 00                    2127 	.db #0x00	; 0
    0000066F 00                    2128 	.db #0x00	; 0
    00000670 00                    2129 	.db #0x00	; 0
    00000671 01                    2130 	.db #0x01	; 1
    00000672 89                    2131 	.db #0x89	; 137
    00000673 98                    2132 	.db #0x98	; 152
    00000674 00                    2133 	.db #0x00	; 0
    00000675 00                    2134 	.db #0x00	; 0
    00000676 00                    2135 	.db #0x00	; 0
    00000677 00                    2136 	.db #0x00	; 0
    00000678 00                    2137 	.db #0x00	; 0
    00000679 00                    2138 	.db #0x00	; 0
    0000067A 00                    2139 	.db #0x00	; 0
    0000067B 00                    2140 	.db #0x00	; 0
    0000067C 06                    2141 	.db #0x06	; 6
    0000067D 60                    2142 	.db #0x60	; 96
    0000067E 00                    2143 	.db #0x00	; 0
    0000067F 06                    2144 	.db #0x06	; 6
    00000680 00                    2145 	.db #0x00	; 0
    00000681 06                    2146 	.db #0x06	; 6
    00000682 60                    2147 	.db #0x60	; 96
    00000683 00                    2148 	.db #0x00	; 0
    00000684 00                    2149 	.db #0x00	; 0
    00000685 00                    2150 	.db #0x00	; 0
    00000686 00                    2151 	.db #0x00	; 0
    00000687 00                    2152 	.db #0x00	; 0
    00000688 00                    2153 	.db #0x00	; 0
    00000689 00                    2154 	.db #0x00	; 0
    0000068A 00                    2155 	.db #0x00	; 0
    0000068B 00                    2156 	.db #0x00	; 0
    0000068C 00                    2157 	.db #0x00	; 0
    0000068D 01                    2158 	.db #0x01	; 1
    0000068E 89                    2159 	.db #0x89	; 137
    0000068F 98                    2160 	.db #0x98	; 152
    00000690 00                    2161 	.db #0x00	; 0
    00000691 00                    2162 	.db #0x00	; 0
    00000692 00                    2163 	.db #0x00	; 0
    00000693 00                    2164 	.db #0x00	; 0
    00000694 00                    2165 	.db #0x00	; 0
    00000695 00                    2166 	.db #0x00	; 0
    00000696 00                    2167 	.db #0x00	; 0
    00000697 00                    2168 	.db #0x00	; 0
    00000698 00                    2169 	.db #0x00	; 0
    00000699 00                    2170 	.db #0x00	; 0
    0000069A 00                    2171 	.db #0x00	; 0
    0000069B 00                    2172 	.db #0x00	; 0
    0000069C 00                    2173 	.db #0x00	; 0
    0000069D 00                    2174 	.db #0x00	; 0
    0000069E 00                    2175 	.db #0x00	; 0
    0000069F 66                    2176 	.db #0x66	; 102	'f'
    000006A0 00                    2177 	.db #0x00	; 0
    000006A1 00                    2178 	.db #0x00	; 0
    000006A2 00                    2179 	.db #0x00	; 0
    000006A3 00                    2180 	.db #0x00	; 0
    000006A4 00                    2181 	.db #0x00	; 0
    000006A5 00                    2182 	.db #0x00	; 0
    000006A6 00                    2183 	.db #0x00	; 0
    000006A7 00                    2184 	.db #0x00	; 0
    000006A8 00                    2185 	.db #0x00	; 0
    000006A9 01                    2186 	.db #0x01	; 1
    000006AA 89                    2187 	.db #0x89	; 137
    000006AB 98                    2188 	.db #0x98	; 152
    000006AC 00                    2189 	.db #0x00	; 0
    000006AD 00                    2190 	.db #0x00	; 0
    000006AE 00                    2191 	.db #0x00	; 0
    000006AF 00                    2192 	.db #0x00	; 0
    000006B0 00                    2193 	.db #0x00	; 0
    000006B1 00                    2194 	.db #0x00	; 0
    000006B2 00                    2195 	.db #0x00	; 0
    000006B3 00                    2196 	.db #0x00	; 0
    000006B4 06                    2197 	.db #0x06	; 6
    000006B5 00                    2198 	.db #0x00	; 0
    000006B6 06                    2199 	.db #0x06	; 6
    000006B7 66                    2200 	.db #0x66	; 102	'f'
    000006B8 66                    2201 	.db #0x66	; 102	'f'
    000006B9 66                    2202 	.db #0x66	; 102	'f'
    000006BA 60                    2203 	.db #0x60	; 96
    000006BB 00                    2204 	.db #0x00	; 0
    000006BC 00                    2205 	.db #0x00	; 0
    000006BD 00                    2206 	.db #0x00	; 0
    000006BE 00                    2207 	.db #0x00	; 0
    000006BF 00                    2208 	.db #0x00	; 0
    000006C0 00                    2209 	.db #0x00	; 0
    000006C1 00                    2210 	.db #0x00	; 0
    000006C2 00                    2211 	.db #0x00	; 0
    000006C3 00                    2212 	.db #0x00	; 0
    000006C4 00                    2213 	.db #0x00	; 0
    000006C5 01                    2214 	.db #0x01	; 1
    000006C6 89                    2215 	.db #0x89	; 137
    000006C7 98                    2216 	.db #0x98	; 152
    000006C8 00                    2217 	.db #0x00	; 0
    000006C9 00                    2218 	.db #0x00	; 0
    000006CA 00                    2219 	.db #0x00	; 0
    000006CB 00                    2220 	.db #0x00	; 0
    000006CC 00                    2221 	.db #0x00	; 0
    000006CD 00                    2222 	.db #0x00	; 0
    000006CE 00                    2223 	.db #0x00	; 0
    000006CF 00                    2224 	.db #0x00	; 0
    000006D0 06                    2225 	.db #0x06	; 6
    000006D1 00                    2226 	.db #0x00	; 0
    000006D2 06                    2227 	.db #0x06	; 6
    000006D3 60                    2228 	.db #0x60	; 96
    000006D4 00                    2229 	.db #0x00	; 0
    000006D5 60                    2230 	.db #0x60	; 96
    000006D6 00                    2231 	.db #0x00	; 0
    000006D7 00                    2232 	.db #0x00	; 0
    000006D8 60                    2233 	.db #0x60	; 96
    000006D9 00                    2234 	.db #0x00	; 0
    000006DA 00                    2235 	.db #0x00	; 0
    000006DB 00                    2236 	.db #0x00	; 0
    000006DC 00                    2237 	.db #0x00	; 0
    000006DD 00                    2238 	.db #0x00	; 0
    000006DE 00                    2239 	.db #0x00	; 0
    000006DF 00                    2240 	.db #0x00	; 0
    000006E0 00                    2241 	.db #0x00	; 0
    000006E1 01                    2242 	.db #0x01	; 1
    000006E2 89                    2243 	.db #0x89	; 137
    000006E3 98                    2244 	.db #0x98	; 152
    000006E4 00                    2245 	.db #0x00	; 0
    000006E5 00                    2246 	.db #0x00	; 0
    000006E6 00                    2247 	.db #0x00	; 0
    000006E7 00                    2248 	.db #0x00	; 0
    000006E8 00                    2249 	.db #0x00	; 0
    000006E9 00                    2250 	.db #0x00	; 0
    000006EA 00                    2251 	.db #0x00	; 0
    000006EB 00                    2252 	.db #0x00	; 0
    000006EC 06                    2253 	.db #0x06	; 6
    000006ED 00                    2254 	.db #0x00	; 0
    000006EE 00                    2255 	.db #0x00	; 0
    000006EF 60                    2256 	.db #0x60	; 96
    000006F0 06                    2257 	.db #0x06	; 6
    000006F1 06                    2258 	.db #0x06	; 6
    000006F2 60                    2259 	.db #0x60	; 96
    000006F3 00                    2260 	.db #0x00	; 0
    000006F4 00                    2261 	.db #0x00	; 0
    000006F5 00                    2262 	.db #0x00	; 0
    000006F6 00                    2263 	.db #0x00	; 0
    000006F7 00                    2264 	.db #0x00	; 0
    000006F8 00                    2265 	.db #0x00	; 0
    000006F9 00                    2266 	.db #0x00	; 0
    000006FA 00                    2267 	.db #0x00	; 0
    000006FB 00                    2268 	.db #0x00	; 0
    000006FC 00                    2269 	.db #0x00	; 0
    000006FD 01                    2270 	.db #0x01	; 1
    000006FE 89                    2271 	.db #0x89	; 137
    000006FF 98                    2272 	.db #0x98	; 152
    00000700 00                    2273 	.db #0x00	; 0
    00000701 00                    2274 	.db #0x00	; 0
    00000702 00                    2275 	.db #0x00	; 0
    00000703 00                    2276 	.db #0x00	; 0
    00000704 00                    2277 	.db #0x00	; 0
    00000705 00                    2278 	.db #0x00	; 0
    00000706 00                    2279 	.db #0x00	; 0
    00000707 00                    2280 	.db #0x00	; 0
    00000708 00                    2281 	.db #0x00	; 0
    00000709 06                    2282 	.db #0x06	; 6
    0000070A 00                    2283 	.db #0x00	; 0
    0000070B 00                    2284 	.db #0x00	; 0
    0000070C 00                    2285 	.db #0x00	; 0
    0000070D 00                    2286 	.db #0x00	; 0
    0000070E 66                    2287 	.db #0x66	; 102	'f'
    0000070F 66                    2288 	.db #0x66	; 102	'f'
    00000710 60                    2289 	.db #0x60	; 96
    00000711 00                    2290 	.db #0x00	; 0
    00000712 00                    2291 	.db #0x00	; 0
    00000713 00                    2292 	.db #0x00	; 0
    00000714 00                    2293 	.db #0x00	; 0
    00000715 00                    2294 	.db #0x00	; 0
    00000716 00                    2295 	.db #0x00	; 0
    00000717 00                    2296 	.db #0x00	; 0
    00000718 00                    2297 	.db #0x00	; 0
    00000719 01                    2298 	.db #0x01	; 1
    0000071A 89                    2299 	.db #0x89	; 137
    0000071B 98                    2300 	.db #0x98	; 152
    0000071C 00                    2301 	.db #0x00	; 0
    0000071D 00                    2302 	.db #0x00	; 0
    0000071E 00                    2303 	.db #0x00	; 0
    0000071F 00                    2304 	.db #0x00	; 0
    00000720 00                    2305 	.db #0x00	; 0
    00000721 00                    2306 	.db #0x00	; 0
    00000722 00                    2307 	.db #0x00	; 0
    00000723 00                    2308 	.db #0x00	; 0
    00000724 06                    2309 	.db #0x06	; 6
    00000725 00                    2310 	.db #0x00	; 0
    00000726 00                    2311 	.db #0x00	; 0
    00000727 66                    2312 	.db #0x66	; 102	'f'
    00000728 66                    2313 	.db #0x66	; 102	'f'
    00000729 66                    2314 	.db #0x66	; 102	'f'
    0000072A 66                    2315 	.db #0x66	; 102	'f'
    0000072B 60                    2316 	.db #0x60	; 96
    0000072C 00                    2317 	.db #0x00	; 0
    0000072D 00                    2318 	.db #0x00	; 0
    0000072E 00                    2319 	.db #0x00	; 0
    0000072F 00                    2320 	.db #0x00	; 0
    00000730 00                    2321 	.db #0x00	; 0
    00000731 00                    2322 	.db #0x00	; 0
    00000732 00                    2323 	.db #0x00	; 0
    00000733 00                    2324 	.db #0x00	; 0
    00000734 00                    2325 	.db #0x00	; 0
    00000735 01                    2326 	.db #0x01	; 1
    00000736 89                    2327 	.db #0x89	; 137
    00000737 98                    2328 	.db #0x98	; 152
    00000738 00                    2329 	.db #0x00	; 0
    00000739 00                    2330 	.db #0x00	; 0
    0000073A 00                    2331 	.db #0x00	; 0
    0000073B 00                    2332 	.db #0x00	; 0
    0000073C 00                    2333 	.db #0x00	; 0
    0000073D 00                    2334 	.db #0x00	; 0
    0000073E 00                    2335 	.db #0x00	; 0
    0000073F 00                    2336 	.db #0x00	; 0
    00000740 00                    2337 	.db #0x00	; 0
    00000741 60                    2338 	.db #0x60	; 96
    00000742 66                    2339 	.db #0x66	; 102	'f'
    00000743 60                    2340 	.db #0x60	; 96
    00000744 60                    2341 	.db #0x60	; 96
    00000745 06                    2342 	.db #0x06	; 6
    00000746 66                    2343 	.db #0x66	; 102	'f'
    00000747 06                    2344 	.db #0x06	; 6
    00000748 00                    2345 	.db #0x00	; 0
    00000749 00                    2346 	.db #0x00	; 0
    0000074A 00                    2347 	.db #0x00	; 0
    0000074B 00                    2348 	.db #0x00	; 0
    0000074C 00                    2349 	.db #0x00	; 0
    0000074D 00                    2350 	.db #0x00	; 0
    0000074E 00                    2351 	.db #0x00	; 0
    0000074F 00                    2352 	.db #0x00	; 0
    00000750 00                    2353 	.db #0x00	; 0
    00000751 01                    2354 	.db #0x01	; 1
    00000752 89                    2355 	.db #0x89	; 137
    00000753 98                    2356 	.db #0x98	; 152
    00000754 00                    2357 	.db #0x00	; 0
    00000755 00                    2358 	.db #0x00	; 0
    00000756 00                    2359 	.db #0x00	; 0
    00000757 00                    2360 	.db #0x00	; 0
    00000758 00                    2361 	.db #0x00	; 0
    00000759 00                    2362 	.db #0x00	; 0
    0000075A 00                    2363 	.db #0x00	; 0
    0000075B 00                    2364 	.db #0x00	; 0
    0000075C 06                    2365 	.db #0x06	; 6
    0000075D 00                    2366 	.db #0x00	; 0
    0000075E 66                    2367 	.db #0x66	; 102	'f'
    0000075F 60                    2368 	.db #0x60	; 96
    00000760 66                    2369 	.db #0x66	; 102	'f'
    00000761 66                    2370 	.db #0x66	; 102	'f'
    00000762 60                    2371 	.db #0x60	; 96
    00000763 00                    2372 	.db #0x00	; 0
    00000764 06                    2373 	.db #0x06	; 6
    00000765 66                    2374 	.db #0x66	; 102	'f'
    00000766 00                    2375 	.db #0x00	; 0
    00000767 00                    2376 	.db #0x00	; 0
    00000768 00                    2377 	.db #0x00	; 0
    00000769 00                    2378 	.db #0x00	; 0
    0000076A 00                    2379 	.db #0x00	; 0
    0000076B 00                    2380 	.db #0x00	; 0
    0000076C 00                    2381 	.db #0x00	; 0
    0000076D 01                    2382 	.db #0x01	; 1
    0000076E 89                    2383 	.db #0x89	; 137
    0000076F 98                    2384 	.db #0x98	; 152
    00000770 00                    2385 	.db #0x00	; 0
    00000771 00                    2386 	.db #0x00	; 0
    00000772 00                    2387 	.db #0x00	; 0
    00000773 00                    2388 	.db #0x00	; 0
    00000774 00                    2389 	.db #0x00	; 0
    00000775 00                    2390 	.db #0x00	; 0
    00000776 00                    2391 	.db #0x00	; 0
    00000777 00                    2392 	.db #0x00	; 0
    00000778 00                    2393 	.db #0x00	; 0
    00000779 66                    2394 	.db #0x66	; 102	'f'
    0000077A 66                    2395 	.db #0x66	; 102	'f'
    0000077B 00                    2396 	.db #0x00	; 0
    0000077C 06                    2397 	.db #0x06	; 6
    0000077D 66                    2398 	.db #0x66	; 102	'f'
    0000077E 66                    2399 	.db #0x66	; 102	'f'
    0000077F 66                    2400 	.db #0x66	; 102	'f'
    00000780 66                    2401 	.db #0x66	; 102	'f'
    00000781 00                    2402 	.db #0x00	; 0
    00000782 00                    2403 	.db #0x00	; 0
    00000783 00                    2404 	.db #0x00	; 0
    00000784 00                    2405 	.db #0x00	; 0
    00000785 00                    2406 	.db #0x00	; 0
    00000786 00                    2407 	.db #0x00	; 0
    00000787 00                    2408 	.db #0x00	; 0
    00000788 00                    2409 	.db #0x00	; 0
    00000789 01                    2410 	.db #0x01	; 1
    0000078A 89                    2411 	.db #0x89	; 137
    0000078B 98                    2412 	.db #0x98	; 152
    0000078C 00                    2413 	.db #0x00	; 0
    0000078D 00                    2414 	.db #0x00	; 0
    0000078E 00                    2415 	.db #0x00	; 0
    0000078F 00                    2416 	.db #0x00	; 0
    00000790 00                    2417 	.db #0x00	; 0
    00000791 00                    2418 	.db #0x00	; 0
    00000792 00                    2419 	.db #0x00	; 0
    00000793 00                    2420 	.db #0x00	; 0
    00000794 00                    2421 	.db #0x00	; 0
    00000795 60                    2422 	.db #0x60	; 96
    00000796 00                    2423 	.db #0x00	; 0
    00000797 00                    2424 	.db #0x00	; 0
    00000798 66                    2425 	.db #0x66	; 102	'f'
    00000799 66                    2426 	.db #0x66	; 102	'f'
    0000079A 66                    2427 	.db #0x66	; 102	'f'
    0000079B 66                    2428 	.db #0x66	; 102	'f'
    0000079C 00                    2429 	.db #0x00	; 0
    0000079D 00                    2430 	.db #0x00	; 0
    0000079E 00                    2431 	.db #0x00	; 0
    0000079F 00                    2432 	.db #0x00	; 0
    000007A0 00                    2433 	.db #0x00	; 0
    000007A1 00                    2434 	.db #0x00	; 0
    000007A2 00                    2435 	.db #0x00	; 0
    000007A3 00                    2436 	.db #0x00	; 0
    000007A4 00                    2437 	.db #0x00	; 0
    000007A5 01                    2438 	.db #0x01	; 1
    000007A6 89                    2439 	.db #0x89	; 137
    000007A7 98                    2440 	.db #0x98	; 152
    000007A8 00                    2441 	.db #0x00	; 0
    000007A9 00                    2442 	.db #0x00	; 0
    000007AA 00                    2443 	.db #0x00	; 0
    000007AB 00                    2444 	.db #0x00	; 0
    000007AC 00                    2445 	.db #0x00	; 0
    000007AD 00                    2446 	.db #0x00	; 0
    000007AE 00                    2447 	.db #0x00	; 0
    000007AF 00                    2448 	.db #0x00	; 0
    000007B0 00                    2449 	.db #0x00	; 0
    000007B1 66                    2450 	.db #0x66	; 102	'f'
    000007B2 66                    2451 	.db #0x66	; 102	'f'
    000007B3 66                    2452 	.db #0x66	; 102	'f'
    000007B4 66                    2453 	.db #0x66	; 102	'f'
    000007B5 06                    2454 	.db #0x06	; 6
    000007B6 66                    2455 	.db #0x66	; 102	'f'
    000007B7 66                    2456 	.db #0x66	; 102	'f'
    000007B8 00                    2457 	.db #0x00	; 0
    000007B9 00                    2458 	.db #0x00	; 0
    000007BA 00                    2459 	.db #0x00	; 0
    000007BB 00                    2460 	.db #0x00	; 0
    000007BC 00                    2461 	.db #0x00	; 0
    000007BD 00                    2462 	.db #0x00	; 0
    000007BE 00                    2463 	.db #0x00	; 0
    000007BF 00                    2464 	.db #0x00	; 0
    000007C0 00                    2465 	.db #0x00	; 0
    000007C1 01                    2466 	.db #0x01	; 1
    000007C2 89                    2467 	.db #0x89	; 137
    000007C3 98                    2468 	.db #0x98	; 152
    000007C4 00                    2469 	.db #0x00	; 0
    000007C5 00                    2470 	.db #0x00	; 0
    000007C6 00                    2471 	.db #0x00	; 0
    000007C7 00                    2472 	.db #0x00	; 0
    000007C8 00                    2473 	.db #0x00	; 0
    000007C9 00                    2474 	.db #0x00	; 0
    000007CA 00                    2475 	.db #0x00	; 0
    000007CB 00                    2476 	.db #0x00	; 0
    000007CC 00                    2477 	.db #0x00	; 0
    000007CD 60                    2478 	.db #0x60	; 96
    000007CE 66                    2479 	.db #0x66	; 102	'f'
    000007CF 66                    2480 	.db #0x66	; 102	'f'
    000007D0 60                    2481 	.db #0x60	; 96
    000007D1 00                    2482 	.db #0x00	; 0
    000007D2 00                    2483 	.db #0x00	; 0
    000007D3 00                    2484 	.db #0x00	; 0
    000007D4 06                    2485 	.db #0x06	; 6
    000007D5 66                    2486 	.db #0x66	; 102	'f'
    000007D6 00                    2487 	.db #0x00	; 0
    000007D7 00                    2488 	.db #0x00	; 0
    000007D8 00                    2489 	.db #0x00	; 0
    000007D9 00                    2490 	.db #0x00	; 0
    000007DA 00                    2491 	.db #0x00	; 0
    000007DB 00                    2492 	.db #0x00	; 0
    000007DC 00                    2493 	.db #0x00	; 0
    000007DD 01                    2494 	.db #0x01	; 1
    000007DE 89                    2495 	.db #0x89	; 137
    000007DF 98                    2496 	.db #0x98	; 152
    000007E0 00                    2497 	.db #0x00	; 0
    000007E1 00                    2498 	.db #0x00	; 0
    000007E2 00                    2499 	.db #0x00	; 0
    000007E3 00                    2500 	.db #0x00	; 0
    000007E4 00                    2501 	.db #0x00	; 0
    000007E5 00                    2502 	.db #0x00	; 0
    000007E6 00                    2503 	.db #0x00	; 0
    000007E7 00                    2504 	.db #0x00	; 0
    000007E8 00                    2505 	.db #0x00	; 0
    000007E9 66                    2506 	.db #0x66	; 102	'f'
    000007EA 66                    2507 	.db #0x66	; 102	'f'
    000007EB 66                    2508 	.db #0x66	; 102	'f'
    000007EC 66                    2509 	.db #0x66	; 102	'f'
    000007ED 66                    2510 	.db #0x66	; 102	'f'
    000007EE 66                    2511 	.db #0x66	; 102	'f'
    000007EF 66                    2512 	.db #0x66	; 102	'f'
    000007F0 66                    2513 	.db #0x66	; 102	'f'
    000007F1 00                    2514 	.db #0x00	; 0
    000007F2 00                    2515 	.db #0x00	; 0
    000007F3 00                    2516 	.db #0x00	; 0
    000007F4 00                    2517 	.db #0x00	; 0
    000007F5 00                    2518 	.db #0x00	; 0
    000007F6 00                    2519 	.db #0x00	; 0
    000007F7 00                    2520 	.db #0x00	; 0
    000007F8 00                    2521 	.db #0x00	; 0
    000007F9 01                    2522 	.db #0x01	; 1
    000007FA 89                    2523 	.db #0x89	; 137
    000007FB 98                    2524 	.db #0x98	; 152
    000007FC 00                    2525 	.db #0x00	; 0
    000007FD 00                    2526 	.db #0x00	; 0
    000007FE 00                    2527 	.db #0x00	; 0
    000007FF 00                    2528 	.db #0x00	; 0
    00000800 00                    2529 	.db #0x00	; 0
    00000801 00                    2530 	.db #0x00	; 0
    00000802 00                    2531 	.db #0x00	; 0
    00000803 00                    2532 	.db #0x00	; 0
    00000804 00                    2533 	.db #0x00	; 0
    00000805 66                    2534 	.db #0x66	; 102	'f'
    00000806 60                    2535 	.db #0x60	; 96
    00000807 00                    2536 	.db #0x00	; 0
    00000808 66                    2537 	.db #0x66	; 102	'f'
    00000809 66                    2538 	.db #0x66	; 102	'f'
    0000080A 66                    2539 	.db #0x66	; 102	'f'
    0000080B 66                    2540 	.db #0x66	; 102	'f'
    0000080C 60                    2541 	.db #0x60	; 96
    0000080D 00                    2542 	.db #0x00	; 0
    0000080E 00                    2543 	.db #0x00	; 0
    0000080F 00                    2544 	.db #0x00	; 0
    00000810 00                    2545 	.db #0x00	; 0
    00000811 00                    2546 	.db #0x00	; 0
    00000812 00                    2547 	.db #0x00	; 0
    00000813 00                    2548 	.db #0x00	; 0
    00000814 00                    2549 	.db #0x00	; 0
    00000815 01                    2550 	.db #0x01	; 1
    00000816 89                    2551 	.db #0x89	; 137
    00000817 98                    2552 	.db #0x98	; 152
    00000818 00                    2553 	.db #0x00	; 0
    00000819 00                    2554 	.db #0x00	; 0
    0000081A 00                    2555 	.db #0x00	; 0
    0000081B 00                    2556 	.db #0x00	; 0
    0000081C 00                    2557 	.db #0x00	; 0
    0000081D 00                    2558 	.db #0x00	; 0
    0000081E 00                    2559 	.db #0x00	; 0
    0000081F 00                    2560 	.db #0x00	; 0
    00000820 00                    2561 	.db #0x00	; 0
    00000821 00                    2562 	.db #0x00	; 0
    00000822 00                    2563 	.db #0x00	; 0
    00000823 00                    2564 	.db #0x00	; 0
    00000824 06                    2565 	.db #0x06	; 6
    00000825 66                    2566 	.db #0x66	; 102	'f'
    00000826 60                    2567 	.db #0x60	; 96
    00000827 00                    2568 	.db #0x00	; 0
    00000828 00                    2569 	.db #0x00	; 0
    00000829 00                    2570 	.db #0x00	; 0
    0000082A 00                    2571 	.db #0x00	; 0
    0000082B 00                    2572 	.db #0x00	; 0
    0000082C 00                    2573 	.db #0x00	; 0
    0000082D 00                    2574 	.db #0x00	; 0
    0000082E 00                    2575 	.db #0x00	; 0
    0000082F 00                    2576 	.db #0x00	; 0
    00000830 00                    2577 	.db #0x00	; 0
    00000831 01                    2578 	.db #0x01	; 1
    00000832 89                    2579 	.db #0x89	; 137
    00000833 98                    2580 	.db #0x98	; 152
    00000834 00                    2581 	.db #0x00	; 0
    00000835 00                    2582 	.db #0x00	; 0
    00000836 00                    2583 	.db #0x00	; 0
    00000837 00                    2584 	.db #0x00	; 0
    00000838 00                    2585 	.db #0x00	; 0
    00000839 00                    2586 	.db #0x00	; 0
    0000083A 00                    2587 	.db #0x00	; 0
    0000083B 00                    2588 	.db #0x00	; 0
    0000083C 00                    2589 	.db #0x00	; 0
    0000083D 66                    2590 	.db #0x66	; 102	'f'
    0000083E 06                    2591 	.db #0x06	; 6
    0000083F 00                    2592 	.db #0x00	; 0
    00000840 06                    2593 	.db #0x06	; 6
    00000841 00                    2594 	.db #0x00	; 0
    00000842 60                    2595 	.db #0x60	; 96
    00000843 00                    2596 	.db #0x00	; 0
    00000844 06                    2597 	.db #0x06	; 6
    00000845 66                    2598 	.db #0x66	; 102	'f'
    00000846 66                    2599 	.db #0x66	; 102	'f'
    00000847 00                    2600 	.db #0x00	; 0
    00000848 00                    2601 	.db #0x00	; 0
    00000849 00                    2602 	.db #0x00	; 0
    0000084A 00                    2603 	.db #0x00	; 0
    0000084B 00                    2604 	.db #0x00	; 0
    0000084C 00                    2605 	.db #0x00	; 0
    0000084D 01                    2606 	.db #0x01	; 1
    0000084E 89                    2607 	.db #0x89	; 137
    0000084F 98                    2608 	.db #0x98	; 152
    00000850 00                    2609 	.db #0x00	; 0
    00000851 00                    2610 	.db #0x00	; 0
    00000852 00                    2611 	.db #0x00	; 0
    00000853 00                    2612 	.db #0x00	; 0
    00000854 00                    2613 	.db #0x00	; 0
    00000855 00                    2614 	.db #0x00	; 0
    00000856 00                    2615 	.db #0x00	; 0
    00000857 00                    2616 	.db #0x00	; 0
    00000858 00                    2617 	.db #0x00	; 0
    00000859 66                    2618 	.db #0x66	; 102	'f'
    0000085A 66                    2619 	.db #0x66	; 102	'f'
    0000085B 66                    2620 	.db #0x66	; 102	'f'
    0000085C 66                    2621 	.db #0x66	; 102	'f'
    0000085D 66                    2622 	.db #0x66	; 102	'f'
    0000085E 66                    2623 	.db #0x66	; 102	'f'
    0000085F 00                    2624 	.db #0x00	; 0
    00000860 66                    2625 	.db #0x66	; 102	'f'
    00000861 00                    2626 	.db #0x00	; 0
    00000862 00                    2627 	.db #0x00	; 0
    00000863 00                    2628 	.db #0x00	; 0
    00000864 00                    2629 	.db #0x00	; 0
    00000865 00                    2630 	.db #0x00	; 0
    00000866 00                    2631 	.db #0x00	; 0
    00000867 00                    2632 	.db #0x00	; 0
    00000868 00                    2633 	.db #0x00	; 0
    00000869 01                    2634 	.db #0x01	; 1
    0000086A 89                    2635 	.db #0x89	; 137
    0000086B 98                    2636 	.db #0x98	; 152
    0000086C 00                    2637 	.db #0x00	; 0
    0000086D 00                    2638 	.db #0x00	; 0
    0000086E 00                    2639 	.db #0x00	; 0
    0000086F 00                    2640 	.db #0x00	; 0
    00000870 00                    2641 	.db #0x00	; 0
    00000871 00                    2642 	.db #0x00	; 0
    00000872 00                    2643 	.db #0x00	; 0
    00000873 00                    2644 	.db #0x00	; 0
    00000874 00                    2645 	.db #0x00	; 0
    00000875 00                    2646 	.db #0x00	; 0
    00000876 66                    2647 	.db #0x66	; 102	'f'
    00000877 06                    2648 	.db #0x06	; 6
    00000878 66                    2649 	.db #0x66	; 102	'f'
    00000879 06                    2650 	.db #0x06	; 6
    0000087A 66                    2651 	.db #0x66	; 102	'f'
    0000087B 66                    2652 	.db #0x66	; 102	'f'
    0000087C 60                    2653 	.db #0x60	; 96
    0000087D 00                    2654 	.db #0x00	; 0
    0000087E 00                    2655 	.db #0x00	; 0
    0000087F 00                    2656 	.db #0x00	; 0
    00000880 00                    2657 	.db #0x00	; 0
    00000881 00                    2658 	.db #0x00	; 0
    00000882 00                    2659 	.db #0x00	; 0
    00000883 00                    2660 	.db #0x00	; 0
    00000884 00                    2661 	.db #0x00	; 0
    00000885 01                    2662 	.db #0x01	; 1
    00000886 89                    2663 	.db #0x89	; 137
    00000887 98                    2664 	.db #0x98	; 152
    00000888 00                    2665 	.db #0x00	; 0
    00000889 00                    2666 	.db #0x00	; 0
    0000088A 00                    2667 	.db #0x00	; 0
    0000088B 00                    2668 	.db #0x00	; 0
    0000088C 00                    2669 	.db #0x00	; 0
    0000088D 00                    2670 	.db #0x00	; 0
    0000088E 00                    2671 	.db #0x00	; 0
    0000088F 00                    2672 	.db #0x00	; 0
    00000890 00                    2673 	.db #0x00	; 0
    00000891 00                    2674 	.db #0x00	; 0
    00000892 06                    2675 	.db #0x06	; 6
    00000893 00                    2676 	.db #0x00	; 0
    00000894 00                    2677 	.db #0x00	; 0
    00000895 00                    2678 	.db #0x00	; 0
    00000896 60                    2679 	.db #0x60	; 96
    00000897 00                    2680 	.db #0x00	; 0
    00000898 00                    2681 	.db #0x00	; 0
    00000899 00                    2682 	.db #0x00	; 0
    0000089A 00                    2683 	.db #0x00	; 0
    0000089B 00                    2684 	.db #0x00	; 0
    0000089C 00                    2685 	.db #0x00	; 0
    0000089D 00                    2686 	.db #0x00	; 0
    0000089E 00                    2687 	.db #0x00	; 0
    0000089F 00                    2688 	.db #0x00	; 0
    000008A0 00                    2689 	.db #0x00	; 0
    000008A1 01                    2690 	.db #0x01	; 1
    000008A2 89                    2691 	.db #0x89	; 137
    000008A3 98                    2692 	.db #0x98	; 152
    000008A4 00                    2693 	.db #0x00	; 0
    000008A5 00                    2694 	.db #0x00	; 0
    000008A6 00                    2695 	.db #0x00	; 0
    000008A7 00                    2696 	.db #0x00	; 0
    000008A8 00                    2697 	.db #0x00	; 0
    000008A9 00                    2698 	.db #0x00	; 0
    000008AA 00                    2699 	.db #0x00	; 0
    000008AB 00                    2700 	.db #0x00	; 0
    000008AC 00                    2701 	.db #0x00	; 0
    000008AD 00                    2702 	.db #0x00	; 0
    000008AE 00                    2703 	.db #0x00	; 0
    000008AF 00                    2704 	.db #0x00	; 0
    000008B0 06                    2705 	.db #0x06	; 6
    000008B1 66                    2706 	.db #0x66	; 102	'f'
    000008B2 00                    2707 	.db #0x00	; 0
    000008B3 66                    2708 	.db #0x66	; 102	'f'
    000008B4 66                    2709 	.db #0x66	; 102	'f'
    000008B5 66                    2710 	.db #0x66	; 102	'f'
    000008B6 66                    2711 	.db #0x66	; 102	'f'
    000008B7 00                    2712 	.db #0x00	; 0
    000008B8 00                    2713 	.db #0x00	; 0
    000008B9 00                    2714 	.db #0x00	; 0
    000008BA 00                    2715 	.db #0x00	; 0
    000008BB 00                    2716 	.db #0x00	; 0
    000008BC 00                    2717 	.db #0x00	; 0
    000008BD 01                    2718 	.db #0x01	; 1
    000008BE 89                    2719 	.db #0x89	; 137
    000008BF 98                    2720 	.db #0x98	; 152
    000008C0 00                    2721 	.db #0x00	; 0
    000008C1 00                    2722 	.db #0x00	; 0
    000008C2 00                    2723 	.db #0x00	; 0
    000008C3 00                    2724 	.db #0x00	; 0
    000008C4 00                    2725 	.db #0x00	; 0
    000008C5 00                    2726 	.db #0x00	; 0
    000008C6 00                    2727 	.db #0x00	; 0
    000008C7 00                    2728 	.db #0x00	; 0
    000008C8 00                    2729 	.db #0x00	; 0
    000008C9 60                    2730 	.db #0x60	; 96
    000008CA 66                    2731 	.db #0x66	; 102	'f'
    000008CB 66                    2732 	.db #0x66	; 102	'f'
    000008CC 66                    2733 	.db #0x66	; 102	'f'
    000008CD 66                    2734 	.db #0x66	; 102	'f'
    000008CE 66                    2735 	.db #0x66	; 102	'f'
    000008CF 00                    2736 	.db #0x00	; 0
    000008D0 06                    2737 	.db #0x06	; 6
    000008D1 00                    2738 	.db #0x00	; 0
    000008D2 00                    2739 	.db #0x00	; 0
    000008D3 00                    2740 	.db #0x00	; 0
    000008D4 00                    2741 	.db #0x00	; 0
    000008D5 00                    2742 	.db #0x00	; 0
    000008D6 00                    2743 	.db #0x00	; 0
    000008D7 00                    2744 	.db #0x00	; 0
    000008D8 00                    2745 	.db #0x00	; 0
    000008D9 01                    2746 	.db #0x01	; 1
    000008DA 89                    2747 	.db #0x89	; 137
    000008DB 98                    2748 	.db #0x98	; 152
    000008DC 00                    2749 	.db #0x00	; 0
    000008DD 00                    2750 	.db #0x00	; 0
    000008DE 00                    2751 	.db #0x00	; 0
    000008DF 00                    2752 	.db #0x00	; 0
    000008E0 00                    2753 	.db #0x00	; 0
    000008E1 00                    2754 	.db #0x00	; 0
    000008E2 00                    2755 	.db #0x00	; 0
    000008E3 00                    2756 	.db #0x00	; 0
    000008E4 00                    2757 	.db #0x00	; 0
    000008E5 00                    2758 	.db #0x00	; 0
    000008E6 06                    2759 	.db #0x06	; 6
    000008E7 60                    2760 	.db #0x60	; 96
    000008E8 00                    2761 	.db #0x00	; 0
    000008E9 00                    2762 	.db #0x00	; 0
    000008EA 00                    2763 	.db #0x00	; 0
    000008EB 06                    2764 	.db #0x06	; 6
    000008EC 60                    2765 	.db #0x60	; 96
    000008ED 00                    2766 	.db #0x00	; 0
    000008EE 00                    2767 	.db #0x00	; 0
    000008EF 00                    2768 	.db #0x00	; 0
    000008F0 00                    2769 	.db #0x00	; 0
    000008F1 00                    2770 	.db #0x00	; 0
    000008F2 00                    2771 	.db #0x00	; 0
    000008F3 00                    2772 	.db #0x00	; 0
    000008F4 00                    2773 	.db #0x00	; 0
    000008F5 01                    2774 	.db #0x01	; 1
    000008F6 89                    2775 	.db #0x89	; 137
    000008F7 98                    2776 	.db #0x98	; 152
    000008F8 00                    2777 	.db #0x00	; 0
    000008F9 00                    2778 	.db #0x00	; 0
    000008FA 00                    2779 	.db #0x00	; 0
    000008FB 00                    2780 	.db #0x00	; 0
    000008FC 00                    2781 	.db #0x00	; 0
    000008FD 00                    2782 	.db #0x00	; 0
    000008FE 00                    2783 	.db #0x00	; 0
    000008FF 00                    2784 	.db #0x00	; 0
    00000900 60                    2785 	.db #0x60	; 96
    00000901 00                    2786 	.db #0x00	; 0
    00000902 06                    2787 	.db #0x06	; 6
    00000903 66                    2788 	.db #0x66	; 102	'f'
    00000904 66                    2789 	.db #0x66	; 102	'f'
    00000905 00                    2790 	.db #0x00	; 0
    00000906 00                    2791 	.db #0x00	; 0
    00000907 00                    2792 	.db #0x00	; 0
    00000908 00                    2793 	.db #0x00	; 0
    00000909 00                    2794 	.db #0x00	; 0
    0000090A 00                    2795 	.db #0x00	; 0
    0000090B 00                    2796 	.db #0x00	; 0
    0000090C 00                    2797 	.db #0x00	; 0
    0000090D 00                    2798 	.db #0x00	; 0
    0000090E 00                    2799 	.db #0x00	; 0
    0000090F 00                    2800 	.db #0x00	; 0
    00000910 00                    2801 	.db #0x00	; 0
    00000911 01                    2802 	.db #0x01	; 1
    00000912 89                    2803 	.db #0x89	; 137
    00000913 98                    2804 	.db #0x98	; 152
    00000914 00                    2805 	.db #0x00	; 0
    00000915 00                    2806 	.db #0x00	; 0
    00000916 00                    2807 	.db #0x00	; 0
    00000917 00                    2808 	.db #0x00	; 0
    00000918 00                    2809 	.db #0x00	; 0
    00000919 00                    2810 	.db #0x00	; 0
    0000091A 00                    2811 	.db #0x00	; 0
    0000091B 00                    2812 	.db #0x00	; 0
    0000091C 00                    2813 	.db #0x00	; 0
    0000091D 00                    2814 	.db #0x00	; 0
    0000091E 06                    2815 	.db #0x06	; 6
    0000091F 66                    2816 	.db #0x66	; 102	'f'
    00000920 66                    2817 	.db #0x66	; 102	'f'
    00000921 66                    2818 	.db #0x66	; 102	'f'
    00000922 00                    2819 	.db #0x00	; 0
    00000923 66                    2820 	.db #0x66	; 102	'f'
    00000924 66                    2821 	.db #0x66	; 102	'f'
    00000925 06                    2822 	.db #0x06	; 6
    00000926 66                    2823 	.db #0x66	; 102	'f'
    00000927 00                    2824 	.db #0x00	; 0
    00000928 00                    2825 	.db #0x00	; 0
    00000929 00                    2826 	.db #0x00	; 0
    0000092A 00                    2827 	.db #0x00	; 0
    0000092B 00                    2828 	.db #0x00	; 0
    0000092C 00                    2829 	.db #0x00	; 0
    0000092D 01                    2830 	.db #0x01	; 1
    0000092E 89                    2831 	.db #0x89	; 137
    0000092F 98                    2832 	.db #0x98	; 152
    00000930 00                    2833 	.db #0x00	; 0
    00000931 00                    2834 	.db #0x00	; 0
    00000932 00                    2835 	.db #0x00	; 0
    00000933 00                    2836 	.db #0x00	; 0
    00000934 00                    2837 	.db #0x00	; 0
    00000935 00                    2838 	.db #0x00	; 0
    00000936 00                    2839 	.db #0x00	; 0
    00000937 00                    2840 	.db #0x00	; 0
    00000938 00                    2841 	.db #0x00	; 0
    00000939 60                    2842 	.db #0x60	; 96
    0000093A 00                    2843 	.db #0x00	; 0
    0000093B 66                    2844 	.db #0x66	; 102	'f'
    0000093C 66                    2845 	.db #0x66	; 102	'f'
    0000093D 66                    2846 	.db #0x66	; 102	'f'
    0000093E 00                    2847 	.db #0x00	; 0
    0000093F 00                    2848 	.db #0x00	; 0
    00000940 06                    2849 	.db #0x06	; 6
    00000941 00                    2850 	.db #0x00	; 0
    00000942 00                    2851 	.db #0x00	; 0
    00000943 00                    2852 	.db #0x00	; 0
    00000944 00                    2853 	.db #0x00	; 0
    00000945 00                    2854 	.db #0x00	; 0
    00000946 00                    2855 	.db #0x00	; 0
    00000947 00                    2856 	.db #0x00	; 0
    00000948 00                    2857 	.db #0x00	; 0
    00000949 01                    2858 	.db #0x01	; 1
    0000094A 89                    2859 	.db #0x89	; 137
    0000094B 98                    2860 	.db #0x98	; 152
    0000094C 00                    2861 	.db #0x00	; 0
    0000094D 00                    2862 	.db #0x00	; 0
    0000094E 00                    2863 	.db #0x00	; 0
    0000094F 00                    2864 	.db #0x00	; 0
    00000950 00                    2865 	.db #0x00	; 0
    00000951 00                    2866 	.db #0x00	; 0
    00000952 00                    2867 	.db #0x00	; 0
    00000953 00                    2868 	.db #0x00	; 0
    00000954 00                    2869 	.db #0x00	; 0
    00000955 00                    2870 	.db #0x00	; 0
    00000956 06                    2871 	.db #0x06	; 6
    00000957 60                    2872 	.db #0x60	; 96
    00000958 00                    2873 	.db #0x00	; 0
    00000959 60                    2874 	.db #0x60	; 96
    0000095A 00                    2875 	.db #0x00	; 0
    0000095B 00                    2876 	.db #0x00	; 0
    0000095C 60                    2877 	.db #0x60	; 96
    0000095D 00                    2878 	.db #0x00	; 0
    0000095E 00                    2879 	.db #0x00	; 0
    0000095F 00                    2880 	.db #0x00	; 0
    00000960 00                    2881 	.db #0x00	; 0
    00000961 00                    2882 	.db #0x00	; 0
    00000962 00                    2883 	.db #0x00	; 0
    00000963 00                    2884 	.db #0x00	; 0
    00000964 00                    2885 	.db #0x00	; 0
    00000965 01                    2886 	.db #0x01	; 1
    00000966 89                    2887 	.db #0x89	; 137
    00000967 98                    2888 	.db #0x98	; 152
    00000968 00                    2889 	.db #0x00	; 0
    00000969 00                    2890 	.db #0x00	; 0
    0000096A 00                    2891 	.db #0x00	; 0
    0000096B 00                    2892 	.db #0x00	; 0
    0000096C 00                    2893 	.db #0x00	; 0
    0000096D 00                    2894 	.db #0x00	; 0
    0000096E 00                    2895 	.db #0x00	; 0
    0000096F 66                    2896 	.db #0x66	; 102	'f'
    00000970 60                    2897 	.db #0x60	; 96
    00000971 00                    2898 	.db #0x00	; 0
    00000972 00                    2899 	.db #0x00	; 0
    00000973 66                    2900 	.db #0x66	; 102	'f'
    00000974 66                    2901 	.db #0x66	; 102	'f'
    00000975 66                    2902 	.db #0x66	; 102	'f'
    00000976 60                    2903 	.db #0x60	; 96
    00000977 00                    2904 	.db #0x00	; 0
    00000978 06                    2905 	.db #0x06	; 6
    00000979 00                    2906 	.db #0x00	; 0
    0000097A 00                    2907 	.db #0x00	; 0
    0000097B 00                    2908 	.db #0x00	; 0
    0000097C 00                    2909 	.db #0x00	; 0
    0000097D 00                    2910 	.db #0x00	; 0
    0000097E 00                    2911 	.db #0x00	; 0
    0000097F 00                    2912 	.db #0x00	; 0
    00000980 00                    2913 	.db #0x00	; 0
    00000981 01                    2914 	.db #0x01	; 1
    00000982 89                    2915 	.db #0x89	; 137
    00000983 98                    2916 	.db #0x98	; 152
    00000984 00                    2917 	.db #0x00	; 0
    00000985 00                    2918 	.db #0x00	; 0
    00000986 00                    2919 	.db #0x00	; 0
    00000987 00                    2920 	.db #0x00	; 0
    00000988 00                    2921 	.db #0x00	; 0
    00000989 00                    2922 	.db #0x00	; 0
    0000098A 00                    2923 	.db #0x00	; 0
    0000098B 00                    2924 	.db #0x00	; 0
    0000098C 00                    2925 	.db #0x00	; 0
    0000098D 00                    2926 	.db #0x00	; 0
    0000098E 06                    2927 	.db #0x06	; 6
    0000098F 66                    2928 	.db #0x66	; 102	'f'
    00000990 60                    2929 	.db #0x60	; 96
    00000991 00                    2930 	.db #0x00	; 0
    00000992 06                    2931 	.db #0x06	; 6
    00000993 60                    2932 	.db #0x60	; 96
    00000994 00                    2933 	.db #0x00	; 0
    00000995 00                    2934 	.db #0x00	; 0
    00000996 00                    2935 	.db #0x00	; 0
    00000997 00                    2936 	.db #0x00	; 0
    00000998 00                    2937 	.db #0x00	; 0
    00000999 00                    2938 	.db #0x00	; 0
    0000099A 00                    2939 	.db #0x00	; 0
    0000099B 00                    2940 	.db #0x00	; 0
    0000099C 00                    2941 	.db #0x00	; 0
    0000099D 01                    2942 	.db #0x01	; 1
    0000099E 89                    2943 	.db #0x89	; 137
    0000099F 98                    2944 	.db #0x98	; 152
    000009A0 00                    2945 	.db #0x00	; 0
    000009A1 00                    2946 	.db #0x00	; 0
    000009A2 00                    2947 	.db #0x00	; 0
    000009A3 00                    2948 	.db #0x00	; 0
    000009A4 00                    2949 	.db #0x00	; 0
    000009A5 00                    2950 	.db #0x00	; 0
    000009A6 00                    2951 	.db #0x00	; 0
    000009A7 00                    2952 	.db #0x00	; 0
    000009A8 00                    2953 	.db #0x00	; 0
    000009A9 06                    2954 	.db #0x06	; 6
    000009AA 00                    2955 	.db #0x00	; 0
    000009AB 66                    2956 	.db #0x66	; 102	'f'
    000009AC 66                    2957 	.db #0x66	; 102	'f'
    000009AD 60                    2958 	.db #0x60	; 96
    000009AE 00                    2959 	.db #0x00	; 0
    000009AF 60                    2960 	.db #0x60	; 96
    000009B0 60                    2961 	.db #0x60	; 96
    000009B1 00                    2962 	.db #0x00	; 0
    000009B2 00                    2963 	.db #0x00	; 0
    000009B3 00                    2964 	.db #0x00	; 0
    000009B4 00                    2965 	.db #0x00	; 0
    000009B5 00                    2966 	.db #0x00	; 0
    000009B6 00                    2967 	.db #0x00	; 0
    000009B7 00                    2968 	.db #0x00	; 0
    000009B8 00                    2969 	.db #0x00	; 0
    000009B9 01                    2970 	.db #0x01	; 1
    000009BA 89                    2971 	.db #0x89	; 137
    000009BB 98                    2972 	.db #0x98	; 152
    000009BC 00                    2973 	.db #0x00	; 0
    000009BD 00                    2974 	.db #0x00	; 0
    000009BE 00                    2975 	.db #0x00	; 0
    000009BF 00                    2976 	.db #0x00	; 0
    000009C0 00                    2977 	.db #0x00	; 0
    000009C1 00                    2978 	.db #0x00	; 0
    000009C2 00                    2979 	.db #0x00	; 0
    000009C3 66                    2980 	.db #0x66	; 102	'f'
    000009C4 60                    2981 	.db #0x60	; 96
    000009C5 00                    2982 	.db #0x00	; 0
    000009C6 00                    2983 	.db #0x00	; 0
    000009C7 66                    2984 	.db #0x66	; 102	'f'
    000009C8 66                    2985 	.db #0x66	; 102	'f'
    000009C9 00                    2986 	.db #0x00	; 0
    000009CA 00                    2987 	.db #0x00	; 0
    000009CB 00                    2988 	.db #0x00	; 0
    000009CC 60                    2989 	.db #0x60	; 96
    000009CD 00                    2990 	.db #0x00	; 0
    000009CE 00                    2991 	.db #0x00	; 0
    000009CF 00                    2992 	.db #0x00	; 0
    000009D0 00                    2993 	.db #0x00	; 0
    000009D1 00                    2994 	.db #0x00	; 0
    000009D2 00                    2995 	.db #0x00	; 0
    000009D3 00                    2996 	.db #0x00	; 0
    000009D4 00                    2997 	.db #0x00	; 0
    000009D5 01                    2998 	.db #0x01	; 1
    000009D6 89                    2999 	.db #0x89	; 137
    000009D7 98                    3000 	.db #0x98	; 152
    000009D8 00                    3001 	.db #0x00	; 0
    000009D9 00                    3002 	.db #0x00	; 0
    000009DA 00                    3003 	.db #0x00	; 0
    000009DB 00                    3004 	.db #0x00	; 0
    000009DC 00                    3005 	.db #0x00	; 0
    000009DD 00                    3006 	.db #0x00	; 0
    000009DE 00                    3007 	.db #0x00	; 0
    000009DF 66                    3008 	.db #0x66	; 102	'f'
    000009E0 60                    3009 	.db #0x60	; 96
    000009E1 00                    3010 	.db #0x00	; 0
    000009E2 00                    3011 	.db #0x00	; 0
    000009E3 00                    3012 	.db #0x00	; 0
    000009E4 06                    3013 	.db #0x06	; 6
    000009E5 66                    3014 	.db #0x66	; 102	'f'
    000009E6 00                    3015 	.db #0x00	; 0
    000009E7 00                    3016 	.db #0x00	; 0
    000009E8 06                    3017 	.db #0x06	; 6
    000009E9 66                    3018 	.db #0x66	; 102	'f'
    000009EA 00                    3019 	.db #0x00	; 0
    000009EB 00                    3020 	.db #0x00	; 0
    000009EC 00                    3021 	.db #0x00	; 0
    000009ED 00                    3022 	.db #0x00	; 0
    000009EE 00                    3023 	.db #0x00	; 0
    000009EF 00                    3024 	.db #0x00	; 0
    000009F0 00                    3025 	.db #0x00	; 0
    000009F1 01                    3026 	.db #0x01	; 1
    000009F2 89                    3027 	.db #0x89	; 137
    000009F3 98                    3028 	.db #0x98	; 152
    000009F4 00                    3029 	.db #0x00	; 0
    000009F5 00                    3030 	.db #0x00	; 0
    000009F6 00                    3031 	.db #0x00	; 0
    000009F7 00                    3032 	.db #0x00	; 0
    000009F8 00                    3033 	.db #0x00	; 0
    000009F9 00                    3034 	.db #0x00	; 0
    000009FA 00                    3035 	.db #0x00	; 0
    000009FB 00                    3036 	.db #0x00	; 0
    000009FC 60                    3037 	.db #0x60	; 96
    000009FD 00                    3038 	.db #0x00	; 0
    000009FE 00                    3039 	.db #0x00	; 0
    000009FF 00                    3040 	.db #0x00	; 0
    00000A00 00                    3041 	.db #0x00	; 0
    00000A01 00                    3042 	.db #0x00	; 0
    00000A02 66                    3043 	.db #0x66	; 102	'f'
    00000A03 00                    3044 	.db #0x00	; 0
    00000A04 00                    3045 	.db #0x00	; 0
    00000A05 00                    3046 	.db #0x00	; 0
    00000A06 00                    3047 	.db #0x00	; 0
    00000A07 00                    3048 	.db #0x00	; 0
    00000A08 00                    3049 	.db #0x00	; 0
    00000A09 00                    3050 	.db #0x00	; 0
    00000A0A 00                    3051 	.db #0x00	; 0
    00000A0B 00                    3052 	.db #0x00	; 0
    00000A0C 00                    3053 	.db #0x00	; 0
    00000A0D 01                    3054 	.db #0x01	; 1
    00000A0E 89                    3055 	.db #0x89	; 137
    00000A0F 98                    3056 	.db #0x98	; 152
    00000A10 00                    3057 	.db #0x00	; 0
    00000A11 00                    3058 	.db #0x00	; 0
    00000A12 00                    3059 	.db #0x00	; 0
    00000A13 00                    3060 	.db #0x00	; 0
    00000A14 00                    3061 	.db #0x00	; 0
    00000A15 00                    3062 	.db #0x00	; 0
    00000A16 00                    3063 	.db #0x00	; 0
    00000A17 00                    3064 	.db #0x00	; 0
    00000A18 00                    3065 	.db #0x00	; 0
    00000A19 06                    3066 	.db #0x06	; 6
    00000A1A 00                    3067 	.db #0x00	; 0
    00000A1B 00                    3068 	.db #0x00	; 0
    00000A1C 06                    3069 	.db #0x06	; 6
    00000A1D 60                    3070 	.db #0x60	; 96
    00000A1E 00                    3071 	.db #0x00	; 0
    00000A1F 66                    3072 	.db #0x66	; 102	'f'
    00000A20 60                    3073 	.db #0x60	; 96
    00000A21 00                    3074 	.db #0x00	; 0
    00000A22 00                    3075 	.db #0x00	; 0
    00000A23 00                    3076 	.db #0x00	; 0
    00000A24 00                    3077 	.db #0x00	; 0
    00000A25 00                    3078 	.db #0x00	; 0
    00000A26 00                    3079 	.db #0x00	; 0
    00000A27 00                    3080 	.db #0x00	; 0
    00000A28 00                    3081 	.db #0x00	; 0
    00000A29 01                    3082 	.db #0x01	; 1
    00000A2A 89                    3083 	.db #0x89	; 137
    00000A2B 98                    3084 	.db #0x98	; 152
    00000A2C 00                    3085 	.db #0x00	; 0
    00000A2D 00                    3086 	.db #0x00	; 0
    00000A2E 00                    3087 	.db #0x00	; 0
    00000A2F 00                    3088 	.db #0x00	; 0
    00000A30 00                    3089 	.db #0x00	; 0
    00000A31 00                    3090 	.db #0x00	; 0
    00000A32 00                    3091 	.db #0x00	; 0
    00000A33 66                    3092 	.db #0x66	; 102	'f'
    00000A34 60                    3093 	.db #0x60	; 96
    00000A35 00                    3094 	.db #0x00	; 0
    00000A36 06                    3095 	.db #0x06	; 6
    00000A37 00                    3096 	.db #0x00	; 0
    00000A38 66                    3097 	.db #0x66	; 102	'f'
    00000A39 06                    3098 	.db #0x06	; 6
    00000A3A 66                    3099 	.db #0x66	; 102	'f'
    00000A3B 06                    3100 	.db #0x06	; 6
    00000A3C 00                    3101 	.db #0x00	; 0
    00000A3D 00                    3102 	.db #0x00	; 0
    00000A3E 00                    3103 	.db #0x00	; 0
    00000A3F 00                    3104 	.db #0x00	; 0
    00000A40 00                    3105 	.db #0x00	; 0
    00000A41 00                    3106 	.db #0x00	; 0
    00000A42 00                    3107 	.db #0x00	; 0
    00000A43 00                    3108 	.db #0x00	; 0
    00000A44 00                    3109 	.db #0x00	; 0
    00000A45 01                    3110 	.db #0x01	; 1
    00000A46 89                    3111 	.db #0x89	; 137
    00000A47 98                    3112 	.db #0x98	; 152
    00000A48 00                    3113 	.db #0x00	; 0
    00000A49 00                    3114 	.db #0x00	; 0
    00000A4A 00                    3115 	.db #0x00	; 0
    00000A4B 00                    3116 	.db #0x00	; 0
    00000A4C 00                    3117 	.db #0x00	; 0
    00000A4D 00                    3118 	.db #0x00	; 0
    00000A4E 00                    3119 	.db #0x00	; 0
    00000A4F 66                    3120 	.db #0x66	; 102	'f'
    00000A50 66                    3121 	.db #0x66	; 102	'f'
    00000A51 00                    3122 	.db #0x00	; 0
    00000A52 00                    3123 	.db #0x00	; 0
    00000A53 00                    3124 	.db #0x00	; 0
    00000A54 00                    3125 	.db #0x00	; 0
    00000A55 00                    3126 	.db #0x00	; 0
    00000A56 00                    3127 	.db #0x00	; 0
    00000A57 00                    3128 	.db #0x00	; 0
    00000A58 06                    3129 	.db #0x06	; 6
    00000A59 66                    3130 	.db #0x66	; 102	'f'
    00000A5A 00                    3131 	.db #0x00	; 0
    00000A5B 00                    3132 	.db #0x00	; 0
    00000A5C 00                    3133 	.db #0x00	; 0
    00000A5D 00                    3134 	.db #0x00	; 0
    00000A5E 00                    3135 	.db #0x00	; 0
    00000A5F 00                    3136 	.db #0x00	; 0
    00000A60 00                    3137 	.db #0x00	; 0
    00000A61 01                    3138 	.db #0x01	; 1
    00000A62 89                    3139 	.db #0x89	; 137
    00000A63 98                    3140 	.db #0x98	; 152
    00000A64 00                    3141 	.db #0x00	; 0
    00000A65 00                    3142 	.db #0x00	; 0
    00000A66 00                    3143 	.db #0x00	; 0
    00000A67 00                    3144 	.db #0x00	; 0
    00000A68 00                    3145 	.db #0x00	; 0
    00000A69 00                    3146 	.db #0x00	; 0
    00000A6A 00                    3147 	.db #0x00	; 0
    00000A6B 00                    3148 	.db #0x00	; 0
    00000A6C 60                    3149 	.db #0x60	; 96
    00000A6D 00                    3150 	.db #0x00	; 0
    00000A6E 00                    3151 	.db #0x00	; 0
    00000A6F 00                    3152 	.db #0x00	; 0
    00000A70 00                    3153 	.db #0x00	; 0
    00000A71 06                    3154 	.db #0x06	; 6
    00000A72 60                    3155 	.db #0x60	; 96
    00000A73 60                    3156 	.db #0x60	; 96
    00000A74 00                    3157 	.db #0x00	; 0
    00000A75 00                    3158 	.db #0x00	; 0
    00000A76 00                    3159 	.db #0x00	; 0
    00000A77 00                    3160 	.db #0x00	; 0
    00000A78 00                    3161 	.db #0x00	; 0
    00000A79 00                    3162 	.db #0x00	; 0
    00000A7A 00                    3163 	.db #0x00	; 0
    00000A7B 00                    3164 	.db #0x00	; 0
    00000A7C 00                    3165 	.db #0x00	; 0
    00000A7D 01                    3166 	.db #0x01	; 1
    00000A7E 89                    3167 	.db #0x89	; 137
    00000A7F 98                    3168 	.db #0x98	; 152
    00000A80 00                    3169 	.db #0x00	; 0
    00000A81 00                    3170 	.db #0x00	; 0
    00000A82 00                    3171 	.db #0x00	; 0
    00000A83 00                    3172 	.db #0x00	; 0
    00000A84 00                    3173 	.db #0x00	; 0
    00000A85 00                    3174 	.db #0x00	; 0
    00000A86 00                    3175 	.db #0x00	; 0
    00000A87 00                    3176 	.db #0x00	; 0
    00000A88 00                    3177 	.db #0x00	; 0
    00000A89 00                    3178 	.db #0x00	; 0
    00000A8A 66                    3179 	.db #0x66	; 102	'f'
    00000A8B 00                    3180 	.db #0x00	; 0
    00000A8C 00                    3181 	.db #0x00	; 0
    00000A8D 06                    3182 	.db #0x06	; 6
    00000A8E 66                    3183 	.db #0x66	; 102	'f'
    00000A8F 00                    3184 	.db #0x00	; 0
    00000A90 00                    3185 	.db #0x00	; 0
    00000A91 00                    3186 	.db #0x00	; 0
    00000A92 00                    3187 	.db #0x00	; 0
    00000A93 00                    3188 	.db #0x00	; 0
    00000A94 00                    3189 	.db #0x00	; 0
    00000A95 00                    3190 	.db #0x00	; 0
    00000A96 00                    3191 	.db #0x00	; 0
    00000A97 00                    3192 	.db #0x00	; 0
    00000A98 00                    3193 	.db #0x00	; 0
    00000A99 01                    3194 	.db #0x01	; 1
    00000A9A 89                    3195 	.db #0x89	; 137
    00000A9B 98                    3196 	.db #0x98	; 152
    00000A9C 00                    3197 	.db #0x00	; 0
    00000A9D 00                    3198 	.db #0x00	; 0
    00000A9E 00                    3199 	.db #0x00	; 0
    00000A9F 00                    3200 	.db #0x00	; 0
    00000AA0 00                    3201 	.db #0x00	; 0
    00000AA1 00                    3202 	.db #0x00	; 0
    00000AA2 66                    3203 	.db #0x66	; 102	'f'
    00000AA3 66                    3204 	.db #0x66	; 102	'f'
    00000AA4 60                    3205 	.db #0x60	; 96
    00000AA5 00                    3206 	.db #0x00	; 0
    00000AA6 06                    3207 	.db #0x06	; 6
    00000AA7 00                    3208 	.db #0x00	; 0
    00000AA8 00                    3209 	.db #0x00	; 0
    00000AA9 66                    3210 	.db #0x66	; 102	'f'
    00000AAA 66                    3211 	.db #0x66	; 102	'f'
    00000AAB 66                    3212 	.db #0x66	; 102	'f'
    00000AAC 00                    3213 	.db #0x00	; 0
    00000AAD 00                    3214 	.db #0x00	; 0
    00000AAE 00                    3215 	.db #0x00	; 0
    00000AAF 00                    3216 	.db #0x00	; 0
    00000AB0 00                    3217 	.db #0x00	; 0
    00000AB1 00                    3218 	.db #0x00	; 0
    00000AB2 00                    3219 	.db #0x00	; 0
    00000AB3 00                    3220 	.db #0x00	; 0
    00000AB4 00                    3221 	.db #0x00	; 0
    00000AB5 01                    3222 	.db #0x01	; 1
    00000AB6 89                    3223 	.db #0x89	; 137
    00000AB7 98                    3224 	.db #0x98	; 152
    00000AB8 00                    3225 	.db #0x00	; 0
    00000AB9 00                    3226 	.db #0x00	; 0
    00000ABA 00                    3227 	.db #0x00	; 0
    00000ABB 00                    3228 	.db #0x00	; 0
    00000ABC 00                    3229 	.db #0x00	; 0
    00000ABD 00                    3230 	.db #0x00	; 0
    00000ABE 66                    3231 	.db #0x66	; 102	'f'
    00000ABF 66                    3232 	.db #0x66	; 102	'f'
    00000AC0 66                    3233 	.db #0x66	; 102	'f'
    00000AC1 66                    3234 	.db #0x66	; 102	'f'
    00000AC2 66                    3235 	.db #0x66	; 102	'f'
    00000AC3 60                    3236 	.db #0x60	; 96
    00000AC4 00                    3237 	.db #0x00	; 0
    00000AC5 00                    3238 	.db #0x00	; 0
    00000AC6 00                    3239 	.db #0x00	; 0
    00000AC7 66                    3240 	.db #0x66	; 102	'f'
    00000AC8 66                    3241 	.db #0x66	; 102	'f'
    00000AC9 66                    3242 	.db #0x66	; 102	'f'
    00000ACA 66                    3243 	.db #0x66	; 102	'f'
    00000ACB 00                    3244 	.db #0x00	; 0
    00000ACC 00                    3245 	.db #0x00	; 0
    00000ACD 00                    3246 	.db #0x00	; 0
    00000ACE 00                    3247 	.db #0x00	; 0
    00000ACF 00                    3248 	.db #0x00	; 0
    00000AD0 00                    3249 	.db #0x00	; 0
    00000AD1 01                    3250 	.db #0x01	; 1
    00000AD2 89                    3251 	.db #0x89	; 137
    00000AD3 98                    3252 	.db #0x98	; 152
    00000AD4 00                    3253 	.db #0x00	; 0
    00000AD5 00                    3254 	.db #0x00	; 0
    00000AD6 00                    3255 	.db #0x00	; 0
    00000AD7 00                    3256 	.db #0x00	; 0
    00000AD8 00                    3257 	.db #0x00	; 0
    00000AD9 00                    3258 	.db #0x00	; 0
    00000ADA 00                    3259 	.db #0x00	; 0
    00000ADB 66                    3260 	.db #0x66	; 102	'f'
    00000ADC 60                    3261 	.db #0x60	; 96
    00000ADD 00                    3262 	.db #0x00	; 0
    00000ADE 00                    3263 	.db #0x00	; 0
    00000ADF 00                    3264 	.db #0x00	; 0
    00000AE0 06                    3265 	.db #0x06	; 6
    00000AE1 66                    3266 	.db #0x66	; 102	'f'
    00000AE2 06                    3267 	.db #0x06	; 6
    00000AE3 66                    3268 	.db #0x66	; 102	'f'
    00000AE4 66                    3269 	.db #0x66	; 102	'f'
    00000AE5 06                    3270 	.db #0x06	; 6
    00000AE6 66                    3271 	.db #0x66	; 102	'f'
    00000AE7 00                    3272 	.db #0x00	; 0
    00000AE8 00                    3273 	.db #0x00	; 0
    00000AE9 00                    3274 	.db #0x00	; 0
    00000AEA 00                    3275 	.db #0x00	; 0
    00000AEB 00                    3276 	.db #0x00	; 0
    00000AEC 00                    3277 	.db #0x00	; 0
    00000AED 01                    3278 	.db #0x01	; 1
    00000AEE 89                    3279 	.db #0x89	; 137
    00000AEF 98                    3280 	.db #0x98	; 152
    00000AF0 00                    3281 	.db #0x00	; 0
    00000AF1 00                    3282 	.db #0x00	; 0
    00000AF2 00                    3283 	.db #0x00	; 0
    00000AF3 00                    3284 	.db #0x00	; 0
    00000AF4 00                    3285 	.db #0x00	; 0
    00000AF5 00                    3286 	.db #0x00	; 0
    00000AF6 00                    3287 	.db #0x00	; 0
    00000AF7 00                    3288 	.db #0x00	; 0
    00000AF8 00                    3289 	.db #0x00	; 0
    00000AF9 00                    3290 	.db #0x00	; 0
    00000AFA 66                    3291 	.db #0x66	; 102	'f'
    00000AFB 00                    3292 	.db #0x00	; 0
    00000AFC 60                    3293 	.db #0x60	; 96
    00000AFD 00                    3294 	.db #0x00	; 0
    00000AFE 66                    3295 	.db #0x66	; 102	'f'
    00000AFF 00                    3296 	.db #0x00	; 0
    00000B00 00                    3297 	.db #0x00	; 0
    00000B01 00                    3298 	.db #0x00	; 0
    00000B02 00                    3299 	.db #0x00	; 0
    00000B03 00                    3300 	.db #0x00	; 0
    00000B04 00                    3301 	.db #0x00	; 0
    00000B05 00                    3302 	.db #0x00	; 0
    00000B06 00                    3303 	.db #0x00	; 0
    00000B07 00                    3304 	.db #0x00	; 0
    00000B08 00                    3305 	.db #0x00	; 0
    00000B09 01                    3306 	.db #0x01	; 1
    00000B0A 89                    3307 	.db #0x89	; 137
    00000B0B 98                    3308 	.db #0x98	; 152
    00000B0C 00                    3309 	.db #0x00	; 0
    00000B0D 00                    3310 	.db #0x00	; 0
    00000B0E 00                    3311 	.db #0x00	; 0
    00000B0F 00                    3312 	.db #0x00	; 0
    00000B10 00                    3313 	.db #0x00	; 0
    00000B11 00                    3314 	.db #0x00	; 0
    00000B12 66                    3315 	.db #0x66	; 102	'f'
    00000B13 66                    3316 	.db #0x66	; 102	'f'
    00000B14 66                    3317 	.db #0x66	; 102	'f'
    00000B15 66                    3318 	.db #0x66	; 102	'f'
    00000B16 00                    3319 	.db #0x00	; 0
    00000B17 66                    3320 	.db #0x66	; 102	'f'
    00000B18 06                    3321 	.db #0x06	; 6
    00000B19 06                    3322 	.db #0x06	; 6
    00000B1A 60                    3323 	.db #0x60	; 96
    00000B1B 00                    3324 	.db #0x00	; 0
    00000B1C 00                    3325 	.db #0x00	; 0
    00000B1D 00                    3326 	.db #0x00	; 0
    00000B1E 00                    3327 	.db #0x00	; 0
    00000B1F 00                    3328 	.db #0x00	; 0
    00000B20 00                    3329 	.db #0x00	; 0
    00000B21 00                    3330 	.db #0x00	; 0
    00000B22 00                    3331 	.db #0x00	; 0
    00000B23 00                    3332 	.db #0x00	; 0
    00000B24 00                    3333 	.db #0x00	; 0
    00000B25 01                    3334 	.db #0x01	; 1
    00000B26 89                    3335 	.db #0x89	; 137
    00000B27 98                    3336 	.db #0x98	; 152
    00000B28 00                    3337 	.db #0x00	; 0
    00000B29 00                    3338 	.db #0x00	; 0
    00000B2A 00                    3339 	.db #0x00	; 0
    00000B2B 00                    3340 	.db #0x00	; 0
    00000B2C 00                    3341 	.db #0x00	; 0
    00000B2D 00                    3342 	.db #0x00	; 0
    00000B2E 66                    3343 	.db #0x66	; 102	'f'
    00000B2F 60                    3344 	.db #0x60	; 96
    00000B30 00                    3345 	.db #0x00	; 0
    00000B31 66                    3346 	.db #0x66	; 102	'f'
    00000B32 66                    3347 	.db #0x66	; 102	'f'
    00000B33 66                    3348 	.db #0x66	; 102	'f'
    00000B34 60                    3349 	.db #0x60	; 96
    00000B35 06                    3350 	.db #0x06	; 6
    00000B36 66                    3351 	.db #0x66	; 102	'f'
    00000B37 66                    3352 	.db #0x66	; 102	'f'
    00000B38 66                    3353 	.db #0x66	; 102	'f'
    00000B39 66                    3354 	.db #0x66	; 102	'f'
    00000B3A 66                    3355 	.db #0x66	; 102	'f'
    00000B3B 00                    3356 	.db #0x00	; 0
    00000B3C 00                    3357 	.db #0x00	; 0
    00000B3D 00                    3358 	.db #0x00	; 0
    00000B3E 00                    3359 	.db #0x00	; 0
    00000B3F 00                    3360 	.db #0x00	; 0
    00000B40 00                    3361 	.db #0x00	; 0
    00000B41 01                    3362 	.db #0x01	; 1
    00000B42 89                    3363 	.db #0x89	; 137
    00000B43 98                    3364 	.db #0x98	; 152
    00000B44 00                    3365 	.db #0x00	; 0
    00000B45 00                    3366 	.db #0x00	; 0
    00000B46 00                    3367 	.db #0x00	; 0
    00000B47 00                    3368 	.db #0x00	; 0
    00000B48 00                    3369 	.db #0x00	; 0
    00000B49 00                    3370 	.db #0x00	; 0
    00000B4A 00                    3371 	.db #0x00	; 0
    00000B4B 66                    3372 	.db #0x66	; 102	'f'
    00000B4C 66                    3373 	.db #0x66	; 102	'f'
    00000B4D 66                    3374 	.db #0x66	; 102	'f'
    00000B4E 66                    3375 	.db #0x66	; 102	'f'
    00000B4F 66                    3376 	.db #0x66	; 102	'f'
    00000B50 66                    3377 	.db #0x66	; 102	'f'
    00000B51 66                    3378 	.db #0x66	; 102	'f'
    00000B52 66                    3379 	.db #0x66	; 102	'f'
    00000B53 66                    3380 	.db #0x66	; 102	'f'
    00000B54 66                    3381 	.db #0x66	; 102	'f'
    00000B55 66                    3382 	.db #0x66	; 102	'f'
    00000B56 66                    3383 	.db #0x66	; 102	'f'
    00000B57 00                    3384 	.db #0x00	; 0
    00000B58 00                    3385 	.db #0x00	; 0
    00000B59 00                    3386 	.db #0x00	; 0
    00000B5A 00                    3387 	.db #0x00	; 0
    00000B5B 00                    3388 	.db #0x00	; 0
    00000B5C 00                    3389 	.db #0x00	; 0
    00000B5D 01                    3390 	.db #0x01	; 1
    00000B5E 89                    3391 	.db #0x89	; 137
    00000B5F 98                    3392 	.db #0x98	; 152
    00000B60 00                    3393 	.db #0x00	; 0
    00000B61 00                    3394 	.db #0x00	; 0
    00000B62 00                    3395 	.db #0x00	; 0
    00000B63 00                    3396 	.db #0x00	; 0
    00000B64 00                    3397 	.db #0x00	; 0
    00000B65 00                    3398 	.db #0x00	; 0
    00000B66 00                    3399 	.db #0x00	; 0
    00000B67 00                    3400 	.db #0x00	; 0
    00000B68 00                    3401 	.db #0x00	; 0
    00000B69 00                    3402 	.db #0x00	; 0
    00000B6A 00                    3403 	.db #0x00	; 0
    00000B6B 66                    3404 	.db #0x66	; 102	'f'
    00000B6C 06                    3405 	.db #0x06	; 6
    00000B6D 60                    3406 	.db #0x60	; 96
    00000B6E 66                    3407 	.db #0x66	; 102	'f'
    00000B6F 00                    3408 	.db #0x00	; 0
    00000B70 00                    3409 	.db #0x00	; 0
    00000B71 00                    3410 	.db #0x00	; 0
    00000B72 00                    3411 	.db #0x00	; 0
    00000B73 00                    3412 	.db #0x00	; 0
    00000B74 00                    3413 	.db #0x00	; 0
    00000B75 00                    3414 	.db #0x00	; 0
    00000B76 00                    3415 	.db #0x00	; 0
    00000B77 00                    3416 	.db #0x00	; 0
    00000B78 00                    3417 	.db #0x00	; 0
    00000B79 01                    3418 	.db #0x01	; 1
    00000B7A 89                    3419 	.db #0x89	; 137
    00000B7B 98                    3420 	.db #0x98	; 152
    00000B7C 00                    3421 	.db #0x00	; 0
    00000B7D 00                    3422 	.db #0x00	; 0
    00000B7E 00                    3423 	.db #0x00	; 0
    00000B7F 00                    3424 	.db #0x00	; 0
    00000B80 00                    3425 	.db #0x00	; 0
    00000B81 00                    3426 	.db #0x00	; 0
    00000B82 66                    3427 	.db #0x66	; 102	'f'
    00000B83 60                    3428 	.db #0x60	; 96
    00000B84 66                    3429 	.db #0x66	; 102	'f'
    00000B85 66                    3430 	.db #0x66	; 102	'f'
    00000B86 00                    3431 	.db #0x00	; 0
    00000B87 66                    3432 	.db #0x66	; 102	'f'
    00000B88 66                    3433 	.db #0x66	; 102	'f'
    00000B89 00                    3434 	.db #0x00	; 0
    00000B8A 60                    3435 	.db #0x60	; 96
    00000B8B 00                    3436 	.db #0x00	; 0
    00000B8C 00                    3437 	.db #0x00	; 0
    00000B8D 00                    3438 	.db #0x00	; 0
    00000B8E 00                    3439 	.db #0x00	; 0
    00000B8F 00                    3440 	.db #0x00	; 0
    00000B90 00                    3441 	.db #0x00	; 0
    00000B91 00                    3442 	.db #0x00	; 0
    00000B92 00                    3443 	.db #0x00	; 0
    00000B93 00                    3444 	.db #0x00	; 0
    00000B94 00                    3445 	.db #0x00	; 0
    00000B95 01                    3446 	.db #0x01	; 1
    00000B96 89                    3447 	.db #0x89	; 137
    00000B97 98                    3448 	.db #0x98	; 152
    00000B98 00                    3449 	.db #0x00	; 0
    00000B99 00                    3450 	.db #0x00	; 0
    00000B9A 00                    3451 	.db #0x00	; 0
    00000B9B 00                    3452 	.db #0x00	; 0
    00000B9C 00                    3453 	.db #0x00	; 0
    00000B9D 00                    3454 	.db #0x00	; 0
    00000B9E 66                    3455 	.db #0x66	; 102	'f'
    00000B9F 00                    3456 	.db #0x00	; 0
    00000BA0 00                    3457 	.db #0x00	; 0
    00000BA1 00                    3458 	.db #0x00	; 0
    00000BA2 00                    3459 	.db #0x00	; 0
    00000BA3 66                    3460 	.db #0x66	; 102	'f'
    00000BA4 66                    3461 	.db #0x66	; 102	'f'
    00000BA5 66                    3462 	.db #0x66	; 102	'f'
    00000BA6 66                    3463 	.db #0x66	; 102	'f'
    00000BA7 60                    3464 	.db #0x60	; 96
    00000BA8 00                    3465 	.db #0x00	; 0
    00000BA9 06                    3466 	.db #0x06	; 6
    00000BAA 66                    3467 	.db #0x66	; 102	'f'
    00000BAB 00                    3468 	.db #0x00	; 0
    00000BAC 00                    3469 	.db #0x00	; 0
    00000BAD 00                    3470 	.db #0x00	; 0
    00000BAE 00                    3471 	.db #0x00	; 0
    00000BAF 00                    3472 	.db #0x00	; 0
    00000BB0 00                    3473 	.db #0x00	; 0
    00000BB1 01                    3474 	.db #0x01	; 1
    00000BB2 89                    3475 	.db #0x89	; 137
    00000BB3 98                    3476 	.db #0x98	; 152
    00000BB4 00                    3477 	.db #0x00	; 0
    00000BB5 00                    3478 	.db #0x00	; 0
    00000BB6 00                    3479 	.db #0x00	; 0
    00000BB7 00                    3480 	.db #0x00	; 0
    00000BB8 00                    3481 	.db #0x00	; 0
    00000BB9 00                    3482 	.db #0x00	; 0
    00000BBA 66                    3483 	.db #0x66	; 102	'f'
    00000BBB 66                    3484 	.db #0x66	; 102	'f'
    00000BBC 66                    3485 	.db #0x66	; 102	'f'
    00000BBD 66                    3486 	.db #0x66	; 102	'f'
    00000BBE 66                    3487 	.db #0x66	; 102	'f'
    00000BBF 66                    3488 	.db #0x66	; 102	'f'
    00000BC0 66                    3489 	.db #0x66	; 102	'f'
    00000BC1 66                    3490 	.db #0x66	; 102	'f'
    00000BC2 60                    3491 	.db #0x60	; 96
    00000BC3 00                    3492 	.db #0x00	; 0
    00000BC4 06                    3493 	.db #0x06	; 6
    00000BC5 66                    3494 	.db #0x66	; 102	'f'
    00000BC6 66                    3495 	.db #0x66	; 102	'f'
    00000BC7 00                    3496 	.db #0x00	; 0
    00000BC8 00                    3497 	.db #0x00	; 0
    00000BC9 00                    3498 	.db #0x00	; 0
    00000BCA 00                    3499 	.db #0x00	; 0
    00000BCB 00                    3500 	.db #0x00	; 0
    00000BCC 00                    3501 	.db #0x00	; 0
    00000BCD 01                    3502 	.db #0x01	; 1
    00000BCE 89                    3503 	.db #0x89	; 137
    00000BCF 98                    3504 	.db #0x98	; 152
    00000BD0 00                    3505 	.db #0x00	; 0
    00000BD1 00                    3506 	.db #0x00	; 0
    00000BD2 00                    3507 	.db #0x00	; 0
    00000BD3 00                    3508 	.db #0x00	; 0
    00000BD4 00                    3509 	.db #0x00	; 0
    00000BD5 00                    3510 	.db #0x00	; 0
    00000BD6 00                    3511 	.db #0x00	; 0
    00000BD7 06                    3512 	.db #0x06	; 6
    00000BD8 66                    3513 	.db #0x66	; 102	'f'
    00000BD9 00                    3514 	.db #0x00	; 0
    00000BDA 00                    3515 	.db #0x00	; 0
    00000BDB 66                    3516 	.db #0x66	; 102	'f'
    00000BDC 06                    3517 	.db #0x06	; 6
    00000BDD 66                    3518 	.db #0x66	; 102	'f'
    00000BDE 06                    3519 	.db #0x06	; 6
    00000BDF 00                    3520 	.db #0x00	; 0
    00000BE0 00                    3521 	.db #0x00	; 0
    00000BE1 66                    3522 	.db #0x66	; 102	'f'
    00000BE2 60                    3523 	.db #0x60	; 96
    00000BE3 00                    3524 	.db #0x00	; 0
    00000BE4 00                    3525 	.db #0x00	; 0
    00000BE5 00                    3526 	.db #0x00	; 0
    00000BE6 00                    3527 	.db #0x00	; 0
    00000BE7 00                    3528 	.db #0x00	; 0
    00000BE8 00                    3529 	.db #0x00	; 0
    00000BE9 01                    3530 	.db #0x01	; 1
    00000BEA 89                    3531 	.db #0x89	; 137
    00000BEB 98                    3532 	.db #0x98	; 152
    00000BEC 00                    3533 	.db #0x00	; 0
    00000BED 00                    3534 	.db #0x00	; 0
    00000BEE 00                    3535 	.db #0x00	; 0
    00000BEF 00                    3536 	.db #0x00	; 0
    00000BF0 00                    3537 	.db #0x00	; 0
    00000BF1 00                    3538 	.db #0x00	; 0
    00000BF2 00                    3539 	.db #0x00	; 0
    00000BF3 00                    3540 	.db #0x00	; 0
    00000BF4 00                    3541 	.db #0x00	; 0
    00000BF5 06                    3542 	.db #0x06	; 6
    00000BF6 60                    3543 	.db #0x60	; 96
    00000BF7 00                    3544 	.db #0x00	; 0
    00000BF8 66                    3545 	.db #0x66	; 102	'f'
    00000BF9 60                    3546 	.db #0x60	; 96
    00000BFA 00                    3547 	.db #0x00	; 0
    00000BFB 00                    3548 	.db #0x00	; 0
    00000BFC 00                    3549 	.db #0x00	; 0
    00000BFD 66                    3550 	.db #0x66	; 102	'f'
    00000BFE 00                    3551 	.db #0x00	; 0
    00000BFF 00                    3552 	.db #0x00	; 0
    00000C00 00                    3553 	.db #0x00	; 0
    00000C01 00                    3554 	.db #0x00	; 0
    00000C02 00                    3555 	.db #0x00	; 0
    00000C03 00                    3556 	.db #0x00	; 0
    00000C04 00                    3557 	.db #0x00	; 0
    00000C05 01                    3558 	.db #0x01	; 1
    00000C06 89                    3559 	.db #0x89	; 137
    00000C07 98                    3560 	.db #0x98	; 152
    00000C08 00                    3561 	.db #0x00	; 0
    00000C09 00                    3562 	.db #0x00	; 0
    00000C0A 00                    3563 	.db #0x00	; 0
    00000C0B 00                    3564 	.db #0x00	; 0
    00000C0C 00                    3565 	.db #0x00	; 0
    00000C0D 00                    3566 	.db #0x00	; 0
    00000C0E 00                    3567 	.db #0x00	; 0
    00000C0F 00                    3568 	.db #0x00	; 0
    00000C10 00                    3569 	.db #0x00	; 0
    00000C11 00                    3570 	.db #0x00	; 0
    00000C12 06                    3571 	.db #0x06	; 6
    00000C13 66                    3572 	.db #0x66	; 102	'f'
    00000C14 66                    3573 	.db #0x66	; 102	'f'
    00000C15 66                    3574 	.db #0x66	; 102	'f'
    00000C16 00                    3575 	.db #0x00	; 0
    00000C17 00                    3576 	.db #0x00	; 0
    00000C18 00                    3577 	.db #0x00	; 0
    00000C19 00                    3578 	.db #0x00	; 0
    00000C1A 00                    3579 	.db #0x00	; 0
    00000C1B 00                    3580 	.db #0x00	; 0
    00000C1C 00                    3581 	.db #0x00	; 0
    00000C1D 00                    3582 	.db #0x00	; 0
    00000C1E 00                    3583 	.db #0x00	; 0
    00000C1F 00                    3584 	.db #0x00	; 0
    00000C20 00                    3585 	.db #0x00	; 0
    00000C21 01                    3586 	.db #0x01	; 1
    00000C22 89                    3587 	.db #0x89	; 137
    00000C23 98                    3588 	.db #0x98	; 152
    00000C24 00                    3589 	.db #0x00	; 0
    00000C25 00                    3590 	.db #0x00	; 0
    00000C26 00                    3591 	.db #0x00	; 0
    00000C27 00                    3592 	.db #0x00	; 0
    00000C28 00                    3593 	.db #0x00	; 0
    00000C29 00                    3594 	.db #0x00	; 0
    00000C2A 66                    3595 	.db #0x66	; 102	'f'
    00000C2B 66                    3596 	.db #0x66	; 102	'f'
    00000C2C 00                    3597 	.db #0x00	; 0
    00000C2D 00                    3598 	.db #0x00	; 0
    00000C2E 00                    3599 	.db #0x00	; 0
    00000C2F 66                    3600 	.db #0x66	; 102	'f'
    00000C30 60                    3601 	.db #0x60	; 96
    00000C31 00                    3602 	.db #0x00	; 0
    00000C32 00                    3603 	.db #0x00	; 0
    00000C33 00                    3604 	.db #0x00	; 0
    00000C34 06                    3605 	.db #0x06	; 6
    00000C35 66                    3606 	.db #0x66	; 102	'f'
    00000C36 00                    3607 	.db #0x00	; 0
    00000C37 00                    3608 	.db #0x00	; 0
    00000C38 00                    3609 	.db #0x00	; 0
    00000C39 00                    3610 	.db #0x00	; 0
    00000C3A 00                    3611 	.db #0x00	; 0
    00000C3B 00                    3612 	.db #0x00	; 0
    00000C3C 00                    3613 	.db #0x00	; 0
    00000C3D 01                    3614 	.db #0x01	; 1
    00000C3E 89                    3615 	.db #0x89	; 137
    00000C3F 98                    3616 	.db #0x98	; 152
    00000C40 00                    3617 	.db #0x00	; 0
    00000C41 00                    3618 	.db #0x00	; 0
    00000C42 00                    3619 	.db #0x00	; 0
    00000C43 00                    3620 	.db #0x00	; 0
    00000C44 00                    3621 	.db #0x00	; 0
    00000C45 00                    3622 	.db #0x00	; 0
    00000C46 00                    3623 	.db #0x00	; 0
    00000C47 06                    3624 	.db #0x06	; 6
    00000C48 66                    3625 	.db #0x66	; 102	'f'
    00000C49 00                    3626 	.db #0x00	; 0
    00000C4A 00                    3627 	.db #0x00	; 0
    00000C4B 66                    3628 	.db #0x66	; 102	'f'
    00000C4C 60                    3629 	.db #0x60	; 96
    00000C4D 00                    3630 	.db #0x00	; 0
    00000C4E 00                    3631 	.db #0x00	; 0
    00000C4F 00                    3632 	.db #0x00	; 0
    00000C50 00                    3633 	.db #0x00	; 0
    00000C51 66                    3634 	.db #0x66	; 102	'f'
    00000C52 60                    3635 	.db #0x60	; 96
    00000C53 00                    3636 	.db #0x00	; 0
    00000C54 00                    3637 	.db #0x00	; 0
    00000C55 00                    3638 	.db #0x00	; 0
    00000C56 00                    3639 	.db #0x00	; 0
    00000C57 00                    3640 	.db #0x00	; 0
    00000C58 00                    3641 	.db #0x00	; 0
    00000C59 01                    3642 	.db #0x01	; 1
    00000C5A 89                    3643 	.db #0x89	; 137
    00000C5B 98                    3644 	.db #0x98	; 152
    00000C5C 00                    3645 	.db #0x00	; 0
    00000C5D 00                    3646 	.db #0x00	; 0
    00000C5E 00                    3647 	.db #0x00	; 0
    00000C5F 00                    3648 	.db #0x00	; 0
    00000C60 00                    3649 	.db #0x00	; 0
    00000C61 00                    3650 	.db #0x00	; 0
    00000C62 00                    3651 	.db #0x00	; 0
    00000C63 00                    3652 	.db #0x00	; 0
    00000C64 00                    3653 	.db #0x00	; 0
    00000C65 00                    3654 	.db #0x00	; 0
    00000C66 66                    3655 	.db #0x66	; 102	'f'
    00000C67 00                    3656 	.db #0x00	; 0
    00000C68 00                    3657 	.db #0x00	; 0
    00000C69 66                    3658 	.db #0x66	; 102	'f'
    00000C6A 60                    3659 	.db #0x60	; 96
    00000C6B 00                    3660 	.db #0x00	; 0
    00000C6C 06                    3661 	.db #0x06	; 6
    00000C6D 66                    3662 	.db #0x66	; 102	'f'
    00000C6E 00                    3663 	.db #0x00	; 0
    00000C6F 00                    3664 	.db #0x00	; 0
    00000C70 00                    3665 	.db #0x00	; 0
    00000C71 00                    3666 	.db #0x00	; 0
    00000C72 00                    3667 	.db #0x00	; 0
    00000C73 00                    3668 	.db #0x00	; 0
    00000C74 00                    3669 	.db #0x00	; 0
    00000C75 01                    3670 	.db #0x01	; 1
    00000C76 89                    3671 	.db #0x89	; 137
    00000C77 98                    3672 	.db #0x98	; 152
    00000C78 00                    3673 	.db #0x00	; 0
    00000C79 00                    3674 	.db #0x00	; 0
    00000C7A 00                    3675 	.db #0x00	; 0
    00000C7B 00                    3676 	.db #0x00	; 0
    00000C7C 00                    3677 	.db #0x00	; 0
    00000C7D 00                    3678 	.db #0x00	; 0
    00000C7E 00                    3679 	.db #0x00	; 0
    00000C7F 00                    3680 	.db #0x00	; 0
    00000C80 00                    3681 	.db #0x00	; 0
    00000C81 06                    3682 	.db #0x06	; 6
    00000C82 66                    3683 	.db #0x66	; 102	'f'
    00000C83 60                    3684 	.db #0x60	; 96
    00000C84 06                    3685 	.db #0x06	; 6
    00000C85 66                    3686 	.db #0x66	; 102	'f'
    00000C86 66                    3687 	.db #0x66	; 102	'f'
    00000C87 60                    3688 	.db #0x60	; 96
    00000C88 00                    3689 	.db #0x00	; 0
    00000C89 00                    3690 	.db #0x00	; 0
    00000C8A 00                    3691 	.db #0x00	; 0
    00000C8B 00                    3692 	.db #0x00	; 0
    00000C8C 00                    3693 	.db #0x00	; 0
    00000C8D 00                    3694 	.db #0x00	; 0
    00000C8E 00                    3695 	.db #0x00	; 0
    00000C8F 00                    3696 	.db #0x00	; 0
    00000C90 00                    3697 	.db #0x00	; 0
    00000C91 01                    3698 	.db #0x01	; 1
    00000C92 89                    3699 	.db #0x89	; 137
    00000C93 98                    3700 	.db #0x98	; 152
    00000C94 00                    3701 	.db #0x00	; 0
    00000C95 00                    3702 	.db #0x00	; 0
    00000C96 00                    3703 	.db #0x00	; 0
    00000C97 00                    3704 	.db #0x00	; 0
    00000C98 00                    3705 	.db #0x00	; 0
    00000C99 00                    3706 	.db #0x00	; 0
    00000C9A 66                    3707 	.db #0x66	; 102	'f'
    00000C9B 60                    3708 	.db #0x60	; 96
    00000C9C 00                    3709 	.db #0x00	; 0
    00000C9D 00                    3710 	.db #0x00	; 0
    00000C9E 66                    3711 	.db #0x66	; 102	'f'
    00000C9F 60                    3712 	.db #0x60	; 96
    00000CA0 00                    3713 	.db #0x00	; 0
    00000CA1 00                    3714 	.db #0x00	; 0
    00000CA2 00                    3715 	.db #0x00	; 0
    00000CA3 00                    3716 	.db #0x00	; 0
    00000CA4 06                    3717 	.db #0x06	; 6
    00000CA5 66                    3718 	.db #0x66	; 102	'f'
    00000CA6 00                    3719 	.db #0x00	; 0
    00000CA7 00                    3720 	.db #0x00	; 0
    00000CA8 00                    3721 	.db #0x00	; 0
    00000CA9 00                    3722 	.db #0x00	; 0
    00000CAA 00                    3723 	.db #0x00	; 0
    00000CAB 00                    3724 	.db #0x00	; 0
    00000CAC 00                    3725 	.db #0x00	; 0
    00000CAD 01                    3726 	.db #0x01	; 1
    00000CAE 89                    3727 	.db #0x89	; 137
    00000CAF 98                    3728 	.db #0x98	; 152
    00000CB0 00                    3729 	.db #0x00	; 0
    00000CB1 00                    3730 	.db #0x00	; 0
    00000CB2 00                    3731 	.db #0x00	; 0
    00000CB3 00                    3732 	.db #0x00	; 0
    00000CB4 00                    3733 	.db #0x00	; 0
    00000CB5 00                    3734 	.db #0x00	; 0
    00000CB6 06                    3735 	.db #0x06	; 6
    00000CB7 66                    3736 	.db #0x66	; 102	'f'
    00000CB8 66                    3737 	.db #0x66	; 102	'f'
    00000CB9 00                    3738 	.db #0x00	; 0
    00000CBA 00                    3739 	.db #0x00	; 0
    00000CBB 00                    3740 	.db #0x00	; 0
    00000CBC 00                    3741 	.db #0x00	; 0
    00000CBD 60                    3742 	.db #0x60	; 96
    00000CBE 66                    3743 	.db #0x66	; 102	'f'
    00000CBF 00                    3744 	.db #0x00	; 0
    00000CC0 00                    3745 	.db #0x00	; 0
    00000CC1 66                    3746 	.db #0x66	; 102	'f'
    00000CC2 66                    3747 	.db #0x66	; 102	'f'
    00000CC3 60                    3748 	.db #0x60	; 96
    00000CC4 00                    3749 	.db #0x00	; 0
    00000CC5 00                    3750 	.db #0x00	; 0
    00000CC6 00                    3751 	.db #0x00	; 0
    00000CC7 00                    3752 	.db #0x00	; 0
    00000CC8 00                    3753 	.db #0x00	; 0
    00000CC9 01                    3754 	.db #0x01	; 1
    00000CCA 89                    3755 	.db #0x89	; 137
    00000CCB 98                    3756 	.db #0x98	; 152
    00000CCC 00                    3757 	.db #0x00	; 0
    00000CCD 00                    3758 	.db #0x00	; 0
    00000CCE 00                    3759 	.db #0x00	; 0
    00000CCF 00                    3760 	.db #0x00	; 0
    00000CD0 00                    3761 	.db #0x00	; 0
    00000CD1 00                    3762 	.db #0x00	; 0
    00000CD2 00                    3763 	.db #0x00	; 0
    00000CD3 00                    3764 	.db #0x00	; 0
    00000CD4 00                    3765 	.db #0x00	; 0
    00000CD5 06                    3766 	.db #0x06	; 6
    00000CD6 66                    3767 	.db #0x66	; 102	'f'
    00000CD7 60                    3768 	.db #0x60	; 96
    00000CD8 00                    3769 	.db #0x00	; 0
    00000CD9 06                    3770 	.db #0x06	; 6
    00000CDA 00                    3771 	.db #0x00	; 0
    00000CDB 00                    3772 	.db #0x00	; 0
    00000CDC 06                    3773 	.db #0x06	; 6
    00000CDD 66                    3774 	.db #0x66	; 102	'f'
    00000CDE 66                    3775 	.db #0x66	; 102	'f'
    00000CDF 00                    3776 	.db #0x00	; 0
    00000CE0 00                    3777 	.db #0x00	; 0
    00000CE1 00                    3778 	.db #0x00	; 0
    00000CE2 00                    3779 	.db #0x00	; 0
    00000CE3 00                    3780 	.db #0x00	; 0
    00000CE4 00                    3781 	.db #0x00	; 0
    00000CE5 01                    3782 	.db #0x01	; 1
    00000CE6 89                    3783 	.db #0x89	; 137
    00000CE7 98                    3784 	.db #0x98	; 152
    00000CE8 00                    3785 	.db #0x00	; 0
    00000CE9 00                    3786 	.db #0x00	; 0
    00000CEA 00                    3787 	.db #0x00	; 0
    00000CEB 00                    3788 	.db #0x00	; 0
    00000CEC 00                    3789 	.db #0x00	; 0
    00000CED 00                    3790 	.db #0x00	; 0
    00000CEE 00                    3791 	.db #0x00	; 0
    00000CEF 00                    3792 	.db #0x00	; 0
    00000CF0 66                    3793 	.db #0x66	; 102	'f'
    00000CF1 66                    3794 	.db #0x66	; 102	'f'
    00000CF2 60                    3795 	.db #0x60	; 96
    00000CF3 00                    3796 	.db #0x00	; 0
    00000CF4 00                    3797 	.db #0x00	; 0
    00000CF5 06                    3798 	.db #0x06	; 6
    00000CF6 66                    3799 	.db #0x66	; 102	'f'
    00000CF7 66                    3800 	.db #0x66	; 102	'f'
    00000CF8 66                    3801 	.db #0x66	; 102	'f'
    00000CF9 00                    3802 	.db #0x00	; 0
    00000CFA 00                    3803 	.db #0x00	; 0
    00000CFB 00                    3804 	.db #0x00	; 0
    00000CFC 00                    3805 	.db #0x00	; 0
    00000CFD 00                    3806 	.db #0x00	; 0
    00000CFE 00                    3807 	.db #0x00	; 0
    00000CFF 00                    3808 	.db #0x00	; 0
    00000D00 00                    3809 	.db #0x00	; 0
    00000D01 01                    3810 	.db #0x01	; 1
    00000D02 89                    3811 	.db #0x89	; 137
    00000D03 98                    3812 	.db #0x98	; 152
    00000D04 00                    3813 	.db #0x00	; 0
    00000D05 00                    3814 	.db #0x00	; 0
    00000D06 00                    3815 	.db #0x00	; 0
    00000D07 00                    3816 	.db #0x00	; 0
    00000D08 00                    3817 	.db #0x00	; 0
    00000D09 00                    3818 	.db #0x00	; 0
    00000D0A 00                    3819 	.db #0x00	; 0
    00000D0B 00                    3820 	.db #0x00	; 0
    00000D0C 00                    3821 	.db #0x00	; 0
    00000D0D 06                    3822 	.db #0x06	; 6
    00000D0E 66                    3823 	.db #0x66	; 102	'f'
    00000D0F 00                    3824 	.db #0x00	; 0
    00000D10 00                    3825 	.db #0x00	; 0
    00000D11 00                    3826 	.db #0x00	; 0
    00000D12 00                    3827 	.db #0x00	; 0
    00000D13 00                    3828 	.db #0x00	; 0
    00000D14 00                    3829 	.db #0x00	; 0
    00000D15 00                    3830 	.db #0x00	; 0
    00000D16 00                    3831 	.db #0x00	; 0
    00000D17 00                    3832 	.db #0x00	; 0
    00000D18 00                    3833 	.db #0x00	; 0
    00000D19 00                    3834 	.db #0x00	; 0
    00000D1A 00                    3835 	.db #0x00	; 0
    00000D1B 00                    3836 	.db #0x00	; 0
    00000D1C 00                    3837 	.db #0x00	; 0
    00000D1D 01                    3838 	.db #0x01	; 1
    00000D1E 89                    3839 	.db #0x89	; 137
    00000D1F 98                    3840 	.db #0x98	; 152
    00000D20 00                    3841 	.db #0x00	; 0
    00000D21 00                    3842 	.db #0x00	; 0
    00000D22 00                    3843 	.db #0x00	; 0
    00000D23 00                    3844 	.db #0x00	; 0
    00000D24 00                    3845 	.db #0x00	; 0
    00000D25 00                    3846 	.db #0x00	; 0
    00000D26 06                    3847 	.db #0x06	; 6
    00000D27 66                    3848 	.db #0x66	; 102	'f'
    00000D28 66                    3849 	.db #0x66	; 102	'f'
    00000D29 66                    3850 	.db #0x66	; 102	'f'
    00000D2A 00                    3851 	.db #0x00	; 0
    00000D2B 60                    3852 	.db #0x60	; 96
    00000D2C 06                    3853 	.db #0x06	; 6
    00000D2D 66                    3854 	.db #0x66	; 102	'f'
    00000D2E 60                    3855 	.db #0x60	; 96
    00000D2F 06                    3856 	.db #0x06	; 6
    00000D30 66                    3857 	.db #0x66	; 102	'f'
    00000D31 66                    3858 	.db #0x66	; 102	'f'
    00000D32 66                    3859 	.db #0x66	; 102	'f'
    00000D33 60                    3860 	.db #0x60	; 96
    00000D34 00                    3861 	.db #0x00	; 0
    00000D35 00                    3862 	.db #0x00	; 0
    00000D36 00                    3863 	.db #0x00	; 0
    00000D37 00                    3864 	.db #0x00	; 0
    00000D38 00                    3865 	.db #0x00	; 0
    00000D39 01                    3866 	.db #0x01	; 1
    00000D3A 89                    3867 	.db #0x89	; 137
    00000D3B 98                    3868 	.db #0x98	; 152
    00000D3C 00                    3869 	.db #0x00	; 0
    00000D3D 00                    3870 	.db #0x00	; 0
    00000D3E 00                    3871 	.db #0x00	; 0
    00000D3F 00                    3872 	.db #0x00	; 0
    00000D40 00                    3873 	.db #0x00	; 0
    00000D41 00                    3874 	.db #0x00	; 0
    00000D42 66                    3875 	.db #0x66	; 102	'f'
    00000D43 60                    3876 	.db #0x60	; 96
    00000D44 66                    3877 	.db #0x66	; 102	'f'
    00000D45 66                    3878 	.db #0x66	; 102	'f'
    00000D46 66                    3879 	.db #0x66	; 102	'f'
    00000D47 66                    3880 	.db #0x66	; 102	'f'
    00000D48 00                    3881 	.db #0x00	; 0
    00000D49 00                    3882 	.db #0x00	; 0
    00000D4A 00                    3883 	.db #0x00	; 0
    00000D4B 00                    3884 	.db #0x00	; 0
    00000D4C 06                    3885 	.db #0x06	; 6
    00000D4D 66                    3886 	.db #0x66	; 102	'f'
    00000D4E 66                    3887 	.db #0x66	; 102	'f'
    00000D4F 00                    3888 	.db #0x00	; 0
    00000D50 00                    3889 	.db #0x00	; 0
    00000D51 00                    3890 	.db #0x00	; 0
    00000D52 00                    3891 	.db #0x00	; 0
    00000D53 00                    3892 	.db #0x00	; 0
    00000D54 00                    3893 	.db #0x00	; 0
    00000D55 01                    3894 	.db #0x01	; 1
    00000D56 89                    3895 	.db #0x89	; 137
    00000D57 98                    3896 	.db #0x98	; 152
    00000D58 00                    3897 	.db #0x00	; 0
    00000D59 00                    3898 	.db #0x00	; 0
    00000D5A 00                    3899 	.db #0x00	; 0
    00000D5B 00                    3900 	.db #0x00	; 0
    00000D5C 00                    3901 	.db #0x00	; 0
    00000D5D 00                    3902 	.db #0x00	; 0
    00000D5E 00                    3903 	.db #0x00	; 0
    00000D5F 60                    3904 	.db #0x60	; 96
    00000D60 66                    3905 	.db #0x66	; 102	'f'
    00000D61 66                    3906 	.db #0x66	; 102	'f'
    00000D62 00                    3907 	.db #0x00	; 0
    00000D63 00                    3908 	.db #0x00	; 0
    00000D64 00                    3909 	.db #0x00	; 0
    00000D65 00                    3910 	.db #0x00	; 0
    00000D66 00                    3911 	.db #0x00	; 0
    00000D67 66                    3912 	.db #0x66	; 102	'f'
    00000D68 66                    3913 	.db #0x66	; 102	'f'
    00000D69 06                    3914 	.db #0x06	; 6
    00000D6A 66                    3915 	.db #0x66	; 102	'f'
    00000D6B 00                    3916 	.db #0x00	; 0
    00000D6C 00                    3917 	.db #0x00	; 0
    00000D6D 00                    3918 	.db #0x00	; 0
    00000D6E 00                    3919 	.db #0x00	; 0
    00000D6F 00                    3920 	.db #0x00	; 0
    00000D70 00                    3921 	.db #0x00	; 0
    00000D71 01                    3922 	.db #0x01	; 1
    00000D72 89                    3923 	.db #0x89	; 137
    00000D73 98                    3924 	.db #0x98	; 152
    00000D74 00                    3925 	.db #0x00	; 0
    00000D75 00                    3926 	.db #0x00	; 0
    00000D76 00                    3927 	.db #0x00	; 0
    00000D77 00                    3928 	.db #0x00	; 0
    00000D78 00                    3929 	.db #0x00	; 0
    00000D79 00                    3930 	.db #0x00	; 0
    00000D7A 00                    3931 	.db #0x00	; 0
    00000D7B 00                    3932 	.db #0x00	; 0
    00000D7C 66                    3933 	.db #0x66	; 102	'f'
    00000D7D 66                    3934 	.db #0x66	; 102	'f'
    00000D7E 00                    3935 	.db #0x00	; 0
    00000D7F 00                    3936 	.db #0x00	; 0
    00000D80 00                    3937 	.db #0x00	; 0
    00000D81 00                    3938 	.db #0x00	; 0
    00000D82 00                    3939 	.db #0x00	; 0
    00000D83 00                    3940 	.db #0x00	; 0
    00000D84 00                    3941 	.db #0x00	; 0
    00000D85 00                    3942 	.db #0x00	; 0
    00000D86 00                    3943 	.db #0x00	; 0
    00000D87 00                    3944 	.db #0x00	; 0
    00000D88 00                    3945 	.db #0x00	; 0
    00000D89 00                    3946 	.db #0x00	; 0
    00000D8A 00                    3947 	.db #0x00	; 0
    00000D8B 00                    3948 	.db #0x00	; 0
    00000D8C 00                    3949 	.db #0x00	; 0
    00000D8D 01                    3950 	.db #0x01	; 1
    00000D8E 89                    3951 	.db #0x89	; 137
    00000D8F 98                    3952 	.db #0x98	; 152
    00000D90 00                    3953 	.db #0x00	; 0
    00000D91 00                    3954 	.db #0x00	; 0
    00000D92 00                    3955 	.db #0x00	; 0
    00000D93 00                    3956 	.db #0x00	; 0
    00000D94 00                    3957 	.db #0x00	; 0
    00000D95 00                    3958 	.db #0x00	; 0
    00000D96 06                    3959 	.db #0x06	; 6
    00000D97 66                    3960 	.db #0x66	; 102	'f'
    00000D98 06                    3961 	.db #0x06	; 6
    00000D99 66                    3962 	.db #0x66	; 102	'f'
    00000D9A 00                    3963 	.db #0x00	; 0
    00000D9B 66                    3964 	.db #0x66	; 102	'f'
    00000D9C 66                    3965 	.db #0x66	; 102	'f'
    00000D9D 66                    3966 	.db #0x66	; 102	'f'
    00000D9E 00                    3967 	.db #0x00	; 0
    00000D9F 66                    3968 	.db #0x66	; 102	'f'
    00000DA0 66                    3969 	.db #0x66	; 102	'f'
    00000DA1 60                    3970 	.db #0x60	; 96
    00000DA2 66                    3971 	.db #0x66	; 102	'f'
    00000DA3 60                    3972 	.db #0x60	; 96
    00000DA4 00                    3973 	.db #0x00	; 0
    00000DA5 00                    3974 	.db #0x00	; 0
    00000DA6 00                    3975 	.db #0x00	; 0
    00000DA7 00                    3976 	.db #0x00	; 0
    00000DA8 00                    3977 	.db #0x00	; 0
    00000DA9 01                    3978 	.db #0x01	; 1
    00000DAA 89                    3979 	.db #0x89	; 137
    00000DAB 98                    3980 	.db #0x98	; 152
    00000DAC 00                    3981 	.db #0x00	; 0
    00000DAD 00                    3982 	.db #0x00	; 0
    00000DAE 00                    3983 	.db #0x00	; 0
    00000DAF 00                    3984 	.db #0x00	; 0
    00000DB0 00                    3985 	.db #0x00	; 0
    00000DB1 00                    3986 	.db #0x00	; 0
    00000DB2 66                    3987 	.db #0x66	; 102	'f'
    00000DB3 66                    3988 	.db #0x66	; 102	'f'
    00000DB4 66                    3989 	.db #0x66	; 102	'f'
    00000DB5 66                    3990 	.db #0x66	; 102	'f'
    00000DB6 66                    3991 	.db #0x66	; 102	'f'
    00000DB7 66                    3992 	.db #0x66	; 102	'f'
    00000DB8 66                    3993 	.db #0x66	; 102	'f'
    00000DB9 00                    3994 	.db #0x00	; 0
    00000DBA 00                    3995 	.db #0x00	; 0
    00000DBB 66                    3996 	.db #0x66	; 102	'f'
    00000DBC 66                    3997 	.db #0x66	; 102	'f'
    00000DBD 06                    3998 	.db #0x06	; 6
    00000DBE 66                    3999 	.db #0x66	; 102	'f'
    00000DBF 00                    4000 	.db #0x00	; 0
    00000DC0 00                    4001 	.db #0x00	; 0
    00000DC1 00                    4002 	.db #0x00	; 0
    00000DC2 00                    4003 	.db #0x00	; 0
    00000DC3 00                    4004 	.db #0x00	; 0
    00000DC4 00                    4005 	.db #0x00	; 0
    00000DC5 01                    4006 	.db #0x01	; 1
    00000DC6 89                    4007 	.db #0x89	; 137
    00000DC7 98                    4008 	.db #0x98	; 152
    00000DC8 00                    4009 	.db #0x00	; 0
    00000DC9 00                    4010 	.db #0x00	; 0
    00000DCA 00                    4011 	.db #0x00	; 0
    00000DCB 00                    4012 	.db #0x00	; 0
    00000DCC 00                    4013 	.db #0x00	; 0
    00000DCD 00                    4014 	.db #0x00	; 0
    00000DCE 66                    4015 	.db #0x66	; 102	'f'
    00000DCF 66                    4016 	.db #0x66	; 102	'f'
    00000DD0 60                    4017 	.db #0x60	; 96
    00000DD1 00                    4018 	.db #0x00	; 0
    00000DD2 00                    4019 	.db #0x00	; 0
    00000DD3 00                    4020 	.db #0x00	; 0
    00000DD4 00                    4021 	.db #0x00	; 0
    00000DD5 00                    4022 	.db #0x00	; 0
    00000DD6 00                    4023 	.db #0x00	; 0
    00000DD7 00                    4024 	.db #0x00	; 0
    00000DD8 06                    4025 	.db #0x06	; 6
    00000DD9 66                    4026 	.db #0x66	; 102	'f'
    00000DDA 66                    4027 	.db #0x66	; 102	'f'
    00000DDB 00                    4028 	.db #0x00	; 0
    00000DDC 00                    4029 	.db #0x00	; 0
    00000DDD 00                    4030 	.db #0x00	; 0
    00000DDE 00                    4031 	.db #0x00	; 0
    00000DDF 00                    4032 	.db #0x00	; 0
    00000DE0 00                    4033 	.db #0x00	; 0
    00000DE1 01                    4034 	.db #0x01	; 1
    00000DE2 89                    4035 	.db #0x89	; 137
    00000DE3 98                    4036 	.db #0x98	; 152
    00000DE4 00                    4037 	.db #0x00	; 0
    00000DE5 00                    4038 	.db #0x00	; 0
    00000DE6 00                    4039 	.db #0x00	; 0
    00000DE7 00                    4040 	.db #0x00	; 0
    00000DE8 00                    4041 	.db #0x00	; 0
    00000DE9 00                    4042 	.db #0x00	; 0
    00000DEA 00                    4043 	.db #0x00	; 0
    00000DEB 00                    4044 	.db #0x00	; 0
    00000DEC 66                    4045 	.db #0x66	; 102	'f'
    00000DED 66                    4046 	.db #0x66	; 102	'f'
    00000DEE 00                    4047 	.db #0x00	; 0
    00000DEF 00                    4048 	.db #0x00	; 0
    00000DF0 00                    4049 	.db #0x00	; 0
    00000DF1 00                    4050 	.db #0x00	; 0
    00000DF2 00                    4051 	.db #0x00	; 0
    00000DF3 00                    4052 	.db #0x00	; 0
    00000DF4 00                    4053 	.db #0x00	; 0
    00000DF5 00                    4054 	.db #0x00	; 0
    00000DF6 00                    4055 	.db #0x00	; 0
    00000DF7 00                    4056 	.db #0x00	; 0
    00000DF8 00                    4057 	.db #0x00	; 0
    00000DF9 00                    4058 	.db #0x00	; 0
    00000DFA 00                    4059 	.db #0x00	; 0
    00000DFB 00                    4060 	.db #0x00	; 0
    00000DFC 00                    4061 	.db #0x00	; 0
    00000DFD 01                    4062 	.db #0x01	; 1
    00000DFE 89                    4063 	.db #0x89	; 137
    00000DFF 98                    4064 	.db #0x98	; 152
    00000E00 00                    4065 	.db #0x00	; 0
    00000E01 00                    4066 	.db #0x00	; 0
    00000E02 00                    4067 	.db #0x00	; 0
    00000E03 00                    4068 	.db #0x00	; 0
    00000E04 00                    4069 	.db #0x00	; 0
    00000E05 00                    4070 	.db #0x00	; 0
    00000E06 00                    4071 	.db #0x00	; 0
    00000E07 00                    4072 	.db #0x00	; 0
    00000E08 00                    4073 	.db #0x00	; 0
    00000E09 06                    4074 	.db #0x06	; 6
    00000E0A 60                    4075 	.db #0x60	; 96
    00000E0B 06                    4076 	.db #0x06	; 6
    00000E0C 60                    4077 	.db #0x60	; 96
    00000E0D 00                    4078 	.db #0x00	; 0
    00000E0E 00                    4079 	.db #0x00	; 0
    00000E0F 66                    4080 	.db #0x66	; 102	'f'
    00000E10 00                    4081 	.db #0x00	; 0
    00000E11 00                    4082 	.db #0x00	; 0
    00000E12 00                    4083 	.db #0x00	; 0
    00000E13 00                    4084 	.db #0x00	; 0
    00000E14 00                    4085 	.db #0x00	; 0
    00000E15 00                    4086 	.db #0x00	; 0
    00000E16 00                    4087 	.db #0x00	; 0
    00000E17 00                    4088 	.db #0x00	; 0
    00000E18 00                    4089 	.db #0x00	; 0
    00000E19 01                    4090 	.db #0x01	; 1
    00000E1A 89                    4091 	.db #0x89	; 137
    00000E1B 98                    4092 	.db #0x98	; 152
    00000E1C 00                    4093 	.db #0x00	; 0
    00000E1D 00                    4094 	.db #0x00	; 0
    00000E1E 00                    4095 	.db #0x00	; 0
    00000E1F 00                    4096 	.db #0x00	; 0
    00000E20 00                    4097 	.db #0x00	; 0
    00000E21 00                    4098 	.db #0x00	; 0
    00000E22 66                    4099 	.db #0x66	; 102	'f'
    00000E23 66                    4100 	.db #0x66	; 102	'f'
    00000E24 60                    4101 	.db #0x60	; 96
    00000E25 00                    4102 	.db #0x00	; 0
    00000E26 06                    4103 	.db #0x06	; 6
    00000E27 66                    4104 	.db #0x66	; 102	'f'
    00000E28 66                    4105 	.db #0x66	; 102	'f'
    00000E29 66                    4106 	.db #0x66	; 102	'f'
    00000E2A 66                    4107 	.db #0x66	; 102	'f'
    00000E2B 66                    4108 	.db #0x66	; 102	'f'
    00000E2C 66                    4109 	.db #0x66	; 102	'f'
    00000E2D 00                    4110 	.db #0x00	; 0
    00000E2E 00                    4111 	.db #0x00	; 0
    00000E2F 00                    4112 	.db #0x00	; 0
    00000E30 00                    4113 	.db #0x00	; 0
    00000E31 00                    4114 	.db #0x00	; 0
    00000E32 00                    4115 	.db #0x00	; 0
    00000E33 00                    4116 	.db #0x00	; 0
    00000E34 00                    4117 	.db #0x00	; 0
    00000E35 01                    4118 	.db #0x01	; 1
    00000E36 89                    4119 	.db #0x89	; 137
    00000E37 98                    4120 	.db #0x98	; 152
    00000E38 00                    4121 	.db #0x00	; 0
    00000E39 00                    4122 	.db #0x00	; 0
    00000E3A 00                    4123 	.db #0x00	; 0
    00000E3B 00                    4124 	.db #0x00	; 0
    00000E3C 00                    4125 	.db #0x00	; 0
    00000E3D 00                    4126 	.db #0x00	; 0
    00000E3E 66                    4127 	.db #0x66	; 102	'f'
    00000E3F 66                    4128 	.db #0x66	; 102	'f'
    00000E40 60                    4129 	.db #0x60	; 96
    00000E41 00                    4130 	.db #0x00	; 0
    00000E42 00                    4131 	.db #0x00	; 0
    00000E43 00                    4132 	.db #0x00	; 0
    00000E44 00                    4133 	.db #0x00	; 0
    00000E45 00                    4134 	.db #0x00	; 0
    00000E46 00                    4135 	.db #0x00	; 0
    00000E47 00                    4136 	.db #0x00	; 0
    00000E48 06                    4137 	.db #0x06	; 6
    00000E49 66                    4138 	.db #0x66	; 102	'f'
    00000E4A 66                    4139 	.db #0x66	; 102	'f'
    00000E4B 00                    4140 	.db #0x00	; 0
    00000E4C 00                    4141 	.db #0x00	; 0
    00000E4D 00                    4142 	.db #0x00	; 0
    00000E4E 00                    4143 	.db #0x00	; 0
    00000E4F 00                    4144 	.db #0x00	; 0
    00000E50 00                    4145 	.db #0x00	; 0
    00000E51 01                    4146 	.db #0x01	; 1
    00000E52 89                    4147 	.db #0x89	; 137
    00000E53 98                    4148 	.db #0x98	; 152
    00000E54 00                    4149 	.db #0x00	; 0
    00000E55 00                    4150 	.db #0x00	; 0
    00000E56 00                    4151 	.db #0x00	; 0
    00000E57 00                    4152 	.db #0x00	; 0
    00000E58 00                    4153 	.db #0x00	; 0
    00000E59 00                    4154 	.db #0x00	; 0
    00000E5A 66                    4155 	.db #0x66	; 102	'f'
    00000E5B 60                    4156 	.db #0x60	; 96
    00000E5C 60                    4157 	.db #0x60	; 96
    00000E5D 00                    4158 	.db #0x00	; 0
    00000E5E 00                    4159 	.db #0x00	; 0
    00000E5F 00                    4160 	.db #0x00	; 0
    00000E60 00                    4161 	.db #0x00	; 0
    00000E61 00                    4162 	.db #0x00	; 0
    00000E62 00                    4163 	.db #0x00	; 0
    00000E63 00                    4164 	.db #0x00	; 0
    00000E64 00                    4165 	.db #0x00	; 0
    00000E65 00                    4166 	.db #0x00	; 0
    00000E66 00                    4167 	.db #0x00	; 0
    00000E67 00                    4168 	.db #0x00	; 0
    00000E68 00                    4169 	.db #0x00	; 0
    00000E69 00                    4170 	.db #0x00	; 0
    00000E6A 00                    4171 	.db #0x00	; 0
    00000E6B 00                    4172 	.db #0x00	; 0
    00000E6C 00                    4173 	.db #0x00	; 0
    00000E6D 01                    4174 	.db #0x01	; 1
    00000E6E 89                    4175 	.db #0x89	; 137
    00000E6F 98                    4176 	.db #0x98	; 152
    00000E70 00                    4177 	.db #0x00	; 0
    00000E71 00                    4178 	.db #0x00	; 0
    00000E72 00                    4179 	.db #0x00	; 0
    00000E73 00                    4180 	.db #0x00	; 0
    00000E74 00                    4181 	.db #0x00	; 0
    00000E75 00                    4182 	.db #0x00	; 0
    00000E76 00                    4183 	.db #0x00	; 0
    00000E77 00                    4184 	.db #0x00	; 0
    00000E78 00                    4185 	.db #0x00	; 0
    00000E79 00                    4186 	.db #0x00	; 0
    00000E7A 66                    4187 	.db #0x66	; 102	'f'
    00000E7B 00                    4188 	.db #0x00	; 0
    00000E7C 00                    4189 	.db #0x00	; 0
    00000E7D 00                    4190 	.db #0x00	; 0
    00000E7E 66                    4191 	.db #0x66	; 102	'f'
    00000E7F 60                    4192 	.db #0x60	; 96
    00000E80 00                    4193 	.db #0x00	; 0
    00000E81 00                    4194 	.db #0x00	; 0
    00000E82 00                    4195 	.db #0x00	; 0
    00000E83 00                    4196 	.db #0x00	; 0
    00000E84 00                    4197 	.db #0x00	; 0
    00000E85 00                    4198 	.db #0x00	; 0
    00000E86 00                    4199 	.db #0x00	; 0
    00000E87 00                    4200 	.db #0x00	; 0
    00000E88 00                    4201 	.db #0x00	; 0
    00000E89 01                    4202 	.db #0x01	; 1
    00000E8A 89                    4203 	.db #0x89	; 137
    00000E8B 98                    4204 	.db #0x98	; 152
    00000E8C 00                    4205 	.db #0x00	; 0
    00000E8D 00                    4206 	.db #0x00	; 0
    00000E8E 00                    4207 	.db #0x00	; 0
    00000E8F 00                    4208 	.db #0x00	; 0
    00000E90 00                    4209 	.db #0x00	; 0
    00000E91 00                    4210 	.db #0x00	; 0
    00000E92 00                    4211 	.db #0x00	; 0
    00000E93 66                    4212 	.db #0x66	; 102	'f'
    00000E94 60                    4213 	.db #0x60	; 96
    00000E95 00                    4214 	.db #0x00	; 0
    00000E96 00                    4215 	.db #0x00	; 0
    00000E97 66                    4216 	.db #0x66	; 102	'f'
    00000E98 66                    4217 	.db #0x66	; 102	'f'
    00000E99 66                    4218 	.db #0x66	; 102	'f'
    00000E9A 66                    4219 	.db #0x66	; 102	'f'
    00000E9B 60                    4220 	.db #0x60	; 96
    00000E9C 00                    4221 	.db #0x00	; 0
    00000E9D 00                    4222 	.db #0x00	; 0
    00000E9E 00                    4223 	.db #0x00	; 0
    00000E9F 00                    4224 	.db #0x00	; 0
    00000EA0 00                    4225 	.db #0x00	; 0
    00000EA1 00                    4226 	.db #0x00	; 0
    00000EA2 00                    4227 	.db #0x00	; 0
    00000EA3 00                    4228 	.db #0x00	; 0
    00000EA4 00                    4229 	.db #0x00	; 0
    00000EA5 01                    4230 	.db #0x01	; 1
    00000EA6 89                    4231 	.db #0x89	; 137
    00000EA7 98                    4232 	.db #0x98	; 152
    00000EA8 00                    4233 	.db #0x00	; 0
    00000EA9 00                    4234 	.db #0x00	; 0
    00000EAA 00                    4235 	.db #0x00	; 0
    00000EAB 00                    4236 	.db #0x00	; 0
    00000EAC 00                    4237 	.db #0x00	; 0
    00000EAD 00                    4238 	.db #0x00	; 0
    00000EAE 66                    4239 	.db #0x66	; 102	'f'
    00000EAF 66                    4240 	.db #0x66	; 102	'f'
    00000EB0 60                    4241 	.db #0x60	; 96
    00000EB1 00                    4242 	.db #0x00	; 0
    00000EB2 00                    4243 	.db #0x00	; 0
    00000EB3 00                    4244 	.db #0x00	; 0
    00000EB4 00                    4245 	.db #0x00	; 0
    00000EB5 00                    4246 	.db #0x00	; 0
    00000EB6 00                    4247 	.db #0x00	; 0
    00000EB7 00                    4248 	.db #0x00	; 0
    00000EB8 06                    4249 	.db #0x06	; 6
    00000EB9 66                    4250 	.db #0x66	; 102	'f'
    00000EBA 00                    4251 	.db #0x00	; 0
    00000EBB 00                    4252 	.db #0x00	; 0
    00000EBC 00                    4253 	.db #0x00	; 0
    00000EBD 00                    4254 	.db #0x00	; 0
    00000EBE 00                    4255 	.db #0x00	; 0
    00000EBF 00                    4256 	.db #0x00	; 0
    00000EC0 00                    4257 	.db #0x00	; 0
    00000EC1 01                    4258 	.db #0x01	; 1
    00000EC2 89                    4259 	.db #0x89	; 137
    00000EC3 98                    4260 	.db #0x98	; 152
    00000EC4 00                    4261 	.db #0x00	; 0
    00000EC5 00                    4262 	.db #0x00	; 0
    00000EC6 00                    4263 	.db #0x00	; 0
    00000EC7 00                    4264 	.db #0x00	; 0
    00000EC8 00                    4265 	.db #0x00	; 0
    00000EC9 00                    4266 	.db #0x00	; 0
    00000ECA 66                    4267 	.db #0x66	; 102	'f'
    00000ECB 66                    4268 	.db #0x66	; 102	'f'
    00000ECC 60                    4269 	.db #0x60	; 96
    00000ECD 00                    4270 	.db #0x00	; 0
    00000ECE 00                    4271 	.db #0x00	; 0
    00000ECF 00                    4272 	.db #0x00	; 0
    00000ED0 00                    4273 	.db #0x00	; 0
    00000ED1 00                    4274 	.db #0x00	; 0
    00000ED2 00                    4275 	.db #0x00	; 0
    00000ED3 00                    4276 	.db #0x00	; 0
    00000ED4 00                    4277 	.db #0x00	; 0
    00000ED5 11                    4278 	.db #0x11	; 17
    00000ED6 11                    4279 	.db #0x11	; 17
    00000ED7 11                    4280 	.db #0x11	; 17
    00000ED8 11                    4281 	.db #0x11	; 17
    00000ED9 10                    4282 	.db #0x10	; 16
    00000EDA 00                    4283 	.db #0x00	; 0
    00000EDB 00                    4284 	.db #0x00	; 0
    00000EDC 00                    4285 	.db #0x00	; 0
    00000EDD 01                    4286 	.db #0x01	; 1
    00000EDE 89                    4287 	.db #0x89	; 137
    00000EDF 98                    4288 	.db #0x98	; 152
    00000EE0 00                    4289 	.db #0x00	; 0
    00000EE1 00                    4290 	.db #0x00	; 0
    00000EE2 00                    4291 	.db #0x00	; 0
    00000EE3 00                    4292 	.db #0x00	; 0
    00000EE4 00                    4293 	.db #0x00	; 0
    00000EE5 00                    4294 	.db #0x00	; 0
    00000EE6 00                    4295 	.db #0x00	; 0
    00000EE7 00                    4296 	.db #0x00	; 0
    00000EE8 00                    4297 	.db #0x00	; 0
    00000EE9 00                    4298 	.db #0x00	; 0
    00000EEA 66                    4299 	.db #0x66	; 102	'f'
    00000EEB 00                    4300 	.db #0x00	; 0
    00000EEC 00                    4301 	.db #0x00	; 0
    00000EED 00                    4302 	.db #0x00	; 0
    00000EEE 66                    4303 	.db #0x66	; 102	'f'
    00000EEF 66                    4304 	.db #0x66	; 102	'f'
    00000EF0 00                    4305 	.db #0x00	; 0
    00000EF1 00                    4306 	.db #0x00	; 0
    00000EF2 00                    4307 	.db #0x00	; 0
    00000EF3 00                    4308 	.db #0x00	; 0
    00000EF4 00                    4309 	.db #0x00	; 0
    00000EF5 00                    4310 	.db #0x00	; 0
    00000EF6 00                    4311 	.db #0x00	; 0
    00000EF7 00                    4312 	.db #0x00	; 0
    00000EF8 00                    4313 	.db #0x00	; 0
    00000EF9 01                    4314 	.db #0x01	; 1
    00000EFA 89                    4315 	.db #0x89	; 137
    00000EFB 98                    4316 	.db #0x98	; 152
    00000EFC 00                    4317 	.db #0x00	; 0
    00000EFD 00                    4318 	.db #0x00	; 0
    00000EFE 00                    4319 	.db #0x00	; 0
    00000EFF 00                    4320 	.db #0x00	; 0
    00000F00 00                    4321 	.db #0x00	; 0
    00000F01 00                    4322 	.db #0x00	; 0
    00000F02 00                    4323 	.db #0x00	; 0
    00000F03 66                    4324 	.db #0x66	; 102	'f'
    00000F04 60                    4325 	.db #0x60	; 96
    00000F05 00                    4326 	.db #0x00	; 0
    00000F06 00                    4327 	.db #0x00	; 0
    00000F07 00                    4328 	.db #0x00	; 0
    00000F08 66                    4329 	.db #0x66	; 102	'f'
    00000F09 66                    4330 	.db #0x66	; 102	'f'
    00000F0A 00                    4331 	.db #0x00	; 0
    00000F0B 00                    4332 	.db #0x00	; 0
    00000F0C 00                    4333 	.db #0x00	; 0
    00000F0D 00                    4334 	.db #0x00	; 0
    00000F0E 00                    4335 	.db #0x00	; 0
    00000F0F 00                    4336 	.db #0x00	; 0
    00000F10 00                    4337 	.db #0x00	; 0
    00000F11 00                    4338 	.db #0x00	; 0
    00000F12 00                    4339 	.db #0x00	; 0
    00000F13 00                    4340 	.db #0x00	; 0
    00000F14 00                    4341 	.db #0x00	; 0
    00000F15 01                    4342 	.db #0x01	; 1
    00000F16 89                    4343 	.db #0x89	; 137
    00000F17 98                    4344 	.db #0x98	; 152
    00000F18 00                    4345 	.db #0x00	; 0
    00000F19 00                    4346 	.db #0x00	; 0
    00000F1A 00                    4347 	.db #0x00	; 0
    00000F1B 00                    4348 	.db #0x00	; 0
    00000F1C 00                    4349 	.db #0x00	; 0
    00000F1D 00                    4350 	.db #0x00	; 0
    00000F1E 00                    4351 	.db #0x00	; 0
    00000F1F 66                    4352 	.db #0x66	; 102	'f'
    00000F20 00                    4353 	.db #0x00	; 0
    00000F21 00                    4354 	.db #0x00	; 0
    00000F22 00                    4355 	.db #0x00	; 0
    00000F23 00                    4356 	.db #0x00	; 0
    00000F24 00                    4357 	.db #0x00	; 0
    00000F25 00                    4358 	.db #0x00	; 0
    00000F26 00                    4359 	.db #0x00	; 0
    00000F27 00                    4360 	.db #0x00	; 0
    00000F28 00                    4361 	.db #0x00	; 0
    00000F29 66                    4362 	.db #0x66	; 102	'f'
    00000F2A 00                    4363 	.db #0x00	; 0
    00000F2B 00                    4364 	.db #0x00	; 0
    00000F2C 00                    4365 	.db #0x00	; 0
    00000F2D 00                    4366 	.db #0x00	; 0
    00000F2E 00                    4367 	.db #0x00	; 0
    00000F2F 00                    4368 	.db #0x00	; 0
    00000F30 00                    4369 	.db #0x00	; 0
    00000F31 01                    4370 	.db #0x01	; 1
    00000F32 89                    4371 	.db #0x89	; 137
    00000F33 98                    4372 	.db #0x98	; 152
    00000F34 00                    4373 	.db #0x00	; 0
    00000F35 00                    4374 	.db #0x00	; 0
    00000F36 00                    4375 	.db #0x00	; 0
    00000F37 00                    4376 	.db #0x00	; 0
    00000F38 00                    4377 	.db #0x00	; 0
    00000F39 00                    4378 	.db #0x00	; 0
    00000F3A 66                    4379 	.db #0x66	; 102	'f'
    00000F3B 66                    4380 	.db #0x66	; 102	'f'
    00000F3C 60                    4381 	.db #0x60	; 96
    00000F3D 00                    4382 	.db #0x00	; 0
    00000F3E 00                    4383 	.db #0x00	; 0
    00000F3F 00                    4384 	.db #0x00	; 0
    00000F40 00                    4385 	.db #0x00	; 0
    00000F41 00                    4386 	.db #0x00	; 0
    00000F42 00                    4387 	.db #0x00	; 0
    00000F43 11                    4388 	.db #0x11	; 17
    00000F44 11                    4389 	.db #0x11	; 17
    00000F45 11                    4390 	.db #0x11	; 17
    00000F46 11                    4391 	.db #0x11	; 17
    00000F47 11                    4392 	.db #0x11	; 17
    00000F48 11                    4393 	.db #0x11	; 17
    00000F49 11                    4394 	.db #0x11	; 17
    00000F4A 11                    4395 	.db #0x11	; 17
    00000F4B 00                    4396 	.db #0x00	; 0
    00000F4C 00                    4397 	.db #0x00	; 0
    00000F4D 01                    4398 	.db #0x01	; 1
    00000F4E 89                    4399 	.db #0x89	; 137
    00000F4F 98                    4400 	.db #0x98	; 152
    00000F50 00                    4401 	.db #0x00	; 0
    00000F51 00                    4402 	.db #0x00	; 0
    00000F52 00                    4403 	.db #0x00	; 0
    00000F53 00                    4404 	.db #0x00	; 0
    00000F54 00                    4405 	.db #0x00	; 0
    00000F55 00                    4406 	.db #0x00	; 0
    00000F56 06                    4407 	.db #0x06	; 6
    00000F57 66                    4408 	.db #0x66	; 102	'f'
    00000F58 06                    4409 	.db #0x06	; 6
    00000F59 66                    4410 	.db #0x66	; 102	'f'
    00000F5A 66                    4411 	.db #0x66	; 102	'f'
    00000F5B 66                    4412 	.db #0x66	; 102	'f'
    00000F5C 66                    4413 	.db #0x66	; 102	'f'
    00000F5D 66                    4414 	.db #0x66	; 102	'f'
    00000F5E 66                    4415 	.db #0x66	; 102	'f'
    00000F5F 66                    4416 	.db #0x66	; 102	'f'
    00000F60 66                    4417 	.db #0x66	; 102	'f'
    00000F61 60                    4418 	.db #0x60	; 96
    00000F62 66                    4419 	.db #0x66	; 102	'f'
    00000F63 60                    4420 	.db #0x60	; 96
    00000F64 00                    4421 	.db #0x00	; 0
    00000F65 00                    4422 	.db #0x00	; 0
    00000F66 00                    4423 	.db #0x00	; 0
    00000F67 00                    4424 	.db #0x00	; 0
    00000F68 00                    4425 	.db #0x00	; 0
    00000F69 01                    4426 	.db #0x01	; 1
    00000F6A 89                    4427 	.db #0x89	; 137
    00000F6B 98                    4428 	.db #0x98	; 152
    00000F6C 00                    4429 	.db #0x00	; 0
    00000F6D 00                    4430 	.db #0x00	; 0
    00000F6E 00                    4431 	.db #0x00	; 0
    00000F6F 00                    4432 	.db #0x00	; 0
    00000F70 00                    4433 	.db #0x00	; 0
    00000F71 00                    4434 	.db #0x00	; 0
    00000F72 00                    4435 	.db #0x00	; 0
    00000F73 00                    4436 	.db #0x00	; 0
    00000F74 00                    4437 	.db #0x00	; 0
    00000F75 00                    4438 	.db #0x00	; 0
    00000F76 00                    4439 	.db #0x00	; 0
    00000F77 00                    4440 	.db #0x00	; 0
    00000F78 00                    4441 	.db #0x00	; 0
    00000F79 66                    4442 	.db #0x66	; 102	'f'
    00000F7A 66                    4443 	.db #0x66	; 102	'f'
    00000F7B 60                    4444 	.db #0x60	; 96
    00000F7C 00                    4445 	.db #0x00	; 0
    00000F7D 06                    4446 	.db #0x06	; 6
    00000F7E 66                    4447 	.db #0x66	; 102	'f'
    00000F7F 00                    4448 	.db #0x00	; 0
    00000F80 00                    4449 	.db #0x00	; 0
    00000F81 00                    4450 	.db #0x00	; 0
    00000F82 00                    4451 	.db #0x00	; 0
    00000F83 00                    4452 	.db #0x00	; 0
    00000F84 00                    4453 	.db #0x00	; 0
    00000F85 01                    4454 	.db #0x01	; 1
    00000F86 89                    4455 	.db #0x89	; 137
    00000F87 98                    4456 	.db #0x98	; 152
    00000F88 00                    4457 	.db #0x00	; 0
    00000F89 00                    4458 	.db #0x00	; 0
    00000F8A 00                    4459 	.db #0x00	; 0
    00000F8B 00                    4460 	.db #0x00	; 0
    00000F8C 00                    4461 	.db #0x00	; 0
    00000F8D 00                    4462 	.db #0x00	; 0
    00000F8E 00                    4463 	.db #0x00	; 0
    00000F8F 00                    4464 	.db #0x00	; 0
    00000F90 00                    4465 	.db #0x00	; 0
    00000F91 00                    4466 	.db #0x00	; 0
    00000F92 00                    4467 	.db #0x00	; 0
    00000F93 00                    4468 	.db #0x00	; 0
    00000F94 11                    4469 	.db #0x11	; 17
    00000F95 11                    4470 	.db #0x11	; 17
    00000F96 11                    4471 	.db #0x11	; 17
    00000F97 11                    4472 	.db #0x11	; 17
    00000F98 11                    4473 	.db #0x11	; 17
    00000F99 00                    4474 	.db #0x00	; 0
    00000F9A 00                    4475 	.db #0x00	; 0
    00000F9B 00                    4476 	.db #0x00	; 0
    00000F9C 00                    4477 	.db #0x00	; 0
    00000F9D 00                    4478 	.db #0x00	; 0
    00000F9E 00                    4479 	.db #0x00	; 0
    00000F9F 00                    4480 	.db #0x00	; 0
    00000FA0 00                    4481 	.db #0x00	; 0
    00000FA1 01                    4482 	.db #0x01	; 1
    00000FA2 89                    4483 	.db #0x89	; 137
    00000FA3 98                    4484 	.db #0x98	; 152
    00000FA4 00                    4485 	.db #0x00	; 0
    00000FA5 00                    4486 	.db #0x00	; 0
    00000FA6 00                    4487 	.db #0x00	; 0
    00000FA7 00                    4488 	.db #0x00	; 0
    00000FA8 00                    4489 	.db #0x00	; 0
    00000FA9 00                    4490 	.db #0x00	; 0
    00000FAA 00                    4491 	.db #0x00	; 0
    00000FAB 66                    4492 	.db #0x66	; 102	'f'
    00000FAC 00                    4493 	.db #0x00	; 0
    00000FAD 00                    4494 	.db #0x00	; 0
    00000FAE 00                    4495 	.db #0x00	; 0
    00000FAF 00                    4496 	.db #0x00	; 0
    00000FB0 00                    4497 	.db #0x00	; 0
    00000FB1 11                    4498 	.db #0x11	; 17
    00000FB2 11                    4499 	.db #0x11	; 17
    00000FB3 11                    4500 	.db #0x11	; 17
    00000FB4 11                    4501 	.db #0x11	; 17
    00000FB5 11                    4502 	.db #0x11	; 17
    00000FB6 11                    4503 	.db #0x11	; 17
    00000FB7 11                    4504 	.db #0x11	; 17
    00000FB8 11                    4505 	.db #0x11	; 17
    00000FB9 11                    4506 	.db #0x11	; 17
    00000FBA 11                    4507 	.db #0x11	; 17
    00000FBB 10                    4508 	.db #0x10	; 16
    00000FBC 00                    4509 	.db #0x00	; 0
    00000FBD 01                    4510 	.db #0x01	; 1
    00000FBE 89                    4511 	.db #0x89	; 137
    00000FBF 98                    4512 	.db #0x98	; 152
    00000FC0 00                    4513 	.db #0x00	; 0
    00000FC1 00                    4514 	.db #0x00	; 0
    00000FC2 00                    4515 	.db #0x00	; 0
    00000FC3 00                    4516 	.db #0x00	; 0
    00000FC4 00                    4517 	.db #0x00	; 0
    00000FC5 00                    4518 	.db #0x00	; 0
    00000FC6 06                    4519 	.db #0x06	; 6
    00000FC7 66                    4520 	.db #0x66	; 102	'f'
    00000FC8 66                    4521 	.db #0x66	; 102	'f'
    00000FC9 66                    4522 	.db #0x66	; 102	'f'
    00000FCA 66                    4523 	.db #0x66	; 102	'f'
    00000FCB 66                    4524 	.db #0x66	; 102	'f'
    00000FCC 66                    4525 	.db #0x66	; 102	'f'
    00000FCD 66                    4526 	.db #0x66	; 102	'f'
    00000FCE 66                    4527 	.db #0x66	; 102	'f'
    00000FCF 66                    4528 	.db #0x66	; 102	'f'
    00000FD0 66                    4529 	.db #0x66	; 102	'f'
    00000FD1 66                    4530 	.db #0x66	; 102	'f'
    00000FD2 66                    4531 	.db #0x66	; 102	'f'
    00000FD3 60                    4532 	.db #0x60	; 96
    00000FD4 00                    4533 	.db #0x00	; 0
    00000FD5 00                    4534 	.db #0x00	; 0
    00000FD6 00                    4535 	.db #0x00	; 0
    00000FD7 00                    4536 	.db #0x00	; 0
    00000FD8 00                    4537 	.db #0x00	; 0
    00000FD9 01                    4538 	.db #0x01	; 1
    00000FDA 89                    4539 	.db #0x89	; 137
    00000FDB 90                    4540 	.db #0x90	; 144
    00000FDC 00                    4541 	.db #0x00	; 0
    00000FDD 00                    4542 	.db #0x00	; 0
    00000FDE 00                    4543 	.db #0x00	; 0
    00000FDF 00                    4544 	.db #0x00	; 0
    00000FE0 00                    4545 	.db #0x00	; 0
    00000FE1 00                    4546 	.db #0x00	; 0
    00000FE2 00                    4547 	.db #0x00	; 0
    00000FE3 00                    4548 	.db #0x00	; 0
    00000FE4 00                    4549 	.db #0x00	; 0
    00000FE5 00                    4550 	.db #0x00	; 0
    00000FE6 00                    4551 	.db #0x00	; 0
    00000FE7 00                    4552 	.db #0x00	; 0
    00000FE8 00                    4553 	.db #0x00	; 0
    00000FE9 06                    4554 	.db #0x06	; 6
    00000FEA 66                    4555 	.db #0x66	; 102	'f'
    00000FEB 66                    4556 	.db #0x66	; 102	'f'
    00000FEC 66                    4557 	.db #0x66	; 102	'f'
    00000FED 66                    4558 	.db #0x66	; 102	'f'
    00000FEE 66                    4559 	.db #0x66	; 102	'f'
    00000FEF 00                    4560 	.db #0x00	; 0
    00000FF0 00                    4561 	.db #0x00	; 0
    00000FF1 00                    4562 	.db #0x00	; 0
    00000FF2 00                    4563 	.db #0x00	; 0
    00000FF3 00                    4564 	.db #0x00	; 0
    00000FF4 00                    4565 	.db #0x00	; 0
    00000FF5 11                    4566 	.db #0x11	; 17
    00000FF6 89                    4567 	.db #0x89	; 137
    00000FF7 90                    4568 	.db #0x90	; 144
    00000FF8 00                    4569 	.db #0x00	; 0
    00000FF9 00                    4570 	.db #0x00	; 0
    00000FFA 00                    4571 	.db #0x00	; 0
    00000FFB 00                    4572 	.db #0x00	; 0
    00000FFC 00                    4573 	.db #0x00	; 0
    00000FFD 00                    4574 	.db #0x00	; 0
    00000FFE 00                    4575 	.db #0x00	; 0
    00000FFF 00                    4576 	.db #0x00	; 0
    00001000 00                    4577 	.db #0x00	; 0
    00001001 00                    4578 	.db #0x00	; 0
    00001002 01                    4579 	.db #0x01	; 1
    00001003 11                    4580 	.db #0x11	; 17
    00001004 11                    4581 	.db #0x11	; 17
    00001005 11                    4582 	.db #0x11	; 17
    00001006 11                    4583 	.db #0x11	; 17
    00001007 11                    4584 	.db #0x11	; 17
    00001008 11                    4585 	.db #0x11	; 17
    00001009 11                    4586 	.db #0x11	; 17
    0000100A 11                    4587 	.db #0x11	; 17
    0000100B 11                    4588 	.db #0x11	; 17
    0000100C 00                    4589 	.db #0x00	; 0
    0000100D 00                    4590 	.db #0x00	; 0
    0000100E 00                    4591 	.db #0x00	; 0
    0000100F 00                    4592 	.db #0x00	; 0
    00001010 00                    4593 	.db #0x00	; 0
    00001011 01                    4594 	.db #0x01	; 1
    00001012 89                    4595 	.db #0x89	; 137
    00001013 90                    4596 	.db #0x90	; 144
    00001014 00                    4597 	.db #0x00	; 0
    00001015 00                    4598 	.db #0x00	; 0
    00001016 00                    4599 	.db #0x00	; 0
    00001017 00                    4600 	.db #0x00	; 0
    00001018 00                    4601 	.db #0x00	; 0
    00001019 00                    4602 	.db #0x00	; 0
    0000101A 00                    4603 	.db #0x00	; 0
    0000101B 66                    4604 	.db #0x66	; 102	'f'
    0000101C 00                    4605 	.db #0x00	; 0
    0000101D 00                    4606 	.db #0x00	; 0
    0000101E 00                    4607 	.db #0x00	; 0
    0000101F 11                    4608 	.db #0x11	; 17
    00001020 11                    4609 	.db #0x11	; 17
    00001021 11                    4610 	.db #0x11	; 17
    00001022 11                    4611 	.db #0x11	; 17
    00001023 11                    4612 	.db #0x11	; 17
    00001024 11                    4613 	.db #0x11	; 17
    00001025 11                    4614 	.db #0x11	; 17
    00001026 11                    4615 	.db #0x11	; 17
    00001027 11                    4616 	.db #0x11	; 17
    00001028 11                    4617 	.db #0x11	; 17
    00001029 11                    4618 	.db #0x11	; 17
    0000102A 11                    4619 	.db #0x11	; 17
    0000102B 11                    4620 	.db #0x11	; 17
    0000102C 00                    4621 	.db #0x00	; 0
    0000102D 01                    4622 	.db #0x01	; 1
    0000102E 89                    4623 	.db #0x89	; 137
    0000102F 90                    4624 	.db #0x90	; 144
    00001030 00                    4625 	.db #0x00	; 0
    00001031 00                    4626 	.db #0x00	; 0
    00001032 00                    4627 	.db #0x00	; 0
    00001033 00                    4628 	.db #0x00	; 0
    00001034 00                    4629 	.db #0x00	; 0
    00001035 00                    4630 	.db #0x00	; 0
    00001036 06                    4631 	.db #0x06	; 6
    00001037 66                    4632 	.db #0x66	; 102	'f'
    00001038 66                    4633 	.db #0x66	; 102	'f'
    00001039 00                    4634 	.db #0x00	; 0
    0000103A 66                    4635 	.db #0x66	; 102	'f'
    0000103B 66                    4636 	.db #0x66	; 102	'f'
    0000103C 66                    4637 	.db #0x66	; 102	'f'
    0000103D 66                    4638 	.db #0x66	; 102	'f'
    0000103E 66                    4639 	.db #0x66	; 102	'f'
    0000103F 60                    4640 	.db #0x60	; 96
    00001040 00                    4641 	.db #0x00	; 0
    00001041 66                    4642 	.db #0x66	; 102	'f'
    00001042 66                    4643 	.db #0x66	; 102	'f'
    00001043 60                    4644 	.db #0x60	; 96
    00001044 00                    4645 	.db #0x00	; 0
    00001045 00                    4646 	.db #0x00	; 0
    00001046 00                    4647 	.db #0x00	; 0
    00001047 00                    4648 	.db #0x00	; 0
    00001048 00                    4649 	.db #0x00	; 0
    00001049 01                    4650 	.db #0x01	; 1
    0000104A 89                    4651 	.db #0x89	; 137
    0000104B 90                    4652 	.db #0x90	; 144
    0000104C 00                    4653 	.db #0x00	; 0
    0000104D 11                    4654 	.db #0x11	; 17
    0000104E 11                    4655 	.db #0x11	; 17
    0000104F 11                    4656 	.db #0x11	; 17
    00001050 11                    4657 	.db #0x11	; 17
    00001051 00                    4658 	.db #0x00	; 0
    00001052 00                    4659 	.db #0x00	; 0
    00001053 00                    4660 	.db #0x00	; 0
    00001054 00                    4661 	.db #0x00	; 0
    00001055 00                    4662 	.db #0x00	; 0
    00001056 00                    4663 	.db #0x00	; 0
    00001057 00                    4664 	.db #0x00	; 0
    00001058 00                    4665 	.db #0x00	; 0
    00001059 00                    4666 	.db #0x00	; 0
    0000105A 00                    4667 	.db #0x00	; 0
    0000105B 66                    4668 	.db #0x66	; 102	'f'
    0000105C 66                    4669 	.db #0x66	; 102	'f'
    0000105D 66                    4670 	.db #0x66	; 102	'f'
    0000105E 66                    4671 	.db #0x66	; 102	'f'
    0000105F 00                    4672 	.db #0x00	; 0
    00001060 00                    4673 	.db #0x00	; 0
    00001061 00                    4674 	.db #0x00	; 0
    00001062 00                    4675 	.db #0x00	; 0
    00001063 00                    4676 	.db #0x00	; 0
    00001064 01                    4677 	.db #0x01	; 1
    00001065 11                    4678 	.db #0x11	; 17
    00001066 89                    4679 	.db #0x89	; 137
    00001067 90                    4680 	.db #0x90	; 144
    00001068 00                    4681 	.db #0x00	; 0
    00001069 00                    4682 	.db #0x00	; 0
    0000106A 00                    4683 	.db #0x00	; 0
    0000106B 00                    4684 	.db #0x00	; 0
    0000106C 00                    4685 	.db #0x00	; 0
    0000106D 00                    4686 	.db #0x00	; 0
    0000106E 00                    4687 	.db #0x00	; 0
    0000106F 00                    4688 	.db #0x00	; 0
    00001070 00                    4689 	.db #0x00	; 0
    00001071 11                    4690 	.db #0x11	; 17
    00001072 11                    4691 	.db #0x11	; 17
    00001073 11                    4692 	.db #0x11	; 17
    00001074 11                    4693 	.db #0x11	; 17
    00001075 11                    4694 	.db #0x11	; 17
    00001076 11                    4695 	.db #0x11	; 17
    00001077 11                    4696 	.db #0x11	; 17
    00001078 11                    4697 	.db #0x11	; 17
    00001079 11                    4698 	.db #0x11	; 17
    0000107A 11                    4699 	.db #0x11	; 17
    0000107B 11                    4700 	.db #0x11	; 17
    0000107C 11                    4701 	.db #0x11	; 17
    0000107D 11                    4702 	.db #0x11	; 17
    0000107E 11                    4703 	.db #0x11	; 17
    0000107F 00                    4704 	.db #0x00	; 0
    00001080 00                    4705 	.db #0x00	; 0
    00001081 01                    4706 	.db #0x01	; 1
    00001082 89                    4707 	.db #0x89	; 137
    00001083 90                    4708 	.db #0x90	; 144
    00001084 00                    4709 	.db #0x00	; 0
    00001085 00                    4710 	.db #0x00	; 0
    00001086 00                    4711 	.db #0x00	; 0
    00001087 00                    4712 	.db #0x00	; 0
    00001088 00                    4713 	.db #0x00	; 0
    00001089 00                    4714 	.db #0x00	; 0
    0000108A 00                    4715 	.db #0x00	; 0
    0000108B 00                    4716 	.db #0x00	; 0
    0000108C 00                    4717 	.db #0x00	; 0
    0000108D 01                    4718 	.db #0x01	; 1
    0000108E 11                    4719 	.db #0x11	; 17
    0000108F 11                    4720 	.db #0x11	; 17
    00001090 11                    4721 	.db #0x11	; 17
    00001091 11                    4722 	.db #0x11	; 17
    00001092 11                    4723 	.db #0x11	; 17
    00001093 11                    4724 	.db #0x11	; 17
    00001094 11                    4725 	.db #0x11	; 17
    00001095 11                    4726 	.db #0x11	; 17
    00001096 11                    4727 	.db #0x11	; 17
    00001097 11                    4728 	.db #0x11	; 17
    00001098 11                    4729 	.db #0x11	; 17
    00001099 11                    4730 	.db #0x11	; 17
    0000109A 11                    4731 	.db #0x11	; 17
    0000109B 11                    4732 	.db #0x11	; 17
    0000109C 10                    4733 	.db #0x10	; 16
    0000109D 01                    4734 	.db #0x01	; 1
    0000109E 89                    4735 	.db #0x89	; 137
    0000109F 90                    4736 	.db #0x90	; 144
    000010A0 00                    4737 	.db #0x00	; 0
    000010A1 00                    4738 	.db #0x00	; 0
    000010A2 00                    4739 	.db #0x00	; 0
    000010A3 00                    4740 	.db #0x00	; 0
    000010A4 00                    4741 	.db #0x00	; 0
    000010A5 00                    4742 	.db #0x00	; 0
    000010A6 00                    4743 	.db #0x00	; 0
    000010A7 06                    4744 	.db #0x06	; 6
    000010A8 66                    4745 	.db #0x66	; 102	'f'
    000010A9 00                    4746 	.db #0x00	; 0
    000010AA 00                    4747 	.db #0x00	; 0
    000010AB 00                    4748 	.db #0x00	; 0
    000010AC 00                    4749 	.db #0x00	; 0
    000010AD 00                    4750 	.db #0x00	; 0
    000010AE 00                    4751 	.db #0x00	; 0
    000010AF 00                    4752 	.db #0x00	; 0
    000010B0 00                    4753 	.db #0x00	; 0
    000010B1 66                    4754 	.db #0x66	; 102	'f'
    000010B2 60                    4755 	.db #0x60	; 96
    000010B3 00                    4756 	.db #0x00	; 0
    000010B4 00                    4757 	.db #0x00	; 0
    000010B5 00                    4758 	.db #0x00	; 0
    000010B6 00                    4759 	.db #0x00	; 0
    000010B7 00                    4760 	.db #0x00	; 0
    000010B8 01                    4761 	.db #0x01	; 1
    000010B9 11                    4762 	.db #0x11	; 17
    000010BA 89                    4763 	.db #0x89	; 137
    000010BB 98                    4764 	.db #0x98	; 152
    000010BC 11                    4765 	.db #0x11	; 17
    000010BD 11                    4766 	.db #0x11	; 17
    000010BE 11                    4767 	.db #0x11	; 17
    000010BF 11                    4768 	.db #0x11	; 17
    000010C0 11                    4769 	.db #0x11	; 17
    000010C1 11                    4770 	.db #0x11	; 17
    000010C2 10                    4771 	.db #0x10	; 16
    000010C3 00                    4772 	.db #0x00	; 0
    000010C4 00                    4773 	.db #0x00	; 0
    000010C5 00                    4774 	.db #0x00	; 0
    000010C6 00                    4775 	.db #0x00	; 0
    000010C7 00                    4776 	.db #0x00	; 0
    000010C8 00                    4777 	.db #0x00	; 0
    000010C9 00                    4778 	.db #0x00	; 0
    000010CA 00                    4779 	.db #0x00	; 0
    000010CB 00                    4780 	.db #0x00	; 0
    000010CC 06                    4781 	.db #0x06	; 6
    000010CD 66                    4782 	.db #0x66	; 102	'f'
    000010CE 00                    4783 	.db #0x00	; 0
    000010CF 00                    4784 	.db #0x00	; 0
    000010D0 00                    4785 	.db #0x00	; 0
    000010D1 00                    4786 	.db #0x00	; 0
    000010D2 00                    4787 	.db #0x00	; 0
    000010D3 00                    4788 	.db #0x00	; 0
    000010D4 11                    4789 	.db #0x11	; 17
    000010D5 11                    4790 	.db #0x11	; 17
    000010D6 89                    4791 	.db #0x89	; 137
    000010D7 98                    4792 	.db #0x98	; 152
    000010D8 11                    4793 	.db #0x11	; 17
    000010D9 10                    4794 	.db #0x10	; 16
    000010DA 00                    4795 	.db #0x00	; 0
    000010DB 00                    4796 	.db #0x00	; 0
    000010DC 00                    4797 	.db #0x00	; 0
    000010DD 00                    4798 	.db #0x00	; 0
    000010DE 00                    4799 	.db #0x00	; 0
    000010DF 11                    4800 	.db #0x11	; 17
    000010E0 11                    4801 	.db #0x11	; 17
    000010E1 11                    4802 	.db #0x11	; 17
    000010E2 11                    4803 	.db #0x11	; 17
    000010E3 11                    4804 	.db #0x11	; 17
    000010E4 11                    4805 	.db #0x11	; 17
    000010E5 11                    4806 	.db #0x11	; 17
    000010E6 11                    4807 	.db #0x11	; 17
    000010E7 11                    4808 	.db #0x11	; 17
    000010E8 11                    4809 	.db #0x11	; 17
    000010E9 11                    4810 	.db #0x11	; 17
    000010EA 11                    4811 	.db #0x11	; 17
    000010EB 11                    4812 	.db #0x11	; 17
    000010EC 11                    4813 	.db #0x11	; 17
    000010ED 11                    4814 	.db #0x11	; 17
    000010EE 11                    4815 	.db #0x11	; 17
    000010EF 11                    4816 	.db #0x11	; 17
    000010F0 00                    4817 	.db #0x00	; 0
    000010F1 01                    4818 	.db #0x01	; 1
    000010F2 89                    4819 	.db #0x89	; 137
    000010F3 98                    4820 	.db #0x98	; 152
    000010F4 00                    4821 	.db #0x00	; 0
    000010F5 00                    4822 	.db #0x00	; 0
    000010F6 00                    4823 	.db #0x00	; 0
    000010F7 00                    4824 	.db #0x00	; 0
    000010F8 00                    4825 	.db #0x00	; 0
    000010F9 00                    4826 	.db #0x00	; 0
    000010FA 00                    4827 	.db #0x00	; 0
    000010FB 01                    4828 	.db #0x01	; 1
    000010FC 11                    4829 	.db #0x11	; 17
    000010FD 11                    4830 	.db #0x11	; 17
    000010FE 11                    4831 	.db #0x11	; 17
    000010FF 11                    4832 	.db #0x11	; 17
    00001100 11                    4833 	.db #0x11	; 17
    00001101 11                    4834 	.db #0x11	; 17
    00001102 11                    4835 	.db #0x11	; 17
    00001103 11                    4836 	.db #0x11	; 17
    00001104 11                    4837 	.db #0x11	; 17
    00001105 11                    4838 	.db #0x11	; 17
    00001106 11                    4839 	.db #0x11	; 17
    00001107 11                    4840 	.db #0x11	; 17
    00001108 11                    4841 	.db #0x11	; 17
    00001109 11                    4842 	.db #0x11	; 17
    0000110A 11                    4843 	.db #0x11	; 17
    0000110B 11                    4844 	.db #0x11	; 17
    0000110C 11                    4845 	.db #0x11	; 17
    0000110D 11                    4846 	.db #0x11	; 17
    0000110E 89                    4847 	.db #0x89	; 137
    0000110F 98                    4848 	.db #0x98	; 152
    00001110 10                    4849 	.db #0x10	; 16
    00001111 00                    4850 	.db #0x00	; 0
    00001112 00                    4851 	.db #0x00	; 0
    00001113 00                    4852 	.db #0x00	; 0
    00001114 00                    4853 	.db #0x00	; 0
    00001115 00                    4854 	.db #0x00	; 0
    00001116 00                    4855 	.db #0x00	; 0
    00001117 06                    4856 	.db #0x06	; 6
    00001118 66                    4857 	.db #0x66	; 102	'f'
    00001119 00                    4858 	.db #0x00	; 0
    0000111A 00                    4859 	.db #0x00	; 0
    0000111B 00                    4860 	.db #0x00	; 0
    0000111C 00                    4861 	.db #0x00	; 0
    0000111D 00                    4862 	.db #0x00	; 0
    0000111E 00                    4863 	.db #0x00	; 0
    0000111F 00                    4864 	.db #0x00	; 0
    00001120 00                    4865 	.db #0x00	; 0
    00001121 66                    4866 	.db #0x66	; 102	'f'
    00001122 60                    4867 	.db #0x60	; 96
    00001123 00                    4868 	.db #0x00	; 0
    00001124 00                    4869 	.db #0x00	; 0
    00001125 00                    4870 	.db #0x00	; 0
    00001126 00                    4871 	.db #0x00	; 0
    00001127 00                    4872 	.db #0x00	; 0
    00001128 11                    4873 	.db #0x11	; 17
    00001129 11                    4874 	.db #0x11	; 17
    0000112A 89                    4875 	.db #0x89	; 137
    0000112B 98                    4876 	.db #0x98	; 152
    0000112C 11                    4877 	.db #0x11	; 17
    0000112D 11                    4878 	.db #0x11	; 17
    0000112E 11                    4879 	.db #0x11	; 17
    0000112F 11                    4880 	.db #0x11	; 17
    00001130 11                    4881 	.db #0x11	; 17
    00001131 11                    4882 	.db #0x11	; 17
    00001132 11                    4883 	.db #0x11	; 17
    00001133 11                    4884 	.db #0x11	; 17
    00001134 00                    4885 	.db #0x00	; 0
    00001135 00                    4886 	.db #0x00	; 0
    00001136 00                    4887 	.db #0x00	; 0
    00001137 00                    4888 	.db #0x00	; 0
    00001138 00                    4889 	.db #0x00	; 0
    00001139 00                    4890 	.db #0x00	; 0
    0000113A 00                    4891 	.db #0x00	; 0
    0000113B 00                    4892 	.db #0x00	; 0
    0000113C 06                    4893 	.db #0x06	; 6
    0000113D 66                    4894 	.db #0x66	; 102	'f'
    0000113E 00                    4895 	.db #0x00	; 0
    0000113F 00                    4896 	.db #0x00	; 0
    00001140 00                    4897 	.db #0x00	; 0
    00001141 00                    4898 	.db #0x00	; 0
    00001142 00                    4899 	.db #0x00	; 0
    00001143 01                    4900 	.db #0x01	; 1
    00001144 11                    4901 	.db #0x11	; 17
    00001145 11                    4902 	.db #0x11	; 17
    00001146 89                    4903 	.db #0x89	; 137
    00001147 98                    4904 	.db #0x98	; 152
    00001148 11                    4905 	.db #0x11	; 17
    00001149 11                    4906 	.db #0x11	; 17
    0000114A 11                    4907 	.db #0x11	; 17
    0000114B 11                    4908 	.db #0x11	; 17
    0000114C 11                    4909 	.db #0x11	; 17
    0000114D 11                    4910 	.db #0x11	; 17
    0000114E 11                    4911 	.db #0x11	; 17
    0000114F 11                    4912 	.db #0x11	; 17
    00001150 11                    4913 	.db #0x11	; 17
    00001151 11                    4914 	.db #0x11	; 17
    00001152 11                    4915 	.db #0x11	; 17
    00001153 11                    4916 	.db #0x11	; 17
    00001154 11                    4917 	.db #0x11	; 17
    00001155 11                    4918 	.db #0x11	; 17
    00001156 11                    4919 	.db #0x11	; 17
    00001157 11                    4920 	.db #0x11	; 17
    00001158 11                    4921 	.db #0x11	; 17
    00001159 11                    4922 	.db #0x11	; 17
    0000115A 11                    4923 	.db #0x11	; 17
    0000115B 11                    4924 	.db #0x11	; 17
    0000115C 11                    4925 	.db #0x11	; 17
    0000115D 11                    4926 	.db #0x11	; 17
    0000115E 11                    4927 	.db #0x11	; 17
    0000115F 11                    4928 	.db #0x11	; 17
    00001160 10                    4929 	.db #0x10	; 16
    00001161 01                    4930 	.db #0x01	; 1
    00001162 89                    4931 	.db #0x89	; 137
    00001163 98                    4932 	.db #0x98	; 152
    00001164 11                    4933 	.db #0x11	; 17
    00001165 00                    4934 	.db #0x00	; 0
    00001166 00                    4935 	.db #0x00	; 0
    00001167 00                    4936 	.db #0x00	; 0
    00001168 00                    4937 	.db #0x00	; 0
    00001169 11                    4938 	.db #0x11	; 17
    0000116A 11                    4939 	.db #0x11	; 17
    0000116B 11                    4940 	.db #0x11	; 17
    0000116C 11                    4941 	.db #0x11	; 17
    0000116D 11                    4942 	.db #0x11	; 17
    0000116E 11                    4943 	.db #0x11	; 17
    0000116F 11                    4944 	.db #0x11	; 17
    00001170 11                    4945 	.db #0x11	; 17
    00001171 11                    4946 	.db #0x11	; 17
    00001172 11                    4947 	.db #0x11	; 17
    00001173 11                    4948 	.db #0x11	; 17
    00001174 11                    4949 	.db #0x11	; 17
    00001175 11                    4950 	.db #0x11	; 17
    00001176 11                    4951 	.db #0x11	; 17
    00001177 11                    4952 	.db #0x11	; 17
    00001178 11                    4953 	.db #0x11	; 17
    00001179 11                    4954 	.db #0x11	; 17
    0000117A 11                    4955 	.db #0x11	; 17
    0000117B 11                    4956 	.db #0x11	; 17
    0000117C 11                    4957 	.db #0x11	; 17
    0000117D 11                    4958 	.db #0x11	; 17
    0000117E 89                    4959 	.db #0x89	; 137
    0000117F 98                    4960 	.db #0x98	; 152
    00001180 11                    4961 	.db #0x11	; 17
    00001181 11                    4962 	.db #0x11	; 17
    00001182 00                    4963 	.db #0x00	; 0
    00001183 00                    4964 	.db #0x00	; 0
    00001184 00                    4965 	.db #0x00	; 0
    00001185 00                    4966 	.db #0x00	; 0
    00001186 00                    4967 	.db #0x00	; 0
    00001187 00                    4968 	.db #0x00	; 0
    00001188 00                    4969 	.db #0x00	; 0
    00001189 00                    4970 	.db #0x00	; 0
    0000118A 00                    4971 	.db #0x00	; 0
    0000118B 00                    4972 	.db #0x00	; 0
    0000118C 00                    4973 	.db #0x00	; 0
    0000118D 00                    4974 	.db #0x00	; 0
    0000118E 00                    4975 	.db #0x00	; 0
    0000118F 00                    4976 	.db #0x00	; 0
    00001190 00                    4977 	.db #0x00	; 0
    00001191 00                    4978 	.db #0x00	; 0
    00001192 00                    4979 	.db #0x00	; 0
    00001193 00                    4980 	.db #0x00	; 0
    00001194 00                    4981 	.db #0x00	; 0
    00001195 00                    4982 	.db #0x00	; 0
    00001196 01                    4983 	.db #0x01	; 1
    00001197 11                    4984 	.db #0x11	; 17
    00001198 11                    4985 	.db #0x11	; 17
    00001199 11                    4986 	.db #0x11	; 17
    0000119A 89                    4987 	.db #0x89	; 137
    0000119B 98                    4988 	.db #0x98	; 152
    0000119C 11                    4989 	.db #0x11	; 17
    0000119D 11                    4990 	.db #0x11	; 17
    0000119E 11                    4991 	.db #0x11	; 17
    0000119F 11                    4992 	.db #0x11	; 17
    000011A0 11                    4993 	.db #0x11	; 17
    000011A1 11                    4994 	.db #0x11	; 17
    000011A2 11                    4995 	.db #0x11	; 17
    000011A3 11                    4996 	.db #0x11	; 17
    000011A4 11                    4997 	.db #0x11	; 17
    000011A5 11                    4998 	.db #0x11	; 17
    000011A6 00                    4999 	.db #0x00	; 0
    000011A7 00                    5000 	.db #0x00	; 0
    000011A8 00                    5001 	.db #0x00	; 0
    000011A9 00                    5002 	.db #0x00	; 0
    000011AA 00                    5003 	.db #0x00	; 0
    000011AB 00                    5004 	.db #0x00	; 0
    000011AC 06                    5005 	.db #0x06	; 6
    000011AD 00                    5006 	.db #0x00	; 0
    000011AE 00                    5007 	.db #0x00	; 0
    000011AF 00                    5008 	.db #0x00	; 0
    000011B0 00                    5009 	.db #0x00	; 0
    000011B1 00                    5010 	.db #0x00	; 0
    000011B2 00                    5011 	.db #0x00	; 0
    000011B3 11                    5012 	.db #0x11	; 17
    000011B4 11                    5013 	.db #0x11	; 17
    000011B5 11                    5014 	.db #0x11	; 17
    000011B6 89                    5015 	.db #0x89	; 137
    000011B7 98                    5016 	.db #0x98	; 152
    000011B8 11                    5017 	.db #0x11	; 17
    000011B9 11                    5018 	.db #0x11	; 17
    000011BA 11                    5019 	.db #0x11	; 17
    000011BB 11                    5020 	.db #0x11	; 17
    000011BC 11                    5021 	.db #0x11	; 17
    000011BD 11                    5022 	.db #0x11	; 17
    000011BE 11                    5023 	.db #0x11	; 17
    000011BF 11                    5024 	.db #0x11	; 17
    000011C0 11                    5025 	.db #0x11	; 17
    000011C1 11                    5026 	.db #0x11	; 17
    000011C2 11                    5027 	.db #0x11	; 17
    000011C3 11                    5028 	.db #0x11	; 17
    000011C4 11                    5029 	.db #0x11	; 17
    000011C5 11                    5030 	.db #0x11	; 17
    000011C6 11                    5031 	.db #0x11	; 17
    000011C7 11                    5032 	.db #0x11	; 17
    000011C8 11                    5033 	.db #0x11	; 17
    000011C9 11                    5034 	.db #0x11	; 17
    000011CA 11                    5035 	.db #0x11	; 17
    000011CB 11                    5036 	.db #0x11	; 17
    000011CC 11                    5037 	.db #0x11	; 17
    000011CD 11                    5038 	.db #0x11	; 17
    000011CE 11                    5039 	.db #0x11	; 17
    000011CF 11                    5040 	.db #0x11	; 17
    000011D0 11                    5041 	.db #0x11	; 17
    000011D1 11                    5042 	.db #0x11	; 17
    000011D2 89                    5043 	.db #0x89	; 137
    000011D3 98                    5044 	.db #0x98	; 152
    000011D4 11                    5045 	.db #0x11	; 17
    000011D5 11                    5046 	.db #0x11	; 17
    000011D6 11                    5047 	.db #0x11	; 17
    000011D7 11                    5048 	.db #0x11	; 17
    000011D8 11                    5049 	.db #0x11	; 17
    000011D9 11                    5050 	.db #0x11	; 17
    000011DA 11                    5051 	.db #0x11	; 17
    000011DB 11                    5052 	.db #0x11	; 17
    000011DC 11                    5053 	.db #0x11	; 17
    000011DD 11                    5054 	.db #0x11	; 17
    000011DE 11                    5055 	.db #0x11	; 17
    000011DF 11                    5056 	.db #0x11	; 17
    000011E0 11                    5057 	.db #0x11	; 17
    000011E1 11                    5058 	.db #0x11	; 17
    000011E2 11                    5059 	.db #0x11	; 17
    000011E3 11                    5060 	.db #0x11	; 17
    000011E4 11                    5061 	.db #0x11	; 17
    000011E5 11                    5062 	.db #0x11	; 17
    000011E6 11                    5063 	.db #0x11	; 17
    000011E7 11                    5064 	.db #0x11	; 17
    000011E8 11                    5065 	.db #0x11	; 17
    000011E9 11                    5066 	.db #0x11	; 17
    000011EA 11                    5067 	.db #0x11	; 17
    000011EB 11                    5068 	.db #0x11	; 17
    000011EC 11                    5069 	.db #0x11	; 17
    000011ED 11                    5070 	.db #0x11	; 17
    000011EE 89                    5071 	.db #0x89	; 137
    000011EF 98                    5072 	.db #0x98	; 152
    000011F0 11                    5073 	.db #0x11	; 17
    000011F1 11                    5074 	.db #0x11	; 17
    000011F2 11                    5075 	.db #0x11	; 17
    000011F3 10                    5076 	.db #0x10	; 16
    000011F4 00                    5077 	.db #0x00	; 0
    000011F5 00                    5078 	.db #0x00	; 0
    000011F6 00                    5079 	.db #0x00	; 0
    000011F7 00                    5080 	.db #0x00	; 0
    000011F8 00                    5081 	.db #0x00	; 0
    000011F9 00                    5082 	.db #0x00	; 0
    000011FA 00                    5083 	.db #0x00	; 0
    000011FB 00                    5084 	.db #0x00	; 0
    000011FC 00                    5085 	.db #0x00	; 0
    000011FD 00                    5086 	.db #0x00	; 0
    000011FE 00                    5087 	.db #0x00	; 0
    000011FF 00                    5088 	.db #0x00	; 0
    00001200 00                    5089 	.db #0x00	; 0
    00001201 00                    5090 	.db #0x00	; 0
    00001202 00                    5091 	.db #0x00	; 0
    00001203 00                    5092 	.db #0x00	; 0
    00001204 00                    5093 	.db #0x00	; 0
    00001205 11                    5094 	.db #0x11	; 17
    00001206 11                    5095 	.db #0x11	; 17
    00001207 11                    5096 	.db #0x11	; 17
    00001208 11                    5097 	.db #0x11	; 17
    00001209 11                    5098 	.db #0x11	; 17
    0000120A 89                    5099 	.db #0x89	; 137
    0000120B 98                    5100 	.db #0x98	; 152
    0000120C 11                    5101 	.db #0x11	; 17
    0000120D 11                    5102 	.db #0x11	; 17
    0000120E 11                    5103 	.db #0x11	; 17
    0000120F 11                    5104 	.db #0x11	; 17
    00001210 11                    5105 	.db #0x11	; 17
    00001211 11                    5106 	.db #0x11	; 17
    00001212 11                    5107 	.db #0x11	; 17
    00001213 11                    5108 	.db #0x11	; 17
    00001214 11                    5109 	.db #0x11	; 17
    00001215 11                    5110 	.db #0x11	; 17
    00001216 11                    5111 	.db #0x11	; 17
    00001217 10                    5112 	.db #0x10	; 16
    00001218 00                    5113 	.db #0x00	; 0
    00001219 00                    5114 	.db #0x00	; 0
    0000121A 00                    5115 	.db #0x00	; 0
    0000121B 00                    5116 	.db #0x00	; 0
    0000121C 00                    5117 	.db #0x00	; 0
    0000121D 00                    5118 	.db #0x00	; 0
    0000121E 00                    5119 	.db #0x00	; 0
    0000121F 00                    5120 	.db #0x00	; 0
    00001220 00                    5121 	.db #0x00	; 0
    00001221 00                    5122 	.db #0x00	; 0
    00001222 11                    5123 	.db #0x11	; 17
    00001223 11                    5124 	.db #0x11	; 17
    00001224 11                    5125 	.db #0x11	; 17
    00001225 11                    5126 	.db #0x11	; 17
    00001226 89                    5127 	.db #0x89	; 137
    00001227 98                    5128 	.db #0x98	; 152
    00001228 11                    5129 	.db #0x11	; 17
    00001229 11                    5130 	.db #0x11	; 17
    0000122A 11                    5131 	.db #0x11	; 17
    0000122B 11                    5132 	.db #0x11	; 17
    0000122C 11                    5133 	.db #0x11	; 17
    0000122D 11                    5134 	.db #0x11	; 17
    0000122E 11                    5135 	.db #0x11	; 17
    0000122F 11                    5136 	.db #0x11	; 17
    00001230 11                    5137 	.db #0x11	; 17
    00001231 11                    5138 	.db #0x11	; 17
    00001232 11                    5139 	.db #0x11	; 17
    00001233 11                    5140 	.db #0x11	; 17
    00001234 11                    5141 	.db #0x11	; 17
    00001235 11                    5142 	.db #0x11	; 17
    00001236 11                    5143 	.db #0x11	; 17
    00001237 11                    5144 	.db #0x11	; 17
    00001238 11                    5145 	.db #0x11	; 17
    00001239 11                    5146 	.db #0x11	; 17
    0000123A 11                    5147 	.db #0x11	; 17
    0000123B 11                    5148 	.db #0x11	; 17
    0000123C 11                    5149 	.db #0x11	; 17
    0000123D 11                    5150 	.db #0x11	; 17
    0000123E 11                    5151 	.db #0x11	; 17
    0000123F 11                    5152 	.db #0x11	; 17
    00001240 11                    5153 	.db #0x11	; 17
    00001241 11                    5154 	.db #0x11	; 17
    00001242 89                    5155 	.db #0x89	; 137
    00001243 98                    5156 	.db #0x98	; 152
    00001244 11                    5157 	.db #0x11	; 17
    00001245 11                    5158 	.db #0x11	; 17
    00001246 11                    5159 	.db #0x11	; 17
    00001247 11                    5160 	.db #0x11	; 17
    00001248 11                    5161 	.db #0x11	; 17
    00001249 11                    5162 	.db #0x11	; 17
    0000124A 11                    5163 	.db #0x11	; 17
    0000124B 11                    5164 	.db #0x11	; 17
    0000124C 11                    5165 	.db #0x11	; 17
    0000124D 11                    5166 	.db #0x11	; 17
    0000124E 11                    5167 	.db #0x11	; 17
    0000124F 11                    5168 	.db #0x11	; 17
    00001250 11                    5169 	.db #0x11	; 17
    00001251 11                    5170 	.db #0x11	; 17
    00001252 11                    5171 	.db #0x11	; 17
    00001253 11                    5172 	.db #0x11	; 17
    00001254 11                    5173 	.db #0x11	; 17
    00001255 11                    5174 	.db #0x11	; 17
    00001256 11                    5175 	.db #0x11	; 17
    00001257 11                    5176 	.db #0x11	; 17
    00001258 11                    5177 	.db #0x11	; 17
    00001259 11                    5178 	.db #0x11	; 17
    0000125A 11                    5179 	.db #0x11	; 17
    0000125B 11                    5180 	.db #0x11	; 17
    0000125C 11                    5181 	.db #0x11	; 17
    0000125D 11                    5182 	.db #0x11	; 17
    0000125E 89                    5183 	.db #0x89	; 137
    0000125F 98                    5184 	.db #0x98	; 152
    00001260 11                    5185 	.db #0x11	; 17
    00001261 11                    5186 	.db #0x11	; 17
    00001262 11                    5187 	.db #0x11	; 17
    00001263 11                    5188 	.db #0x11	; 17
    00001264 11                    5189 	.db #0x11	; 17
    00001265 00                    5190 	.db #0x00	; 0
    00001266 00                    5191 	.db #0x00	; 0
    00001267 00                    5192 	.db #0x00	; 0
    00001268 00                    5193 	.db #0x00	; 0
    00001269 00                    5194 	.db #0x00	; 0
    0000126A 00                    5195 	.db #0x00	; 0
    0000126B 00                    5196 	.db #0x00	; 0
    0000126C 00                    5197 	.db #0x00	; 0
    0000126D 00                    5198 	.db #0x00	; 0
    0000126E 00                    5199 	.db #0x00	; 0
    0000126F 00                    5200 	.db #0x00	; 0
    00001270 00                    5201 	.db #0x00	; 0
    00001271 00                    5202 	.db #0x00	; 0
    00001272 00                    5203 	.db #0x00	; 0
    00001273 01                    5204 	.db #0x01	; 1
    00001274 11                    5205 	.db #0x11	; 17
    00001275 11                    5206 	.db #0x11	; 17
    00001276 11                    5207 	.db #0x11	; 17
    00001277 11                    5208 	.db #0x11	; 17
    00001278 11                    5209 	.db #0x11	; 17
    00001279 11                    5210 	.db #0x11	; 17
    0000127A 89                    5211 	.db #0x89	; 137
    0000127B 98                    5212 	.db #0x98	; 152
    0000127C 11                    5213 	.db #0x11	; 17
    0000127D 11                    5214 	.db #0x11	; 17
    0000127E 11                    5215 	.db #0x11	; 17
    0000127F 11                    5216 	.db #0x11	; 17
    00001280 11                    5217 	.db #0x11	; 17
    00001281 11                    5218 	.db #0x11	; 17
    00001282 11                    5219 	.db #0x11	; 17
    00001283 11                    5220 	.db #0x11	; 17
    00001284 11                    5221 	.db #0x11	; 17
    00001285 11                    5222 	.db #0x11	; 17
    00001286 11                    5223 	.db #0x11	; 17
    00001287 11                    5224 	.db #0x11	; 17
    00001288 11                    5225 	.db #0x11	; 17
    00001289 10                    5226 	.db #0x10	; 16
    0000128A 00                    5227 	.db #0x00	; 0
    0000128B 00                    5228 	.db #0x00	; 0
    0000128C 00                    5229 	.db #0x00	; 0
    0000128D 00                    5230 	.db #0x00	; 0
    0000128E 00                    5231 	.db #0x00	; 0
    0000128F 00                    5232 	.db #0x00	; 0
    00001290 11                    5233 	.db #0x11	; 17
    00001291 11                    5234 	.db #0x11	; 17
    00001292 11                    5235 	.db #0x11	; 17
    00001293 11                    5236 	.db #0x11	; 17
    00001294 11                    5237 	.db #0x11	; 17
    00001295 11                    5238 	.db #0x11	; 17
    00001296 89                    5239 	.db #0x89	; 137
    00001297 98                    5240 	.db #0x98	; 152
    00001298 11                    5241 	.db #0x11	; 17
    00001299 11                    5242 	.db #0x11	; 17
    0000129A 11                    5243 	.db #0x11	; 17
    0000129B 11                    5244 	.db #0x11	; 17
    0000129C 11                    5245 	.db #0x11	; 17
    0000129D 11                    5246 	.db #0x11	; 17
    0000129E 11                    5247 	.db #0x11	; 17
    0000129F 11                    5248 	.db #0x11	; 17
    000012A0 11                    5249 	.db #0x11	; 17
    000012A1 11                    5250 	.db #0x11	; 17
    000012A2 11                    5251 	.db #0x11	; 17
    000012A3 11                    5252 	.db #0x11	; 17
    000012A4 11                    5253 	.db #0x11	; 17
    000012A5 11                    5254 	.db #0x11	; 17
    000012A6 11                    5255 	.db #0x11	; 17
    000012A7 11                    5256 	.db #0x11	; 17
    000012A8 11                    5257 	.db #0x11	; 17
    000012A9 11                    5258 	.db #0x11	; 17
    000012AA 11                    5259 	.db #0x11	; 17
    000012AB 11                    5260 	.db #0x11	; 17
    000012AC 11                    5261 	.db #0x11	; 17
    000012AD 11                    5262 	.db #0x11	; 17
    000012AE 11                    5263 	.db #0x11	; 17
    000012AF 11                    5264 	.db #0x11	; 17
    000012B0 11                    5265 	.db #0x11	; 17
    000012B1 11                    5266 	.db #0x11	; 17
    000012B2 89                    5267 	.db #0x89	; 137
    000012B3 98                    5268 	.db #0x98	; 152
    000012B4 11                    5269 	.db #0x11	; 17
    000012B5 11                    5270 	.db #0x11	; 17
    000012B6 11                    5271 	.db #0x11	; 17
    000012B7 11                    5272 	.db #0x11	; 17
    000012B8 11                    5273 	.db #0x11	; 17
    000012B9 11                    5274 	.db #0x11	; 17
    000012BA 11                    5275 	.db #0x11	; 17
    000012BB 11                    5276 	.db #0x11	; 17
    000012BC 11                    5277 	.db #0x11	; 17
    000012BD 11                    5278 	.db #0x11	; 17
    000012BE 11                    5279 	.db #0x11	; 17
    000012BF 11                    5280 	.db #0x11	; 17
    000012C0 11                    5281 	.db #0x11	; 17
    000012C1 11                    5282 	.db #0x11	; 17
    000012C2 11                    5283 	.db #0x11	; 17
    000012C3 11                    5284 	.db #0x11	; 17
    000012C4 11                    5285 	.db #0x11	; 17
    000012C5 11                    5286 	.db #0x11	; 17
    000012C6 11                    5287 	.db #0x11	; 17
    000012C7 11                    5288 	.db #0x11	; 17
    000012C8 11                    5289 	.db #0x11	; 17
    000012C9 11                    5290 	.db #0x11	; 17
    000012CA 11                    5291 	.db #0x11	; 17
    000012CB 11                    5292 	.db #0x11	; 17
    000012CC 11                    5293 	.db #0x11	; 17
    000012CD 11                    5294 	.db #0x11	; 17
    000012CE 89                    5295 	.db #0x89	; 137
    000012CF 98                    5296 	.db #0x98	; 152
    000012D0 11                    5297 	.db #0x11	; 17
    000012D1 11                    5298 	.db #0x11	; 17
    000012D2 11                    5299 	.db #0x11	; 17
    000012D3 11                    5300 	.db #0x11	; 17
    000012D4 11                    5301 	.db #0x11	; 17
    000012D5 11                    5302 	.db #0x11	; 17
    000012D6 00                    5303 	.db #0x00	; 0
    000012D7 00                    5304 	.db #0x00	; 0
    000012D8 00                    5305 	.db #0x00	; 0
    000012D9 00                    5306 	.db #0x00	; 0
    000012DA 00                    5307 	.db #0x00	; 0
    000012DB 00                    5308 	.db #0x00	; 0
    000012DC 00                    5309 	.db #0x00	; 0
    000012DD 00                    5310 	.db #0x00	; 0
    000012DE 00                    5311 	.db #0x00	; 0
    000012DF 00                    5312 	.db #0x00	; 0
    000012E0 00                    5313 	.db #0x00	; 0
    000012E1 00                    5314 	.db #0x00	; 0
    000012E2 01                    5315 	.db #0x01	; 1
    000012E3 11                    5316 	.db #0x11	; 17
    000012E4 11                    5317 	.db #0x11	; 17
    000012E5 11                    5318 	.db #0x11	; 17
    000012E6 11                    5319 	.db #0x11	; 17
    000012E7 11                    5320 	.db #0x11	; 17
    000012E8 11                    5321 	.db #0x11	; 17
    000012E9 11                    5322 	.db #0x11	; 17
    000012EA 89                    5323 	.db #0x89	; 137
    000012EB 98                    5324 	.db #0x98	; 152
    000012EC 11                    5325 	.db #0x11	; 17
    000012ED 11                    5326 	.db #0x11	; 17
    000012EE 11                    5327 	.db #0x11	; 17
    000012EF 11                    5328 	.db #0x11	; 17
    000012F0 11                    5329 	.db #0x11	; 17
    000012F1 11                    5330 	.db #0x11	; 17
    000012F2 11                    5331 	.db #0x11	; 17
    000012F3 11                    5332 	.db #0x11	; 17
    000012F4 11                    5333 	.db #0x11	; 17
    000012F5 11                    5334 	.db #0x11	; 17
    000012F6 11                    5335 	.db #0x11	; 17
    000012F7 11                    5336 	.db #0x11	; 17
    000012F8 11                    5337 	.db #0x11	; 17
    000012F9 11                    5338 	.db #0x11	; 17
    000012FA 11                    5339 	.db #0x11	; 17
    000012FB 11                    5340 	.db #0x11	; 17
    000012FC 11                    5341 	.db #0x11	; 17
    000012FD 11                    5342 	.db #0x11	; 17
    000012FE 11                    5343 	.db #0x11	; 17
    000012FF 11                    5344 	.db #0x11	; 17
    00001300 11                    5345 	.db #0x11	; 17
    00001301 11                    5346 	.db #0x11	; 17
    00001302 11                    5347 	.db #0x11	; 17
    00001303 11                    5348 	.db #0x11	; 17
    00001304 11                    5349 	.db #0x11	; 17
    00001305 11                    5350 	.db #0x11	; 17
    00001306 89                    5351 	.db #0x89	; 137
    00001307 98                    5352 	.db #0x98	; 152
    00001308 11                    5353 	.db #0x11	; 17
    00001309 11                    5354 	.db #0x11	; 17
    0000130A 11                    5355 	.db #0x11	; 17
    0000130B 11                    5356 	.db #0x11	; 17
    0000130C 11                    5357 	.db #0x11	; 17
    0000130D 11                    5358 	.db #0x11	; 17
    0000130E 11                    5359 	.db #0x11	; 17
    0000130F 11                    5360 	.db #0x11	; 17
    00001310 11                    5361 	.db #0x11	; 17
    00001311 11                    5362 	.db #0x11	; 17
    00001312 11                    5363 	.db #0x11	; 17
    00001313 11                    5364 	.db #0x11	; 17
    00001314 11                    5365 	.db #0x11	; 17
    00001315 11                    5366 	.db #0x11	; 17
    00001316 11                    5367 	.db #0x11	; 17
    00001317 11                    5368 	.db #0x11	; 17
    00001318 11                    5369 	.db #0x11	; 17
    00001319 11                    5370 	.db #0x11	; 17
    0000131A 11                    5371 	.db #0x11	; 17
    0000131B 11                    5372 	.db #0x11	; 17
    0000131C 11                    5373 	.db #0x11	; 17
    0000131D 11                    5374 	.db #0x11	; 17
    0000131E 11                    5375 	.db #0x11	; 17
    0000131F 11                    5376 	.db #0x11	; 17
    00001320 11                    5377 	.db #0x11	; 17
    00001321 11                    5378 	.db #0x11	; 17
    00001322 89                    5379 	.db #0x89	; 137
    00001323 98                    5380 	.db #0x98	; 152
    00001324 11                    5381 	.db #0x11	; 17
    00001325 11                    5382 	.db #0x11	; 17
    00001326 11                    5383 	.db #0x11	; 17
    00001327 11                    5384 	.db #0x11	; 17
    00001328 11                    5385 	.db #0x11	; 17
    00001329 11                    5386 	.db #0x11	; 17
    0000132A 11                    5387 	.db #0x11	; 17
    0000132B 11                    5388 	.db #0x11	; 17
    0000132C 11                    5389 	.db #0x11	; 17
    0000132D 11                    5390 	.db #0x11	; 17
    0000132E 11                    5391 	.db #0x11	; 17
    0000132F 11                    5392 	.db #0x11	; 17
    00001330 11                    5393 	.db #0x11	; 17
    00001331 11                    5394 	.db #0x11	; 17
    00001332 11                    5395 	.db #0x11	; 17
    00001333 11                    5396 	.db #0x11	; 17
    00001334 11                    5397 	.db #0x11	; 17
    00001335 11                    5398 	.db #0x11	; 17
    00001336 11                    5399 	.db #0x11	; 17
    00001337 11                    5400 	.db #0x11	; 17
    00001338 11                    5401 	.db #0x11	; 17
    00001339 11                    5402 	.db #0x11	; 17
    0000133A 11                    5403 	.db #0x11	; 17
    0000133B 11                    5404 	.db #0x11	; 17
    0000133C 11                    5405 	.db #0x11	; 17
    0000133D 11                    5406 	.db #0x11	; 17
    0000133E 89                    5407 	.db #0x89	; 137
    0000133F 98                    5408 	.db #0x98	; 152
    00001340 11                    5409 	.db #0x11	; 17
    00001341 11                    5410 	.db #0x11	; 17
    00001342 11                    5411 	.db #0x11	; 17
    00001343 11                    5412 	.db #0x11	; 17
    00001344 11                    5413 	.db #0x11	; 17
    00001345 11                    5414 	.db #0x11	; 17
    00001346 11                    5415 	.db #0x11	; 17
    00001347 00                    5416 	.db #0x00	; 0
    00001348 00                    5417 	.db #0x00	; 0
    00001349 00                    5418 	.db #0x00	; 0
    0000134A 00                    5419 	.db #0x00	; 0
    0000134B 00                    5420 	.db #0x00	; 0
    0000134C 00                    5421 	.db #0x00	; 0
    0000134D 00                    5422 	.db #0x00	; 0
    0000134E 00                    5423 	.db #0x00	; 0
    0000134F 00                    5424 	.db #0x00	; 0
    00001350 00                    5425 	.db #0x00	; 0
    00001351 01                    5426 	.db #0x01	; 1
    00001352 11                    5427 	.db #0x11	; 17
    00001353 11                    5428 	.db #0x11	; 17
    00001354 11                    5429 	.db #0x11	; 17
    00001355 11                    5430 	.db #0x11	; 17
    00001356 11                    5431 	.db #0x11	; 17
    00001357 11                    5432 	.db #0x11	; 17
    00001358 11                    5433 	.db #0x11	; 17
    00001359 11                    5434 	.db #0x11	; 17
    0000135A 89                    5435 	.db #0x89	; 137
    0000135B 98                    5436 	.db #0x98	; 152
    0000135C 11                    5437 	.db #0x11	; 17
    0000135D 11                    5438 	.db #0x11	; 17
    0000135E 11                    5439 	.db #0x11	; 17
    0000135F 11                    5440 	.db #0x11	; 17
    00001360 11                    5441 	.db #0x11	; 17
    00001361 11                    5442 	.db #0x11	; 17
    00001362 11                    5443 	.db #0x11	; 17
    00001363 11                    5444 	.db #0x11	; 17
    00001364 11                    5445 	.db #0x11	; 17
    00001365 11                    5446 	.db #0x11	; 17
    00001366 11                    5447 	.db #0x11	; 17
    00001367 11                    5448 	.db #0x11	; 17
    00001368 11                    5449 	.db #0x11	; 17
    00001369 11                    5450 	.db #0x11	; 17
    0000136A 11                    5451 	.db #0x11	; 17
    0000136B 11                    5452 	.db #0x11	; 17
    0000136C 11                    5453 	.db #0x11	; 17
    0000136D 11                    5454 	.db #0x11	; 17
    0000136E 11                    5455 	.db #0x11	; 17
    0000136F 11                    5456 	.db #0x11	; 17
    00001370 11                    5457 	.db #0x11	; 17
    00001371 11                    5458 	.db #0x11	; 17
    00001372 11                    5459 	.db #0x11	; 17
    00001373 11                    5460 	.db #0x11	; 17
    00001374 11                    5461 	.db #0x11	; 17
    00001375 11                    5462 	.db #0x11	; 17
    00001376 89                    5463 	.db #0x89	; 137
    00001377 98                    5464 	.db #0x98	; 152
    00001378 11                    5465 	.db #0x11	; 17
    00001379 11                    5466 	.db #0x11	; 17
    0000137A 11                    5467 	.db #0x11	; 17
    0000137B 11                    5468 	.db #0x11	; 17
    0000137C 11                    5469 	.db #0x11	; 17
    0000137D 11                    5470 	.db #0x11	; 17
    0000137E 11                    5471 	.db #0x11	; 17
    0000137F 11                    5472 	.db #0x11	; 17
    00001380 11                    5473 	.db #0x11	; 17
    00001381 11                    5474 	.db #0x11	; 17
    00001382 11                    5475 	.db #0x11	; 17
    00001383 11                    5476 	.db #0x11	; 17
    00001384 11                    5477 	.db #0x11	; 17
    00001385 11                    5478 	.db #0x11	; 17
    00001386 11                    5479 	.db #0x11	; 17
    00001387 11                    5480 	.db #0x11	; 17
    00001388 11                    5481 	.db #0x11	; 17
    00001389 11                    5482 	.db #0x11	; 17
    0000138A 11                    5483 	.db #0x11	; 17
    0000138B 11                    5484 	.db #0x11	; 17
    0000138C 11                    5485 	.db #0x11	; 17
    0000138D 11                    5486 	.db #0x11	; 17
    0000138E 11                    5487 	.db #0x11	; 17
    0000138F 11                    5488 	.db #0x11	; 17
    00001390 11                    5489 	.db #0x11	; 17
    00001391 11                    5490 	.db #0x11	; 17
    00001392 89                    5491 	.db #0x89	; 137
    00001393 98                    5492 	.db #0x98	; 152
    00001394 11                    5493 	.db #0x11	; 17
    00001395 11                    5494 	.db #0x11	; 17
    00001396 11                    5495 	.db #0x11	; 17
    00001397 11                    5496 	.db #0x11	; 17
    00001398 11                    5497 	.db #0x11	; 17
    00001399 11                    5498 	.db #0x11	; 17
    0000139A 11                    5499 	.db #0x11	; 17
    0000139B 11                    5500 	.db #0x11	; 17
    0000139C 11                    5501 	.db #0x11	; 17
    0000139D 11                    5502 	.db #0x11	; 17
    0000139E 11                    5503 	.db #0x11	; 17
    0000139F 11                    5504 	.db #0x11	; 17
    000013A0 11                    5505 	.db #0x11	; 17
    000013A1 11                    5506 	.db #0x11	; 17
    000013A2 11                    5507 	.db #0x11	; 17
    000013A3 11                    5508 	.db #0x11	; 17
    000013A4 11                    5509 	.db #0x11	; 17
    000013A5 11                    5510 	.db #0x11	; 17
    000013A6 11                    5511 	.db #0x11	; 17
    000013A7 11                    5512 	.db #0x11	; 17
    000013A8 11                    5513 	.db #0x11	; 17
    000013A9 11                    5514 	.db #0x11	; 17
    000013AA 11                    5515 	.db #0x11	; 17
    000013AB 11                    5516 	.db #0x11	; 17
    000013AC 11                    5517 	.db #0x11	; 17
    000013AD 11                    5518 	.db #0x11	; 17
    000013AE 89                    5519 	.db #0x89	; 137
    000013AF 98                    5520 	.db #0x98	; 152
    000013B0 11                    5521 	.db #0x11	; 17
    000013B1 11                    5522 	.db #0x11	; 17
    000013B2 11                    5523 	.db #0x11	; 17
    000013B3 11                    5524 	.db #0x11	; 17
    000013B4 11                    5525 	.db #0x11	; 17
    000013B5 11                    5526 	.db #0x11	; 17
    000013B6 11                    5527 	.db #0x11	; 17
    000013B7 11                    5528 	.db #0x11	; 17
    000013B8 11                    5529 	.db #0x11	; 17
    000013B9 00                    5530 	.db #0x00	; 0
    000013BA 00                    5531 	.db #0x00	; 0
    000013BB 00                    5532 	.db #0x00	; 0
    000013BC 00                    5533 	.db #0x00	; 0
    000013BD 00                    5534 	.db #0x00	; 0
    000013BE 00                    5535 	.db #0x00	; 0
    000013BF 11                    5536 	.db #0x11	; 17
    000013C0 11                    5537 	.db #0x11	; 17
    000013C1 11                    5538 	.db #0x11	; 17
    000013C2 11                    5539 	.db #0x11	; 17
    000013C3 11                    5540 	.db #0x11	; 17
    000013C4 11                    5541 	.db #0x11	; 17
    000013C5 11                    5542 	.db #0x11	; 17
    000013C6 11                    5543 	.db #0x11	; 17
    000013C7 11                    5544 	.db #0x11	; 17
    000013C8 11                    5545 	.db #0x11	; 17
    000013C9 11                    5546 	.db #0x11	; 17
    000013CA 11                    5547 	.db #0x11	; 17
    000013CB 11                    5548 	.db #0x11	; 17
    000013CC 11                    5549 	.db #0x11	; 17
    000013CD 11                    5550 	.db #0x11	; 17
    000013CE 11                    5551 	.db #0x11	; 17
    000013CF 11                    5552 	.db #0x11	; 17
    000013D0 11                    5553 	.db #0x11	; 17
    000013D1 11                    5554 	.db #0x11	; 17
    000013D2 11                    5555 	.db #0x11	; 17
    000013D3 11                    5556 	.db #0x11	; 17
    000013D4 11                    5557 	.db #0x11	; 17
    000013D5 11                    5558 	.db #0x11	; 17
    000013D6 11                    5559 	.db #0x11	; 17
    000013D7 11                    5560 	.db #0x11	; 17
    000013D8 11                    5561 	.db #0x11	; 17
    000013D9 11                    5562 	.db #0x11	; 17
    000013DA 11                    5563 	.db #0x11	; 17
    000013DB 11                    5564 	.db #0x11	; 17
    000013DC 11                    5565 	.db #0x11	; 17
    000013DD 11                    5566 	.db #0x11	; 17
    000013DE 11                    5567 	.db #0x11	; 17
    000013DF 11                    5568 	.db #0x11	; 17
    000013E0 11                    5569 	.db #0x11	; 17
    000013E1 11                    5570 	.db #0x11	; 17
    000013E2 11                    5571 	.db #0x11	; 17
    000013E3 11                    5572 	.db #0x11	; 17
    000013E4 11                    5573 	.db #0x11	; 17
    000013E5 11                    5574 	.db #0x11	; 17
    000013E6 11                    5575 	.db #0x11	; 17
    000013E7 11                    5576 	.db #0x11	; 17
    000013E8 11                    5577 	.db #0x11	; 17
    000013E9 11                    5578 	.db #0x11	; 17
    000013EA 11                    5579 	.db #0x11	; 17
    000013EB 11                    5580 	.db #0x11	; 17
    000013EC 11                    5581 	.db #0x11	; 17
    000013ED 11                    5582 	.db #0x11	; 17
    000013EE 11                    5583 	.db #0x11	; 17
    000013EF 11                    5584 	.db #0x11	; 17
    000013F0 11                    5585 	.db #0x11	; 17
    000013F1 11                    5586 	.db #0x11	; 17
    000013F2 11                    5587 	.db #0x11	; 17
    000013F3 11                    5588 	.db #0x11	; 17
    000013F4 11                    5589 	.db #0x11	; 17
    000013F5 11                    5590 	.db #0x11	; 17
    000013F6 11                    5591 	.db #0x11	; 17
    000013F7 11                    5592 	.db #0x11	; 17
    000013F8 11                    5593 	.db #0x11	; 17
    000013F9 11                    5594 	.db #0x11	; 17
    000013FA 11                    5595 	.db #0x11	; 17
    000013FB 11                    5596 	.db #0x11	; 17
    000013FC 11                    5597 	.db #0x11	; 17
    000013FD 11                    5598 	.db #0x11	; 17
    000013FE 11                    5599 	.db #0x11	; 17
    000013FF 11                    5600 	.db #0x11	; 17
    00001400 11                    5601 	.db #0x11	; 17
    00001401 11                    5602 	.db #0x11	; 17
    00001402 11                    5603 	.db #0x11	; 17
    00001403 11                    5604 	.db #0x11	; 17
    00001404 11                    5605 	.db #0x11	; 17
    00001405 11                    5606 	.db #0x11	; 17
    00001406 11                    5607 	.db #0x11	; 17
    00001407 11                    5608 	.db #0x11	; 17
    00001408 11                    5609 	.db #0x11	; 17
    00001409 11                    5610 	.db #0x11	; 17
    0000140A 11                    5611 	.db #0x11	; 17
    0000140B 11                    5612 	.db #0x11	; 17
    0000140C 11                    5613 	.db #0x11	; 17
    0000140D 11                    5614 	.db #0x11	; 17
    0000140E 11                    5615 	.db #0x11	; 17
    0000140F 11                    5616 	.db #0x11	; 17
    00001410 11                    5617 	.db #0x11	; 17
    00001411 11                    5618 	.db #0x11	; 17
    00001412 11                    5619 	.db #0x11	; 17
    00001413 11                    5620 	.db #0x11	; 17
    00001414 1A                    5621 	.db #0x1a	; 26
    00001415 AA                    5622 	.db #0xaa	; 170
    00001416 AA                    5623 	.db #0xaa	; 170
    00001417 AA                    5624 	.db #0xaa	; 170
    00001418 AA                    5625 	.db #0xaa	; 170
    00001419 AA                    5626 	.db #0xaa	; 170
    0000141A 11                    5627 	.db #0x11	; 17
    0000141B 11                    5628 	.db #0x11	; 17
    0000141C 11                    5629 	.db #0x11	; 17
    0000141D 11                    5630 	.db #0x11	; 17
    0000141E 11                    5631 	.db #0x11	; 17
    0000141F 11                    5632 	.db #0x11	; 17
    00001420 11                    5633 	.db #0x11	; 17
    00001421 11                    5634 	.db #0x11	; 17
    00001422 11                    5635 	.db #0x11	; 17
    00001423 11                    5636 	.db #0x11	; 17
    00001424 11                    5637 	.db #0x11	; 17
    00001425 11                    5638 	.db #0x11	; 17
    00001426 11                    5639 	.db #0x11	; 17
    00001427 11                    5640 	.db #0x11	; 17
    00001428 11                    5641 	.db #0x11	; 17
    00001429 11                    5642 	.db #0x11	; 17
    0000142A 11                    5643 	.db #0x11	; 17
    0000142B 11                    5644 	.db #0x11	; 17
    0000142C 11                    5645 	.db #0x11	; 17
    0000142D 11                    5646 	.db #0x11	; 17
    0000142E 11                    5647 	.db #0x11	; 17
    0000142F 11                    5648 	.db #0x11	; 17
    00001430 11                    5649 	.db #0x11	; 17
    00001431 11                    5650 	.db #0x11	; 17
    00001432 11                    5651 	.db #0x11	; 17
    00001433 11                    5652 	.db #0x11	; 17
    00001434 11                    5653 	.db #0x11	; 17
    00001435 11                    5654 	.db #0x11	; 17
    00001436 11                    5655 	.db #0x11	; 17
    00001437 11                    5656 	.db #0x11	; 17
    00001438 11                    5657 	.db #0x11	; 17
    00001439 11                    5658 	.db #0x11	; 17
    0000143A 11                    5659 	.db #0x11	; 17
    0000143B 11                    5660 	.db #0x11	; 17
    0000143C 11                    5661 	.db #0x11	; 17
    0000143D 11                    5662 	.db #0x11	; 17
    0000143E 11                    5663 	.db #0x11	; 17
    0000143F 11                    5664 	.db #0x11	; 17
    00001440 11                    5665 	.db #0x11	; 17
    00001441 11                    5666 	.db #0x11	; 17
    00001442 11                    5667 	.db #0x11	; 17
    00001443 11                    5668 	.db #0x11	; 17
    00001444 11                    5669 	.db #0x11	; 17
    00001445 11                    5670 	.db #0x11	; 17
    00001446 11                    5671 	.db #0x11	; 17
    00001447 11                    5672 	.db #0x11	; 17
    00001448 11                    5673 	.db #0x11	; 17
    00001449 11                    5674 	.db #0x11	; 17
    0000144A 11                    5675 	.db #0x11	; 17
    0000144B 11                    5676 	.db #0x11	; 17
    0000144C 11                    5677 	.db #0x11	; 17
    0000144D 11                    5678 	.db #0x11	; 17
    0000144E 11                    5679 	.db #0x11	; 17
    0000144F 11                    5680 	.db #0x11	; 17
    00001450 11                    5681 	.db #0x11	; 17
    00001451 11                    5682 	.db #0x11	; 17
    00001452 11                    5683 	.db #0x11	; 17
    00001453 11                    5684 	.db #0x11	; 17
    00001454 11                    5685 	.db #0x11	; 17
    00001455 11                    5686 	.db #0x11	; 17
    00001456 11                    5687 	.db #0x11	; 17
    00001457 11                    5688 	.db #0x11	; 17
    00001458 11                    5689 	.db #0x11	; 17
    00001459 11                    5690 	.db #0x11	; 17
    0000145A 11                    5691 	.db #0x11	; 17
    0000145B 11                    5692 	.db #0x11	; 17
    0000145C 11                    5693 	.db #0x11	; 17
    0000145D 11                    5694 	.db #0x11	; 17
    0000145E 11                    5695 	.db #0x11	; 17
    0000145F 11                    5696 	.db #0x11	; 17
    00001460 11                    5697 	.db #0x11	; 17
    00001461 11                    5698 	.db #0x11	; 17
    00001462 11                    5699 	.db #0x11	; 17
    00001463 11                    5700 	.db #0x11	; 17
    00001464 11                    5701 	.db #0x11	; 17
    00001465 11                    5702 	.db #0x11	; 17
    00001466 11                    5703 	.db #0x11	; 17
    00001467 11                    5704 	.db #0x11	; 17
    00001468 11                    5705 	.db #0x11	; 17
    00001469 11                    5706 	.db #0x11	; 17
    0000146A 11                    5707 	.db #0x11	; 17
    0000146B 11                    5708 	.db #0x11	; 17
    0000146C 11                    5709 	.db #0x11	; 17
    0000146D 11                    5710 	.db #0x11	; 17
    0000146E 11                    5711 	.db #0x11	; 17
    0000146F 11                    5712 	.db #0x11	; 17
    00001470 11                    5713 	.db #0x11	; 17
    00001471 11                    5714 	.db #0x11	; 17
    00001472 11                    5715 	.db #0x11	; 17
    00001473 11                    5716 	.db #0x11	; 17
    00001474 11                    5717 	.db #0x11	; 17
    00001475 11                    5718 	.db #0x11	; 17
    00001476 11                    5719 	.db #0x11	; 17
    00001477 11                    5720 	.db #0x11	; 17
    00001478 11                    5721 	.db #0x11	; 17
    00001479 11                    5722 	.db #0x11	; 17
    0000147A 11                    5723 	.db #0x11	; 17
    0000147B 11                    5724 	.db #0x11	; 17
    0000147C 11                    5725 	.db #0x11	; 17
    0000147D 11                    5726 	.db #0x11	; 17
    0000147E 11                    5727 	.db #0x11	; 17
    0000147F 11                    5728 	.db #0x11	; 17
    00001480 11                    5729 	.db #0x11	; 17
    00001481 11                    5730 	.db #0x11	; 17
    00001482 1A                    5731 	.db #0x1a	; 26
    00001483 AA                    5732 	.db #0xaa	; 170
    00001484 AA                    5733 	.db #0xaa	; 170
    00001485 AA                    5734 	.db #0xaa	; 170
    00001486 AA                    5735 	.db #0xaa	; 170
    00001487 AA                    5736 	.db #0xaa	; 170
    00001488 AA                    5737 	.db #0xaa	; 170
    00001489 AA                    5738 	.db #0xaa	; 170
    0000148A AA                    5739 	.db #0xaa	; 170
    0000148B A1                    5740 	.db #0xa1	; 161
    0000148C 11                    5741 	.db #0x11	; 17
    0000148D 11                    5742 	.db #0x11	; 17
    0000148E 11                    5743 	.db #0x11	; 17
    0000148F 11                    5744 	.db #0x11	; 17
    00001490 11                    5745 	.db #0x11	; 17
    00001491 11                    5746 	.db #0x11	; 17
    00001492 11                    5747 	.db #0x11	; 17
    00001493 11                    5748 	.db #0x11	; 17
    00001494 11                    5749 	.db #0x11	; 17
    00001495 11                    5750 	.db #0x11	; 17
    00001496 11                    5751 	.db #0x11	; 17
    00001497 11                    5752 	.db #0x11	; 17
    00001498 11                    5753 	.db #0x11	; 17
    00001499 11                    5754 	.db #0x11	; 17
    0000149A 11                    5755 	.db #0x11	; 17
    0000149B 11                    5756 	.db #0x11	; 17
    0000149C 11                    5757 	.db #0x11	; 17
    0000149D 11                    5758 	.db #0x11	; 17
    0000149E 11                    5759 	.db #0x11	; 17
    0000149F 11                    5760 	.db #0x11	; 17
    000014A0 11                    5761 	.db #0x11	; 17
    000014A1 11                    5762 	.db #0x11	; 17
    000014A2 11                    5763 	.db #0x11	; 17
    000014A3 11                    5764 	.db #0x11	; 17
    000014A4 11                    5765 	.db #0x11	; 17
    000014A5 11                    5766 	.db #0x11	; 17
    000014A6 11                    5767 	.db #0x11	; 17
    000014A7 11                    5768 	.db #0x11	; 17
    000014A8 11                    5769 	.db #0x11	; 17
    000014A9 11                    5770 	.db #0x11	; 17
    000014AA 11                    5771 	.db #0x11	; 17
    000014AB 11                    5772 	.db #0x11	; 17
    000014AC 11                    5773 	.db #0x11	; 17
    000014AD 11                    5774 	.db #0x11	; 17
    000014AE 11                    5775 	.db #0x11	; 17
    000014AF 11                    5776 	.db #0x11	; 17
    000014B0 11                    5777 	.db #0x11	; 17
    000014B1 11                    5778 	.db #0x11	; 17
    000014B2 11                    5779 	.db #0x11	; 17
    000014B3 11                    5780 	.db #0x11	; 17
    000014B4 11                    5781 	.db #0x11	; 17
    000014B5 11                    5782 	.db #0x11	; 17
    000014B6 11                    5783 	.db #0x11	; 17
    000014B7 11                    5784 	.db #0x11	; 17
    000014B8 11                    5785 	.db #0x11	; 17
    000014B9 11                    5786 	.db #0x11	; 17
    000014BA 11                    5787 	.db #0x11	; 17
    000014BB 11                    5788 	.db #0x11	; 17
    000014BC 11                    5789 	.db #0x11	; 17
    000014BD 11                    5790 	.db #0x11	; 17
    000014BE 11                    5791 	.db #0x11	; 17
    000014BF 11                    5792 	.db #0x11	; 17
    000014C0 11                    5793 	.db #0x11	; 17
    000014C1 11                    5794 	.db #0x11	; 17
    000014C2 11                    5795 	.db #0x11	; 17
    000014C3 11                    5796 	.db #0x11	; 17
    000014C4 11                    5797 	.db #0x11	; 17
    000014C5 11                    5798 	.db #0x11	; 17
    000014C6 11                    5799 	.db #0x11	; 17
    000014C7 11                    5800 	.db #0x11	; 17
    000014C8 11                    5801 	.db #0x11	; 17
    000014C9 11                    5802 	.db #0x11	; 17
    000014CA 11                    5803 	.db #0x11	; 17
    000014CB 11                    5804 	.db #0x11	; 17
    000014CC 11                    5805 	.db #0x11	; 17
    000014CD 11                    5806 	.db #0x11	; 17
    000014CE 11                    5807 	.db #0x11	; 17
    000014CF 11                    5808 	.db #0x11	; 17
    000014D0 11                    5809 	.db #0x11	; 17
    000014D1 11                    5810 	.db #0x11	; 17
    000014D2 11                    5811 	.db #0x11	; 17
    000014D3 11                    5812 	.db #0x11	; 17
    000014D4 11                    5813 	.db #0x11	; 17
    000014D5 11                    5814 	.db #0x11	; 17
    000014D6 11                    5815 	.db #0x11	; 17
    000014D7 11                    5816 	.db #0x11	; 17
    000014D8 11                    5817 	.db #0x11	; 17
    000014D9 11                    5818 	.db #0x11	; 17
    000014DA 11                    5819 	.db #0x11	; 17
    000014DB 11                    5820 	.db #0x11	; 17
    000014DC 11                    5821 	.db #0x11	; 17
    000014DD 11                    5822 	.db #0x11	; 17
    000014DE 11                    5823 	.db #0x11	; 17
    000014DF 11                    5824 	.db #0x11	; 17
    000014E0 11                    5825 	.db #0x11	; 17
    000014E1 11                    5826 	.db #0x11	; 17
    000014E2 11                    5827 	.db #0x11	; 17
    000014E3 11                    5828 	.db #0x11	; 17
    000014E4 11                    5829 	.db #0x11	; 17
    000014E5 11                    5830 	.db #0x11	; 17
    000014E6 11                    5831 	.db #0x11	; 17
    000014E7 11                    5832 	.db #0x11	; 17
    000014E8 11                    5833 	.db #0x11	; 17
    000014E9 11                    5834 	.db #0x11	; 17
    000014EA 11                    5835 	.db #0x11	; 17
    000014EB 11                    5836 	.db #0x11	; 17
    000014EC 11                    5837 	.db #0x11	; 17
    000014ED 11                    5838 	.db #0x11	; 17
    000014EE 11                    5839 	.db #0x11	; 17
    000014EF 11                    5840 	.db #0x11	; 17
    000014F0 1A                    5841 	.db #0x1a	; 26
    000014F1 AA                    5842 	.db #0xaa	; 170
    000014F2 AA                    5843 	.db #0xaa	; 170
    000014F3 AA                    5844 	.db #0xaa	; 170
    000014F4 AA                    5845 	.db #0xaa	; 170
    000014F5 AA                    5846 	.db #0xaa	; 170
    000014F6 AA                    5847 	.db #0xaa	; 170
    000014F7 AA                    5848 	.db #0xaa	; 170
    000014F8 AA                    5849 	.db #0xaa	; 170
    000014F9 AA                    5850 	.db #0xaa	; 170
    000014FA AA                    5851 	.db #0xaa	; 170
    000014FB AA                    5852 	.db #0xaa	; 170
    000014FC 11                    5853 	.db #0x11	; 17
    000014FD 11                    5854 	.db #0x11	; 17
    000014FE 11                    5855 	.db #0x11	; 17
    000014FF 11                    5856 	.db #0x11	; 17
    00001500 11                    5857 	.db #0x11	; 17
    00001501 11                    5858 	.db #0x11	; 17
    00001502 11                    5859 	.db #0x11	; 17
    00001503 11                    5860 	.db #0x11	; 17
    00001504 11                    5861 	.db #0x11	; 17
    00001505 11                    5862 	.db #0x11	; 17
    00001506 11                    5863 	.db #0x11	; 17
    00001507 11                    5864 	.db #0x11	; 17
    00001508 11                    5865 	.db #0x11	; 17
    00001509 11                    5866 	.db #0x11	; 17
    0000150A 11                    5867 	.db #0x11	; 17
    0000150B 11                    5868 	.db #0x11	; 17
    0000150C 11                    5869 	.db #0x11	; 17
    0000150D 11                    5870 	.db #0x11	; 17
    0000150E 11                    5871 	.db #0x11	; 17
    0000150F 11                    5872 	.db #0x11	; 17
    00001510 11                    5873 	.db #0x11	; 17
    00001511 11                    5874 	.db #0x11	; 17
    00001512 11                    5875 	.db #0x11	; 17
    00001513 11                    5876 	.db #0x11	; 17
    00001514 11                    5877 	.db #0x11	; 17
    00001515 11                    5878 	.db #0x11	; 17
    00001516 11                    5879 	.db #0x11	; 17
    00001517 11                    5880 	.db #0x11	; 17
    00001518 11                    5881 	.db #0x11	; 17
    00001519 11                    5882 	.db #0x11	; 17
    0000151A 11                    5883 	.db #0x11	; 17
    0000151B 11                    5884 	.db #0x11	; 17
    0000151C 11                    5885 	.db #0x11	; 17
    0000151D 11                    5886 	.db #0x11	; 17
    0000151E 11                    5887 	.db #0x11	; 17
    0000151F 11                    5888 	.db #0x11	; 17
    00001520 11                    5889 	.db #0x11	; 17
    00001521 11                    5890 	.db #0x11	; 17
    00001522 11                    5891 	.db #0x11	; 17
    00001523 11                    5892 	.db #0x11	; 17
    00001524 11                    5893 	.db #0x11	; 17
    00001525 11                    5894 	.db #0x11	; 17
    00001526 11                    5895 	.db #0x11	; 17
    00001527 11                    5896 	.db #0x11	; 17
    00001528 11                    5897 	.db #0x11	; 17
    00001529 11                    5898 	.db #0x11	; 17
    0000152A 11                    5899 	.db #0x11	; 17
    0000152B 11                    5900 	.db #0x11	; 17
    0000152C 11                    5901 	.db #0x11	; 17
    0000152D 11                    5902 	.db #0x11	; 17
    0000152E 11                    5903 	.db #0x11	; 17
    0000152F 11                    5904 	.db #0x11	; 17
    00001530 11                    5905 	.db #0x11	; 17
    00001531 11                    5906 	.db #0x11	; 17
    00001532 11                    5907 	.db #0x11	; 17
    00001533 11                    5908 	.db #0x11	; 17
    00001534 1A                    5909 	.db #0x1a	; 26
    00001535 A1                    5910 	.db #0xa1	; 161
    00001536 11                    5911 	.db #0x11	; 17
    00001537 11                    5912 	.db #0x11	; 17
    00001538 11                    5913 	.db #0x11	; 17
    00001539 11                    5914 	.db #0x11	; 17
    0000153A 11                    5915 	.db #0x11	; 17
    0000153B 11                    5916 	.db #0x11	; 17
    0000153C 11                    5917 	.db #0x11	; 17
    0000153D 11                    5918 	.db #0x11	; 17
    0000153E 11                    5919 	.db #0x11	; 17
    0000153F 11                    5920 	.db #0x11	; 17
    00001540 1A                    5921 	.db #0x1a	; 26
    00001541 AA                    5922 	.db #0xaa	; 170
    00001542 AA                    5923 	.db #0xaa	; 170
    00001543 AA                    5924 	.db #0xaa	; 170
    00001544 AA                    5925 	.db #0xaa	; 170
    00001545 AA                    5926 	.db #0xaa	; 170
    00001546 A1                    5927 	.db #0xa1	; 161
    00001547 11                    5928 	.db #0x11	; 17
    00001548 11                    5929 	.db #0x11	; 17
    00001549 11                    5930 	.db #0x11	; 17
    0000154A 11                    5931 	.db #0x11	; 17
    0000154B 11                    5932 	.db #0x11	; 17
    0000154C 11                    5933 	.db #0x11	; 17
    0000154D 11                    5934 	.db #0x11	; 17
    0000154E 11                    5935 	.db #0x11	; 17
    0000154F 11                    5936 	.db #0x11	; 17
    00001550 11                    5937 	.db #0x11	; 17
    00001551 11                    5938 	.db #0x11	; 17
    00001552 11                    5939 	.db #0x11	; 17
    00001553 11                    5940 	.db #0x11	; 17
    00001554 11                    5941 	.db #0x11	; 17
    00001555 11                    5942 	.db #0x11	; 17
    00001556 11                    5943 	.db #0x11	; 17
    00001557 11                    5944 	.db #0x11	; 17
    00001558 11                    5945 	.db #0x11	; 17
    00001559 11                    5946 	.db #0x11	; 17
    0000155A 11                    5947 	.db #0x11	; 17
    0000155B 11                    5948 	.db #0x11	; 17
    0000155C 11                    5949 	.db #0x11	; 17
    0000155D 11                    5950 	.db #0x11	; 17
    0000155E 1A                    5951 	.db #0x1a	; 26
    0000155F AA                    5952 	.db #0xaa	; 170
    00001560 AA                    5953 	.db #0xaa	; 170
    00001561 AA                    5954 	.db #0xaa	; 170
    00001562 AA                    5955 	.db #0xaa	; 170
    00001563 6A                    5956 	.db #0x6a	; 106	'j'
    00001564 AA                    5957 	.db #0xaa	; 170
    00001565 AA                    5958 	.db #0xaa	; 170
    00001566 AA                    5959 	.db #0xaa	; 170
    00001567 AA                    5960 	.db #0xaa	; 170
    00001568 AA                    5961 	.db #0xaa	; 170
    00001569 AA                    5962 	.db #0xaa	; 170
    0000156A AA                    5963 	.db #0xaa	; 170
    0000156B AA                    5964 	.db #0xaa	; 170
    0000156C A1                    5965 	.db #0xa1	; 161
    0000156D 11                    5966 	.db #0x11	; 17
    0000156E 11                    5967 	.db #0x11	; 17
    0000156F 11                    5968 	.db #0x11	; 17
    00001570 11                    5969 	.db #0x11	; 17
    00001571 11                    5970 	.db #0x11	; 17
    00001572 11                    5971 	.db #0x11	; 17
    00001573 11                    5972 	.db #0x11	; 17
    00001574 11                    5973 	.db #0x11	; 17
    00001575 11                    5974 	.db #0x11	; 17
    00001576 11                    5975 	.db #0x11	; 17
    00001577 11                    5976 	.db #0x11	; 17
    00001578 11                    5977 	.db #0x11	; 17
    00001579 11                    5978 	.db #0x11	; 17
    0000157A 11                    5979 	.db #0x11	; 17
    0000157B 11                    5980 	.db #0x11	; 17
    0000157C 11                    5981 	.db #0x11	; 17
    0000157D 11                    5982 	.db #0x11	; 17
    0000157E 11                    5983 	.db #0x11	; 17
    0000157F 11                    5984 	.db #0x11	; 17
    00001580 11                    5985 	.db #0x11	; 17
    00001581 11                    5986 	.db #0x11	; 17
    00001582 11                    5987 	.db #0x11	; 17
    00001583 11                    5988 	.db #0x11	; 17
    00001584 11                    5989 	.db #0x11	; 17
    00001585 11                    5990 	.db #0x11	; 17
    00001586 11                    5991 	.db #0x11	; 17
    00001587 11                    5992 	.db #0x11	; 17
    00001588 11                    5993 	.db #0x11	; 17
    00001589 11                    5994 	.db #0x11	; 17
    0000158A 11                    5995 	.db #0x11	; 17
    0000158B 11                    5996 	.db #0x11	; 17
    0000158C 1A                    5997 	.db #0x1a	; 26
    0000158D AA                    5998 	.db #0xaa	; 170
    0000158E AA                    5999 	.db #0xaa	; 170
    0000158F AA                    6000 	.db #0xaa	; 170
    00001590 AA                    6001 	.db #0xaa	; 170
    00001591 A1                    6002 	.db #0xa1	; 161
    00001592 11                    6003 	.db #0x11	; 17
    00001593 11                    6004 	.db #0x11	; 17
    00001594 11                    6005 	.db #0x11	; 17
    00001595 11                    6006 	.db #0x11	; 17
    00001596 11                    6007 	.db #0x11	; 17
    00001597 11                    6008 	.db #0x11	; 17
    00001598 11                    6009 	.db #0x11	; 17
    00001599 11                    6010 	.db #0x11	; 17
    0000159A 11                    6011 	.db #0x11	; 17
    0000159B 11                    6012 	.db #0x11	; 17
    0000159C 11                    6013 	.db #0x11	; 17
    0000159D 11                    6014 	.db #0x11	; 17
    0000159E 11                    6015 	.db #0x11	; 17
    0000159F 11                    6016 	.db #0x11	; 17
    000015A0 11                    6017 	.db #0x11	; 17
    000015A1 11                    6018 	.db #0x11	; 17
    000015A2 11                    6019 	.db #0x11	; 17
    000015A3 11                    6020 	.db #0x11	; 17
    000015A4 AA                    6021 	.db #0xaa	; 170
    000015A5 A1                    6022 	.db #0xa1	; 161
    000015A6 11                    6023 	.db #0x11	; 17
    000015A7 11                    6024 	.db #0x11	; 17
    000015A8 11                    6025 	.db #0x11	; 17
    000015A9 11                    6026 	.db #0x11	; 17
    000015AA 11                    6027 	.db #0x11	; 17
    000015AB 11                    6028 	.db #0x11	; 17
    000015AC 11                    6029 	.db #0x11	; 17
    000015AD 11                    6030 	.db #0x11	; 17
    000015AE 11                    6031 	.db #0x11	; 17
    000015AF AA                    6032 	.db #0xaa	; 170
    000015B0 AA                    6033 	.db #0xaa	; 170
    000015B1 AA                    6034 	.db #0xaa	; 170
    000015B2 AA                    6035 	.db #0xaa	; 170
    000015B3 AA                    6036 	.db #0xaa	; 170
    000015B4 AA                    6037 	.db #0xaa	; 170
    000015B5 AA                    6038 	.db #0xaa	; 170
    000015B6 AA                    6039 	.db #0xaa	; 170
    000015B7 AA                    6040 	.db #0xaa	; 170
    000015B8 11                    6041 	.db #0x11	; 17
    000015B9 11                    6042 	.db #0x11	; 17
    000015BA 11                    6043 	.db #0x11	; 17
    000015BB 11                    6044 	.db #0x11	; 17
    000015BC 11                    6045 	.db #0x11	; 17
    000015BD 11                    6046 	.db #0x11	; 17
    000015BE 11                    6047 	.db #0x11	; 17
    000015BF 11                    6048 	.db #0x11	; 17
    000015C0 11                    6049 	.db #0x11	; 17
    000015C1 11                    6050 	.db #0x11	; 17
    000015C2 11                    6051 	.db #0x11	; 17
    000015C3 11                    6052 	.db #0x11	; 17
    000015C4 11                    6053 	.db #0x11	; 17
    000015C5 11                    6054 	.db #0x11	; 17
    000015C6 11                    6055 	.db #0x11	; 17
    000015C7 11                    6056 	.db #0x11	; 17
    000015C8 11                    6057 	.db #0x11	; 17
    000015C9 11                    6058 	.db #0x11	; 17
    000015CA 11                    6059 	.db #0x11	; 17
    000015CB 11                    6060 	.db #0x11	; 17
    000015CC 11                    6061 	.db #0x11	; 17
    000015CD AA                    6062 	.db #0xaa	; 170
    000015CE AA                    6063 	.db #0xaa	; 170
    000015CF AA                    6064 	.db #0xaa	; 170
    000015D0 AA                    6065 	.db #0xaa	; 170
    000015D1 AA                    6066 	.db #0xaa	; 170
    000015D2 66                    6067 	.db #0x66	; 102	'f'
    000015D3 66                    6068 	.db #0x66	; 102	'f'
    000015D4 AA                    6069 	.db #0xaa	; 170
    000015D5 AA                    6070 	.db #0xaa	; 170
    000015D6 AA                    6071 	.db #0xaa	; 170
    000015D7 AA                    6072 	.db #0xaa	; 170
    000015D8 AA                    6073 	.db #0xaa	; 170
    000015D9 AA                    6074 	.db #0xaa	; 170
    000015DA AA                    6075 	.db #0xaa	; 170
    000015DB AA                    6076 	.db #0xaa	; 170
    000015DC AA                    6077 	.db #0xaa	; 170
    000015DD 11                    6078 	.db #0x11	; 17
    000015DE 11                    6079 	.db #0x11	; 17
    000015DF 11                    6080 	.db #0x11	; 17
    000015E0 11                    6081 	.db #0x11	; 17
    000015E1 11                    6082 	.db #0x11	; 17
    000015E2 11                    6083 	.db #0x11	; 17
    000015E3 11                    6084 	.db #0x11	; 17
    000015E4 11                    6085 	.db #0x11	; 17
    000015E5 11                    6086 	.db #0x11	; 17
    000015E6 11                    6087 	.db #0x11	; 17
    000015E7 11                    6088 	.db #0x11	; 17
    000015E8 11                    6089 	.db #0x11	; 17
    000015E9 11                    6090 	.db #0x11	; 17
    000015EA 11                    6091 	.db #0x11	; 17
    000015EB 11                    6092 	.db #0x11	; 17
    000015EC 11                    6093 	.db #0x11	; 17
    000015ED 11                    6094 	.db #0x11	; 17
    000015EE 11                    6095 	.db #0x11	; 17
    000015EF 11                    6096 	.db #0x11	; 17
    000015F0 11                    6097 	.db #0x11	; 17
    000015F1 11                    6098 	.db #0x11	; 17
    000015F2 11                    6099 	.db #0x11	; 17
    000015F3 11                    6100 	.db #0x11	; 17
    000015F4 11                    6101 	.db #0x11	; 17
    000015F5 11                    6102 	.db #0x11	; 17
    000015F6 11                    6103 	.db #0x11	; 17
    000015F7 11                    6104 	.db #0x11	; 17
    000015F8 AA                    6105 	.db #0xaa	; 170
    000015F9 A1                    6106 	.db #0xa1	; 161
    000015FA 89                    6107 	.db #0x89	; 137
    000015FB 9A                    6108 	.db #0x9a	; 154
    000015FC AA                    6109 	.db #0xaa	; 170
    000015FD AA                    6110 	.db #0xaa	; 170
    000015FE AA                    6111 	.db #0xaa	; 170
    000015FF AA                    6112 	.db #0xaa	; 170
    00001600 AA                    6113 	.db #0xaa	; 170
    00001601 AA                    6114 	.db #0xaa	; 170
    00001602 AA                    6115 	.db #0xaa	; 170
    00001603 11                    6116 	.db #0x11	; 17
    00001604 11                    6117 	.db #0x11	; 17
    00001605 11                    6118 	.db #0x11	; 17
    00001606 11                    6119 	.db #0x11	; 17
    00001607 11                    6120 	.db #0x11	; 17
    00001608 11                    6121 	.db #0x11	; 17
    00001609 11                    6122 	.db #0x11	; 17
    0000160A 11                    6123 	.db #0x11	; 17
    0000160B 11                    6124 	.db #0x11	; 17
    0000160C 11                    6125 	.db #0x11	; 17
    0000160D 11                    6126 	.db #0x11	; 17
    0000160E 11                    6127 	.db #0x11	; 17
    0000160F 11                    6128 	.db #0x11	; 17
    00001610 11                    6129 	.db #0x11	; 17
    00001611 11                    6130 	.db #0x11	; 17
    00001612 11                    6131 	.db #0x11	; 17
    00001613 1A                    6132 	.db #0x1a	; 26
    00001614 AA                    6133 	.db #0xaa	; 170
    00001615 A1                    6134 	.db #0xa1	; 161
    00001616 89                    6135 	.db #0x89	; 137
    00001617 9A                    6136 	.db #0x9a	; 154
    00001618 AA                    6137 	.db #0xaa	; 170
    00001619 AA                    6138 	.db #0xaa	; 170
    0000161A 11                    6139 	.db #0x11	; 17
    0000161B 11                    6140 	.db #0x11	; 17
    0000161C 11                    6141 	.db #0x11	; 17
    0000161D 1A                    6142 	.db #0x1a	; 26
    0000161E AA                    6143 	.db #0xaa	; 170
    0000161F AA                    6144 	.db #0xaa	; 170
    00001620 AA                    6145 	.db #0xaa	; 170
    00001621 AA                    6146 	.db #0xaa	; 170
    00001622 AA                    6147 	.db #0xaa	; 170
    00001623 AA                    6148 	.db #0xaa	; 170
    00001624 AA                    6149 	.db #0xaa	; 170
    00001625 AA                    6150 	.db #0xaa	; 170
    00001626 AA                    6151 	.db #0xaa	; 170
    00001627 AA                    6152 	.db #0xaa	; 170
    00001628 AA                    6153 	.db #0xaa	; 170
    00001629 11                    6154 	.db #0x11	; 17
    0000162A 11                    6155 	.db #0x11	; 17
    0000162B 11                    6156 	.db #0x11	; 17
    0000162C 11                    6157 	.db #0x11	; 17
    0000162D 11                    6158 	.db #0x11	; 17
    0000162E 1A                    6159 	.db #0x1a	; 26
    0000162F AA                    6160 	.db #0xaa	; 170
    00001630 11                    6161 	.db #0x11	; 17
    00001631 11                    6162 	.db #0x11	; 17
    00001632 89                    6163 	.db #0x89	; 137
    00001633 9A                    6164 	.db #0x9a	; 154
    00001634 A1                    6165 	.db #0xa1	; 161
    00001635 11                    6166 	.db #0x11	; 17
    00001636 11                    6167 	.db #0x11	; 17
    00001637 11                    6168 	.db #0x11	; 17
    00001638 11                    6169 	.db #0x11	; 17
    00001639 11                    6170 	.db #0x11	; 17
    0000163A 11                    6171 	.db #0x11	; 17
    0000163B AA                    6172 	.db #0xaa	; 170
    0000163C AA                    6173 	.db #0xaa	; 170
    0000163D AA                    6174 	.db #0xaa	; 170
    0000163E AA                    6175 	.db #0xaa	; 170
    0000163F AA                    6176 	.db #0xaa	; 170
    00001640 A6                    6177 	.db #0xa6	; 166
    00001641 66                    6178 	.db #0x66	; 102	'f'
    00001642 66                    6179 	.db #0x66	; 102	'f'
    00001643 66                    6180 	.db #0x66	; 102	'f'
    00001644 6A                    6181 	.db #0x6a	; 106	'j'
    00001645 AA                    6182 	.db #0xaa	; 170
    00001646 AA                    6183 	.db #0xaa	; 170
    00001647 AA                    6184 	.db #0xaa	; 170
    00001648 AA                    6185 	.db #0xaa	; 170
    00001649 AA                    6186 	.db #0xaa	; 170
    0000164A AA                    6187 	.db #0xaa	; 170
    0000164B AA                    6188 	.db #0xaa	; 170
    0000164C AA                    6189 	.db #0xaa	; 170
    0000164D A1                    6190 	.db #0xa1	; 161
    0000164E 89                    6191 	.db #0x89	; 137
    0000164F 9A                    6192 	.db #0x9a	; 154
    00001650 AA                    6193 	.db #0xaa	; 170
    00001651 11                    6194 	.db #0x11	; 17
    00001652 11                    6195 	.db #0x11	; 17
    00001653 11                    6196 	.db #0x11	; 17
    00001654 11                    6197 	.db #0x11	; 17
    00001655 11                    6198 	.db #0x11	; 17
    00001656 11                    6199 	.db #0x11	; 17
    00001657 11                    6200 	.db #0x11	; 17
    00001658 11                    6201 	.db #0x11	; 17
    00001659 11                    6202 	.db #0x11	; 17
    0000165A 11                    6203 	.db #0x11	; 17
    0000165B 11                    6204 	.db #0x11	; 17
    0000165C 11                    6205 	.db #0x11	; 17
    0000165D 11                    6206 	.db #0x11	; 17
    0000165E 11                    6207 	.db #0x11	; 17
    0000165F 11                    6208 	.db #0x11	; 17
    00001660 11                    6209 	.db #0x11	; 17
    00001661 11                    6210 	.db #0x11	; 17
    00001662 11                    6211 	.db #0x11	; 17
    00001663 11                    6212 	.db #0x11	; 17
    00001664 11                    6213 	.db #0x11	; 17
    00001665 11                    6214 	.db #0x11	; 17
    00001666 11                    6215 	.db #0x11	; 17
    00001667 1A                    6216 	.db #0x1a	; 26
    00001668 AA                    6217 	.db #0xaa	; 170
    00001669 A1                    6218 	.db #0xa1	; 161
    0000166A 89                    6219 	.db #0x89	; 137
    0000166B 9A                    6220 	.db #0x9a	; 154
    0000166C AA                    6221 	.db #0xaa	; 170
    0000166D AA                    6222 	.db #0xaa	; 170
    0000166E AA                    6223 	.db #0xaa	; 170
    0000166F AA                    6224 	.db #0xaa	; 170
    00001670 AA                    6225 	.db #0xaa	; 170
    00001671 AA                    6226 	.db #0xaa	; 170
    00001672 AA                    6227 	.db #0xaa	; 170
    00001673 AA                    6228 	.db #0xaa	; 170
    00001674 A1                    6229 	.db #0xa1	; 161
    00001675 11                    6230 	.db #0x11	; 17
    00001676 11                    6231 	.db #0x11	; 17
    00001677 11                    6232 	.db #0x11	; 17
    00001678 11                    6233 	.db #0x11	; 17
    00001679 11                    6234 	.db #0x11	; 17
    0000167A 11                    6235 	.db #0x11	; 17
    0000167B 11                    6236 	.db #0x11	; 17
    0000167C 11                    6237 	.db #0x11	; 17
    0000167D 11                    6238 	.db #0x11	; 17
    0000167E 11                    6239 	.db #0x11	; 17
    0000167F 11                    6240 	.db #0x11	; 17
    00001680 11                    6241 	.db #0x11	; 17
    00001681 11                    6242 	.db #0x11	; 17
    00001682 11                    6243 	.db #0x11	; 17
    00001683 AA                    6244 	.db #0xaa	; 170
    00001684 AA                    6245 	.db #0xaa	; 170
    00001685 A1                    6246 	.db #0xa1	; 161
    00001686 89                    6247 	.db #0x89	; 137
    00001687 9A                    6248 	.db #0x9a	; 154
    00001688 AA                    6249 	.db #0xaa	; 170
    00001689 AA                    6250 	.db #0xaa	; 170
    0000168A AA                    6251 	.db #0xaa	; 170
    0000168B AA                    6252 	.db #0xaa	; 170
    0000168C AA                    6253 	.db #0xaa	; 170
    0000168D AA                    6254 	.db #0xaa	; 170
    0000168E AA                    6255 	.db #0xaa	; 170
    0000168F AA                    6256 	.db #0xaa	; 170
    00001690 AA                    6257 	.db #0xaa	; 170
    00001691 AA                    6258 	.db #0xaa	; 170
    00001692 A6                    6259 	.db #0xa6	; 166
    00001693 66                    6260 	.db #0x66	; 102	'f'
    00001694 6A                    6261 	.db #0x6a	; 106	'j'
    00001695 AA                    6262 	.db #0xaa	; 170
    00001696 AA                    6263 	.db #0xaa	; 170
    00001697 AA                    6264 	.db #0xaa	; 170
    00001698 AA                    6265 	.db #0xaa	; 170
    00001699 AA                    6266 	.db #0xaa	; 170
    0000169A AA                    6267 	.db #0xaa	; 170
    0000169B AA                    6268 	.db #0xaa	; 170
    0000169C AA                    6269 	.db #0xaa	; 170
    0000169D AA                    6270 	.db #0xaa	; 170
    0000169E AA                    6271 	.db #0xaa	; 170
    0000169F AA                    6272 	.db #0xaa	; 170
    000016A0 AA                    6273 	.db #0xaa	; 170
    000016A1 11                    6274 	.db #0x11	; 17
    000016A2 89                    6275 	.db #0x89	; 137
    000016A3 9A                    6276 	.db #0x9a	; 154
    000016A4 AA                    6277 	.db #0xaa	; 170
    000016A5 A1                    6278 	.db #0xa1	; 161
    000016A6 11                    6279 	.db #0x11	; 17
    000016A7 11                    6280 	.db #0x11	; 17
    000016A8 1A                    6281 	.db #0x1a	; 26
    000016A9 AA                    6282 	.db #0xaa	; 170
    000016AA AA                    6283 	.db #0xaa	; 170
    000016AB AA                    6284 	.db #0xaa	; 170
    000016AC AA                    6285 	.db #0xaa	; 170
    000016AD AA                    6286 	.db #0xaa	; 170
    000016AE AA                    6287 	.db #0xaa	; 170
    000016AF 66                    6288 	.db #0x66	; 102	'f'
    000016B0 66                    6289 	.db #0x66	; 102	'f'
    000016B1 66                    6290 	.db #0x66	; 102	'f'
    000016B2 66                    6291 	.db #0x66	; 102	'f'
    000016B3 66                    6292 	.db #0x66	; 102	'f'
    000016B4 6A                    6293 	.db #0x6a	; 106	'j'
    000016B5 AA                    6294 	.db #0xaa	; 170
    000016B6 AA                    6295 	.db #0xaa	; 170
    000016B7 AA                    6296 	.db #0xaa	; 170
    000016B8 AA                    6297 	.db #0xaa	; 170
    000016B9 AA                    6298 	.db #0xaa	; 170
    000016BA AA                    6299 	.db #0xaa	; 170
    000016BB AA                    6300 	.db #0xaa	; 170
    000016BC AA                    6301 	.db #0xaa	; 170
    000016BD A1                    6302 	.db #0xa1	; 161
    000016BE 89                    6303 	.db #0x89	; 137
    000016BF 9A                    6304 	.db #0x9a	; 154
    000016C0 AA                    6305 	.db #0xaa	; 170
    000016C1 AA                    6306 	.db #0xaa	; 170
    000016C2 A1                    6307 	.db #0xa1	; 161
    000016C3 11                    6308 	.db #0x11	; 17
    000016C4 11                    6309 	.db #0x11	; 17
    000016C5 11                    6310 	.db #0x11	; 17
    000016C6 11                    6311 	.db #0x11	; 17
    000016C7 11                    6312 	.db #0x11	; 17
    000016C8 11                    6313 	.db #0x11	; 17
    000016C9 11                    6314 	.db #0x11	; 17
    000016CA 11                    6315 	.db #0x11	; 17
    000016CB 11                    6316 	.db #0x11	; 17
    000016CC 11                    6317 	.db #0x11	; 17
    000016CD 11                    6318 	.db #0x11	; 17
    000016CE 11                    6319 	.db #0x11	; 17
    000016CF 11                    6320 	.db #0x11	; 17
    000016D0 11                    6321 	.db #0x11	; 17
    000016D1 11                    6322 	.db #0x11	; 17
    000016D2 11                    6323 	.db #0x11	; 17
    000016D3 11                    6324 	.db #0x11	; 17
    000016D4 11                    6325 	.db #0x11	; 17
    000016D5 11                    6326 	.db #0x11	; 17
    000016D6 AA                    6327 	.db #0xaa	; 170
    000016D7 AA                    6328 	.db #0xaa	; 170
    000016D8 AA                    6329 	.db #0xaa	; 170
    000016D9 A1                    6330 	.db #0xa1	; 161
    000016DA 89                    6331 	.db #0x89	; 137
    000016DB 98                    6332 	.db #0x98	; 152
    000016DC AA                    6333 	.db #0xaa	; 170
    000016DD AA                    6334 	.db #0xaa	; 170
    000016DE AA                    6335 	.db #0xaa	; 170
    000016DF AA                    6336 	.db #0xaa	; 170
    000016E0 AA                    6337 	.db #0xaa	; 170
    000016E1 AA                    6338 	.db #0xaa	; 170
    000016E2 AA                    6339 	.db #0xaa	; 170
    000016E3 AA                    6340 	.db #0xaa	; 170
    000016E4 AA                    6341 	.db #0xaa	; 170
    000016E5 AA                    6342 	.db #0xaa	; 170
    000016E6 A1                    6343 	.db #0xa1	; 161
    000016E7 11                    6344 	.db #0x11	; 17
    000016E8 11                    6345 	.db #0x11	; 17
    000016E9 11                    6346 	.db #0x11	; 17
    000016EA 11                    6347 	.db #0x11	; 17
    000016EB 11                    6348 	.db #0x11	; 17
    000016EC 11                    6349 	.db #0x11	; 17
    000016ED 11                    6350 	.db #0x11	; 17
    000016EE 11                    6351 	.db #0x11	; 17
    000016EF 11                    6352 	.db #0x11	; 17
    000016F0 11                    6353 	.db #0x11	; 17
    000016F1 11                    6354 	.db #0x11	; 17
    000016F2 1A                    6355 	.db #0x1a	; 26
    000016F3 AA                    6356 	.db #0xaa	; 170
    000016F4 AA                    6357 	.db #0xaa	; 170
    000016F5 A1                    6358 	.db #0xa1	; 161
    000016F6 89                    6359 	.db #0x89	; 137
    000016F7 98                    6360 	.db #0x98	; 152
    000016F8 AA                    6361 	.db #0xaa	; 170
    000016F9 AA                    6362 	.db #0xaa	; 170
    000016FA AA                    6363 	.db #0xaa	; 170
    000016FB AA                    6364 	.db #0xaa	; 170
    000016FC AA                    6365 	.db #0xaa	; 170
    000016FD AA                    6366 	.db #0xaa	; 170
    000016FE AA                    6367 	.db #0xaa	; 170
    000016FF AA                    6368 	.db #0xaa	; 170
    00001700 AA                    6369 	.db #0xaa	; 170
    00001701 AA                    6370 	.db #0xaa	; 170
    00001702 A6                    6371 	.db #0xa6	; 166
    00001703 66                    6372 	.db #0x66	; 102	'f'
    00001704 66                    6373 	.db #0x66	; 102	'f'
    00001705 66                    6374 	.db #0x66	; 102	'f'
    00001706 6A                    6375 	.db #0x6a	; 106	'j'
    00001707 AA                    6376 	.db #0xaa	; 170
    00001708 AA                    6377 	.db #0xaa	; 170
    00001709 AA                    6378 	.db #0xaa	; 170
    0000170A AA                    6379 	.db #0xaa	; 170
    0000170B AA                    6380 	.db #0xaa	; 170
    0000170C AA                    6381 	.db #0xaa	; 170
    0000170D AA                    6382 	.db #0xaa	; 170
    0000170E AA                    6383 	.db #0xaa	; 170
    0000170F AA                    6384 	.db #0xaa	; 170
    00001710 AA                    6385 	.db #0xaa	; 170
    00001711 A1                    6386 	.db #0xa1	; 161
    00001712 89                    6387 	.db #0x89	; 137
    00001713 98                    6388 	.db #0x98	; 152
    00001714 AA                    6389 	.db #0xaa	; 170
    00001715 AA                    6390 	.db #0xaa	; 170
    00001716 AA                    6391 	.db #0xaa	; 170
    00001717 AA                    6392 	.db #0xaa	; 170
    00001718 AA                    6393 	.db #0xaa	; 170
    00001719 AA                    6394 	.db #0xaa	; 170
    0000171A AA                    6395 	.db #0xaa	; 170
    0000171B AA                    6396 	.db #0xaa	; 170
    0000171C AA                    6397 	.db #0xaa	; 170
    0000171D AA                    6398 	.db #0xaa	; 170
    0000171E A6                    6399 	.db #0xa6	; 166
    0000171F 66                    6400 	.db #0x66	; 102	'f'
    00001720 66                    6401 	.db #0x66	; 102	'f'
    00001721 66                    6402 	.db #0x66	; 102	'f'
    00001722 66                    6403 	.db #0x66	; 102	'f'
    00001723 A6                    6404 	.db #0xa6	; 166
    00001724 6A                    6405 	.db #0x6a	; 106	'j'
    00001725 AA                    6406 	.db #0xaa	; 170
    00001726 AA                    6407 	.db #0xaa	; 170
    00001727 AA                    6408 	.db #0xaa	; 170
    00001728 AA                    6409 	.db #0xaa	; 170
    00001729 AA                    6410 	.db #0xaa	; 170
    0000172A AA                    6411 	.db #0xaa	; 170
    0000172B AA                    6412 	.db #0xaa	; 170
    0000172C AA                    6413 	.db #0xaa	; 170
    0000172D A1                    6414 	.db #0xa1	; 161
    0000172E 89                    6415 	.db #0x89	; 137
    0000172F 98                    6416 	.db #0x98	; 152
    00001730 AA                    6417 	.db #0xaa	; 170
    00001731 AA                    6418 	.db #0xaa	; 170
    00001732 AA                    6419 	.db #0xaa	; 170
    00001733 AA                    6420 	.db #0xaa	; 170
    00001734 11                    6421 	.db #0x11	; 17
    00001735 11                    6422 	.db #0x11	; 17
    00001736 11                    6423 	.db #0x11	; 17
    00001737 11                    6424 	.db #0x11	; 17
    00001738 11                    6425 	.db #0x11	; 17
    00001739 11                    6426 	.db #0x11	; 17
    0000173A 11                    6427 	.db #0x11	; 17
    0000173B 11                    6428 	.db #0x11	; 17
    0000173C 11                    6429 	.db #0x11	; 17
    0000173D 11                    6430 	.db #0x11	; 17
    0000173E 11                    6431 	.db #0x11	; 17
    0000173F 11                    6432 	.db #0x11	; 17
    00001740 11                    6433 	.db #0x11	; 17
    00001741 11                    6434 	.db #0x11	; 17
    00001742 11                    6435 	.db #0x11	; 17
    00001743 11                    6436 	.db #0x11	; 17
    00001744 1A                    6437 	.db #0x1a	; 26
    00001745 AA                    6438 	.db #0xaa	; 170
    00001746 AA                    6439 	.db #0xaa	; 170
    00001747 AA                    6440 	.db #0xaa	; 170
    00001748 AA                    6441 	.db #0xaa	; 170
    00001749 A1                    6442 	.db #0xa1	; 161
    0000174A 89                    6443 	.db #0x89	; 137
    0000174B 98                    6444 	.db #0x98	; 152
    0000174C AA                    6445 	.db #0xaa	; 170
    0000174D AA                    6446 	.db #0xaa	; 170
    0000174E AA                    6447 	.db #0xaa	; 170
    0000174F AA                    6448 	.db #0xaa	; 170
    00001750 AA                    6449 	.db #0xaa	; 170
    00001751 AA                    6450 	.db #0xaa	; 170
    00001752 AA                    6451 	.db #0xaa	; 170
    00001753 AA                    6452 	.db #0xaa	; 170
    00001754 AA                    6453 	.db #0xaa	; 170
    00001755 AA                    6454 	.db #0xaa	; 170
    00001756 AA                    6455 	.db #0xaa	; 170
    00001757 AA                    6456 	.db #0xaa	; 170
    00001758 11                    6457 	.db #0x11	; 17
    00001759 11                    6458 	.db #0x11	; 17
    0000175A 11                    6459 	.db #0x11	; 17
    0000175B 11                    6460 	.db #0x11	; 17
    0000175C 11                    6461 	.db #0x11	; 17
    0000175D 11                    6462 	.db #0x11	; 17
    0000175E 11                    6463 	.db #0x11	; 17
    0000175F 11                    6464 	.db #0x11	; 17
    00001760 11                    6465 	.db #0x11	; 17
    00001761 1A                    6466 	.db #0x1a	; 26
    00001762 AA                    6467 	.db #0xaa	; 170
    00001763 AA                    6468 	.db #0xaa	; 170
    00001764 AA                    6469 	.db #0xaa	; 170
    00001765 A1                    6470 	.db #0xa1	; 161
    00001766 89                    6471 	.db #0x89	; 137
    00001767 98                    6472 	.db #0x98	; 152
    00001768 AA                    6473 	.db #0xaa	; 170
    00001769 AA                    6474 	.db #0xaa	; 170
    0000176A AA                    6475 	.db #0xaa	; 170
    0000176B AA                    6476 	.db #0xaa	; 170
    0000176C AA                    6477 	.db #0xaa	; 170
    0000176D AA                    6478 	.db #0xaa	; 170
    0000176E AA                    6479 	.db #0xaa	; 170
    0000176F AA                    6480 	.db #0xaa	; 170
    00001770 AA                    6481 	.db #0xaa	; 170
    00001771 A6                    6482 	.db #0xa6	; 166
    00001772 66                    6483 	.db #0x66	; 102	'f'
    00001773 66                    6484 	.db #0x66	; 102	'f'
    00001774 66                    6485 	.db #0x66	; 102	'f'
    00001775 66                    6486 	.db #0x66	; 102	'f'
    00001776 66                    6487 	.db #0x66	; 102	'f'
    00001777 6A                    6488 	.db #0x6a	; 106	'j'
    00001778 AA                    6489 	.db #0xaa	; 170
    00001779 AA                    6490 	.db #0xaa	; 170
    0000177A AA                    6491 	.db #0xaa	; 170
    0000177B AA                    6492 	.db #0xaa	; 170
    0000177C AA                    6493 	.db #0xaa	; 170
    0000177D AA                    6494 	.db #0xaa	; 170
    0000177E AA                    6495 	.db #0xaa	; 170
    0000177F AA                    6496 	.db #0xaa	; 170
    00001780 AA                    6497 	.db #0xaa	; 170
    00001781 A1                    6498 	.db #0xa1	; 161
    00001782 89                    6499 	.db #0x89	; 137
    00001783 98                    6500 	.db #0x98	; 152
    00001784 AA                    6501 	.db #0xaa	; 170
    00001785 AA                    6502 	.db #0xaa	; 170
    00001786 AA                    6503 	.db #0xaa	; 170
    00001787 AA                    6504 	.db #0xaa	; 170
    00001788 AA                    6505 	.db #0xaa	; 170
    00001789 AA                    6506 	.db #0xaa	; 170
    0000178A AA                    6507 	.db #0xaa	; 170
    0000178B AA                    6508 	.db #0xaa	; 170
    0000178C AA                    6509 	.db #0xaa	; 170
    0000178D AA                    6510 	.db #0xaa	; 170
    0000178E 66                    6511 	.db #0x66	; 102	'f'
    0000178F 66                    6512 	.db #0x66	; 102	'f'
    00001790 66                    6513 	.db #0x66	; 102	'f'
    00001791 66                    6514 	.db #0x66	; 102	'f'
    00001792 6A                    6515 	.db #0x6a	; 106	'j'
    00001793 AA                    6516 	.db #0xaa	; 170
    00001794 6A                    6517 	.db #0x6a	; 106	'j'
    00001795 AA                    6518 	.db #0xaa	; 170
    00001796 AA                    6519 	.db #0xaa	; 170
    00001797 AA                    6520 	.db #0xaa	; 170
    00001798 AA                    6521 	.db #0xaa	; 170
    00001799 AA                    6522 	.db #0xaa	; 170
    0000179A AA                    6523 	.db #0xaa	; 170
    0000179B AA                    6524 	.db #0xaa	; 170
    0000179C AA                    6525 	.db #0xaa	; 170
    0000179D A1                    6526 	.db #0xa1	; 161
    0000179E 89                    6527 	.db #0x89	; 137
    0000179F 98                    6528 	.db #0x98	; 152
    000017A0 AA                    6529 	.db #0xaa	; 170
    000017A1 AA                    6530 	.db #0xaa	; 170
    000017A2 AA                    6531 	.db #0xaa	; 170
    000017A3 AA                    6532 	.db #0xaa	; 170
    000017A4 AA                    6533 	.db #0xaa	; 170
    000017A5 A1                    6534 	.db #0xa1	; 161
    000017A6 11                    6535 	.db #0x11	; 17
    000017A7 11                    6536 	.db #0x11	; 17
    000017A8 11                    6537 	.db #0x11	; 17
    000017A9 11                    6538 	.db #0x11	; 17
    000017AA 11                    6539 	.db #0x11	; 17
    000017AB 11                    6540 	.db #0x11	; 17
    000017AC 11                    6541 	.db #0x11	; 17
    000017AD 11                    6542 	.db #0x11	; 17
    000017AE 11                    6543 	.db #0x11	; 17
    000017AF 11                    6544 	.db #0x11	; 17
    000017B0 11                    6545 	.db #0x11	; 17
    000017B1 11                    6546 	.db #0x11	; 17
    000017B2 11                    6547 	.db #0x11	; 17
    000017B3 AA                    6548 	.db #0xaa	; 170
    000017B4 AA                    6549 	.db #0xaa	; 170
    000017B5 AA                    6550 	.db #0xaa	; 170
    000017B6 AA                    6551 	.db #0xaa	; 170
    000017B7 AA                    6552 	.db #0xaa	; 170
    000017B8 AA                    6553 	.db #0xaa	; 170
    000017B9 A1                    6554 	.db #0xa1	; 161
    000017BA 89                    6555 	.db #0x89	; 137
    000017BB 98                    6556 	.db #0x98	; 152
    000017BC AA                    6557 	.db #0xaa	; 170
    000017BD AA                    6558 	.db #0xaa	; 170
    000017BE AA                    6559 	.db #0xaa	; 170
    000017BF AA                    6560 	.db #0xaa	; 170
    000017C0 AA                    6561 	.db #0xaa	; 170
    000017C1 AA                    6562 	.db #0xaa	; 170
    000017C2 AA                    6563 	.db #0xaa	; 170
    000017C3 AA                    6564 	.db #0xaa	; 170
    000017C4 AA                    6565 	.db #0xaa	; 170
    000017C5 A6                    6566 	.db #0xa6	; 166
    000017C6 AA                    6567 	.db #0xaa	; 170
    000017C7 AA                    6568 	.db #0xaa	; 170
    000017C8 AA                    6569 	.db #0xaa	; 170
    000017C9 AA                    6570 	.db #0xaa	; 170
    000017CA 11                    6571 	.db #0x11	; 17
    000017CB 11                    6572 	.db #0x11	; 17
    000017CC 11                    6573 	.db #0x11	; 17
    000017CD 11                    6574 	.db #0x11	; 17
    000017CE 11                    6575 	.db #0x11	; 17
    000017CF 1A                    6576 	.db #0x1a	; 26
    000017D0 AA                    6577 	.db #0xaa	; 170
    000017D1 AA                    6578 	.db #0xaa	; 170
    000017D2 AA                    6579 	.db #0xaa	; 170
    000017D3 AA                    6580 	.db #0xaa	; 170
    000017D4 AA                    6581 	.db #0xaa	; 170
    000017D5 A1                    6582 	.db #0xa1	; 161
    000017D6 89                    6583 	.db #0x89	; 137
    000017D7 98                    6584 	.db #0x98	; 152
    000017D8 AA                    6585 	.db #0xaa	; 170
    000017D9 AA                    6586 	.db #0xaa	; 170
    000017DA AA                    6587 	.db #0xaa	; 170
    000017DB AA                    6588 	.db #0xaa	; 170
    000017DC AA                    6589 	.db #0xaa	; 170
    000017DD AA                    6590 	.db #0xaa	; 170
    000017DE AA                    6591 	.db #0xaa	; 170
    000017DF AA                    6592 	.db #0xaa	; 170
    000017E0 AA                    6593 	.db #0xaa	; 170
    000017E1 66                    6594 	.db #0x66	; 102	'f'
    000017E2 66                    6595 	.db #0x66	; 102	'f'
    000017E3 66                    6596 	.db #0x66	; 102	'f'
    000017E4 66                    6597 	.db #0x66	; 102	'f'
    000017E5 66                    6598 	.db #0x66	; 102	'f'
    000017E6 66                    6599 	.db #0x66	; 102	'f'
    000017E7 66                    6600 	.db #0x66	; 102	'f'
    000017E8 AA                    6601 	.db #0xaa	; 170
    000017E9 AA                    6602 	.db #0xaa	; 170
    000017EA AA                    6603 	.db #0xaa	; 170
    000017EB AA                    6604 	.db #0xaa	; 170
    000017EC AA                    6605 	.db #0xaa	; 170
    000017ED AA                    6606 	.db #0xaa	; 170
    000017EE AA                    6607 	.db #0xaa	; 170
    000017EF AA                    6608 	.db #0xaa	; 170
    000017F0 AA                    6609 	.db #0xaa	; 170
    000017F1 A1                    6610 	.db #0xa1	; 161
    000017F2 89                    6611 	.db #0x89	; 137
    000017F3 98                    6612 	.db #0x98	; 152
    000017F4 AA                    6613 	.db #0xaa	; 170
    000017F5 AA                    6614 	.db #0xaa	; 170
    000017F6 AA                    6615 	.db #0xaa	; 170
    000017F7 AA                    6616 	.db #0xaa	; 170
    000017F8 AA                    6617 	.db #0xaa	; 170
    000017F9 AA                    6618 	.db #0xaa	; 170
    000017FA AA                    6619 	.db #0xaa	; 170
    000017FB AA                    6620 	.db #0xaa	; 170
    000017FC AA                    6621 	.db #0xaa	; 170
    000017FD A6                    6622 	.db #0xa6	; 166
    000017FE 66                    6623 	.db #0x66	; 102	'f'
    000017FF 66                    6624 	.db #0x66	; 102	'f'
    00001800 66                    6625 	.db #0x66	; 102	'f'
    00001801 66                    6626 	.db #0x66	; 102	'f'
    00001802 AA                    6627 	.db #0xaa	; 170
    00001803 AA                    6628 	.db #0xaa	; 170
    00001804 6A                    6629 	.db #0x6a	; 106	'j'
    00001805 AA                    6630 	.db #0xaa	; 170
    00001806 AA                    6631 	.db #0xaa	; 170
    00001807 AA                    6632 	.db #0xaa	; 170
    00001808 AA                    6633 	.db #0xaa	; 170
    00001809 AA                    6634 	.db #0xaa	; 170
    0000180A AA                    6635 	.db #0xaa	; 170
    0000180B AA                    6636 	.db #0xaa	; 170
    0000180C AA                    6637 	.db #0xaa	; 170
    0000180D A1                    6638 	.db #0xa1	; 161
    0000180E 89                    6639 	.db #0x89	; 137
    0000180F 98                    6640 	.db #0x98	; 152
    00001810 AA                    6641 	.db #0xaa	; 170
    00001811 AA                    6642 	.db #0xaa	; 170
    00001812 AA                    6643 	.db #0xaa	; 170
    00001813 AA                    6644 	.db #0xaa	; 170
    00001814 AA                    6645 	.db #0xaa	; 170
    00001815 AA                    6646 	.db #0xaa	; 170
    00001816 A1                    6647 	.db #0xa1	; 161
    00001817 11                    6648 	.db #0x11	; 17
    00001818 11                    6649 	.db #0x11	; 17
    00001819 11                    6650 	.db #0x11	; 17
    0000181A 11                    6651 	.db #0x11	; 17
    0000181B 11                    6652 	.db #0x11	; 17
    0000181C 11                    6653 	.db #0x11	; 17
    0000181D 11                    6654 	.db #0x11	; 17
    0000181E 11                    6655 	.db #0x11	; 17
    0000181F 11                    6656 	.db #0x11	; 17
    00001820 11                    6657 	.db #0x11	; 17
    00001821 11                    6658 	.db #0x11	; 17
    00001822 AA                    6659 	.db #0xaa	; 170
    00001823 AA                    6660 	.db #0xaa	; 170
    00001824 AA                    6661 	.db #0xaa	; 170
    00001825 AA                    6662 	.db #0xaa	; 170
    00001826 AA                    6663 	.db #0xaa	; 170
    00001827 AA                    6664 	.db #0xaa	; 170
    00001828 AA                    6665 	.db #0xaa	; 170
    00001829 A1                    6666 	.db #0xa1	; 161
    0000182A 89                    6667 	.db #0x89	; 137
    0000182B 98                    6668 	.db #0x98	; 152
    0000182C AA                    6669 	.db #0xaa	; 170
    0000182D AA                    6670 	.db #0xaa	; 170
    0000182E AA                    6671 	.db #0xaa	; 170
    0000182F AA                    6672 	.db #0xaa	; 170
    00001830 AA                    6673 	.db #0xaa	; 170
    00001831 AA                    6674 	.db #0xaa	; 170
    00001832 AA                    6675 	.db #0xaa	; 170
    00001833 AA                    6676 	.db #0xaa	; 170
    00001834 AA                    6677 	.db #0xaa	; 170
    00001835 66                    6678 	.db #0x66	; 102	'f'
    00001836 66                    6679 	.db #0x66	; 102	'f'
    00001837 AA                    6680 	.db #0xaa	; 170
    00001838 AA                    6681 	.db #0xaa	; 170
    00001839 AA                    6682 	.db #0xaa	; 170
    0000183A AA                    6683 	.db #0xaa	; 170
    0000183B AA                    6684 	.db #0xaa	; 170
    0000183C AA                    6685 	.db #0xaa	; 170
    0000183D AA                    6686 	.db #0xaa	; 170
    0000183E AA                    6687 	.db #0xaa	; 170
    0000183F AA                    6688 	.db #0xaa	; 170
    00001840 AA                    6689 	.db #0xaa	; 170
    00001841 AA                    6690 	.db #0xaa	; 170
    00001842 AA                    6691 	.db #0xaa	; 170
    00001843 AA                    6692 	.db #0xaa	; 170
    00001844 AA                    6693 	.db #0xaa	; 170
    00001845 A1                    6694 	.db #0xa1	; 161
    00001846 89                    6695 	.db #0x89	; 137
    00001847 98                    6696 	.db #0x98	; 152
    00001848 AA                    6697 	.db #0xaa	; 170
    00001849 AA                    6698 	.db #0xaa	; 170
    0000184A AA                    6699 	.db #0xaa	; 170
    0000184B AA                    6700 	.db #0xaa	; 170
    0000184C AA                    6701 	.db #0xaa	; 170
    0000184D AA                    6702 	.db #0xaa	; 170
    0000184E AA                    6703 	.db #0xaa	; 170
    0000184F AA                    6704 	.db #0xaa	; 170
    00001850 A6                    6705 	.db #0xa6	; 166
    00001851 66                    6706 	.db #0x66	; 102	'f'
    00001852 66                    6707 	.db #0x66	; 102	'f'
    00001853 66                    6708 	.db #0x66	; 102	'f'
    00001854 66                    6709 	.db #0x66	; 102	'f'
    00001855 66                    6710 	.db #0x66	; 102	'f'
    00001856 66                    6711 	.db #0x66	; 102	'f'
    00001857 66                    6712 	.db #0x66	; 102	'f'
    00001858 6A                    6713 	.db #0x6a	; 106	'j'
    00001859 AA                    6714 	.db #0xaa	; 170
    0000185A AA                    6715 	.db #0xaa	; 170
    0000185B AA                    6716 	.db #0xaa	; 170
    0000185C AA                    6717 	.db #0xaa	; 170
    0000185D AA                    6718 	.db #0xaa	; 170
    0000185E AA                    6719 	.db #0xaa	; 170
    0000185F AA                    6720 	.db #0xaa	; 170
    00001860 AA                    6721 	.db #0xaa	; 170
    00001861 A1                    6722 	.db #0xa1	; 161
    00001862 89                    6723 	.db #0x89	; 137
    00001863 98                    6724 	.db #0x98	; 152
    00001864 AA                    6725 	.db #0xaa	; 170
    00001865 AA                    6726 	.db #0xaa	; 170
    00001866 AA                    6727 	.db #0xaa	; 170
    00001867 AA                    6728 	.db #0xaa	; 170
    00001868 AA                    6729 	.db #0xaa	; 170
    00001869 AA                    6730 	.db #0xaa	; 170
    0000186A AA                    6731 	.db #0xaa	; 170
    0000186B AA                    6732 	.db #0xaa	; 170
    0000186C AA                    6733 	.db #0xaa	; 170
    0000186D 66                    6734 	.db #0x66	; 102	'f'
    0000186E 66                    6735 	.db #0x66	; 102	'f'
    0000186F 66                    6736 	.db #0x66	; 102	'f'
    00001870 66                    6737 	.db #0x66	; 102	'f'
    00001871 AA                    6738 	.db #0xaa	; 170
    00001872 AA                    6739 	.db #0xaa	; 170
    00001873 A6                    6740 	.db #0xa6	; 166
    00001874 AA                    6741 	.db #0xaa	; 170
    00001875 AA                    6742 	.db #0xaa	; 170
    00001876 AA                    6743 	.db #0xaa	; 170
    00001877 AA                    6744 	.db #0xaa	; 170
    00001878 AA                    6745 	.db #0xaa	; 170
    00001879 AA                    6746 	.db #0xaa	; 170
    0000187A AA                    6747 	.db #0xaa	; 170
    0000187B AA                    6748 	.db #0xaa	; 170
    0000187C AA                    6749 	.db #0xaa	; 170
    0000187D A1                    6750 	.db #0xa1	; 161
    0000187E 89                    6751 	.db #0x89	; 137
    0000187F 98                    6752 	.db #0x98	; 152
    00001880 AA                    6753 	.db #0xaa	; 170
    00001881 AA                    6754 	.db #0xaa	; 170
    00001882 AA                    6755 	.db #0xaa	; 170
    00001883 AA                    6756 	.db #0xaa	; 170
    00001884 AA                    6757 	.db #0xaa	; 170
    00001885 AA                    6758 	.db #0xaa	; 170
    00001886 AA                    6759 	.db #0xaa	; 170
    00001887 A1                    6760 	.db #0xa1	; 161
    00001888 11                    6761 	.db #0x11	; 17
    00001889 11                    6762 	.db #0x11	; 17
    0000188A 11                    6763 	.db #0x11	; 17
    0000188B 11                    6764 	.db #0x11	; 17
    0000188C 11                    6765 	.db #0x11	; 17
    0000188D 11                    6766 	.db #0x11	; 17
    0000188E 11                    6767 	.db #0x11	; 17
    0000188F 11                    6768 	.db #0x11	; 17
    00001890 11                    6769 	.db #0x11	; 17
    00001891 AA                    6770 	.db #0xaa	; 170
    00001892 AA                    6771 	.db #0xaa	; 170
    00001893 AA                    6772 	.db #0xaa	; 170
    00001894 AA                    6773 	.db #0xaa	; 170
    00001895 AA                    6774 	.db #0xaa	; 170
    00001896 AA                    6775 	.db #0xaa	; 170
    00001897 AA                    6776 	.db #0xaa	; 170
    00001898 AA                    6777 	.db #0xaa	; 170
    00001899 A1                    6778 	.db #0xa1	; 161
    0000189A 89                    6779 	.db #0x89	; 137
    0000189B 98                    6780 	.db #0x98	; 152
    0000189C AA                    6781 	.db #0xaa	; 170
    0000189D AA                    6782 	.db #0xaa	; 170
    0000189E AA                    6783 	.db #0xaa	; 170
    0000189F AA                    6784 	.db #0xaa	; 170
    000018A0 AA                    6785 	.db #0xaa	; 170
    000018A1 AA                    6786 	.db #0xaa	; 170
    000018A2 AA                    6787 	.db #0xaa	; 170
    000018A3 AA                    6788 	.db #0xaa	; 170
    000018A4 A6                    6789 	.db #0xa6	; 166
    000018A5 66                    6790 	.db #0x66	; 102	'f'
    000018A6 66                    6791 	.db #0x66	; 102	'f'
    000018A7 66                    6792 	.db #0x66	; 102	'f'
    000018A8 AA                    6793 	.db #0xaa	; 170
    000018A9 AA                    6794 	.db #0xaa	; 170
    000018AA AA                    6795 	.db #0xaa	; 170
    000018AB AA                    6796 	.db #0xaa	; 170
    000018AC AA                    6797 	.db #0xaa	; 170
    000018AD AA                    6798 	.db #0xaa	; 170
    000018AE AA                    6799 	.db #0xaa	; 170
    000018AF AA                    6800 	.db #0xaa	; 170
    000018B0 AA                    6801 	.db #0xaa	; 170
    000018B1 AA                    6802 	.db #0xaa	; 170
    000018B2 AA                    6803 	.db #0xaa	; 170
    000018B3 AA                    6804 	.db #0xaa	; 170
    000018B4 AA                    6805 	.db #0xaa	; 170
    000018B5 A1                    6806 	.db #0xa1	; 161
    000018B6 89                    6807 	.db #0x89	; 137
    000018B7 98                    6808 	.db #0x98	; 152
    000018B8 AA                    6809 	.db #0xaa	; 170
    000018B9 AA                    6810 	.db #0xaa	; 170
    000018BA AA                    6811 	.db #0xaa	; 170
    000018BB AA                    6812 	.db #0xaa	; 170
    000018BC AA                    6813 	.db #0xaa	; 170
    000018BD AA                    6814 	.db #0xaa	; 170
    000018BE AA                    6815 	.db #0xaa	; 170
    000018BF AA                    6816 	.db #0xaa	; 170
    000018C0 A6                    6817 	.db #0xa6	; 166
    000018C1 66                    6818 	.db #0x66	; 102	'f'
    000018C2 6A                    6819 	.db #0x6a	; 106	'j'
    000018C3 AA                    6820 	.db #0xaa	; 170
    000018C4 66                    6821 	.db #0x66	; 102	'f'
    000018C5 66                    6822 	.db #0x66	; 102	'f'
    000018C6 66                    6823 	.db #0x66	; 102	'f'
    000018C7 66                    6824 	.db #0x66	; 102	'f'
    000018C8 6A                    6825 	.db #0x6a	; 106	'j'
    000018C9 AA                    6826 	.db #0xaa	; 170
    000018CA AA                    6827 	.db #0xaa	; 170
    000018CB AA                    6828 	.db #0xaa	; 170
    000018CC AA                    6829 	.db #0xaa	; 170
    000018CD AA                    6830 	.db #0xaa	; 170
    000018CE AA                    6831 	.db #0xaa	; 170
    000018CF AA                    6832 	.db #0xaa	; 170
    000018D0 AA                    6833 	.db #0xaa	; 170
    000018D1 A1                    6834 	.db #0xa1	; 161
    000018D2 89                    6835 	.db #0x89	; 137
    000018D3 98                    6836 	.db #0x98	; 152
    000018D4 AA                    6837 	.db #0xaa	; 170
    000018D5 AA                    6838 	.db #0xaa	; 170
    000018D6 AA                    6839 	.db #0xaa	; 170
    000018D7 AA                    6840 	.db #0xaa	; 170
    000018D8 AA                    6841 	.db #0xaa	; 170
    000018D9 AA                    6842 	.db #0xaa	; 170
    000018DA AA                    6843 	.db #0xaa	; 170
    000018DB AA                    6844 	.db #0xaa	; 170
    000018DC A6                    6845 	.db #0xa6	; 166
    000018DD 66                    6846 	.db #0x66	; 102	'f'
    000018DE 66                    6847 	.db #0x66	; 102	'f'
    000018DF AA                    6848 	.db #0xaa	; 170
    000018E0 66                    6849 	.db #0x66	; 102	'f'
    000018E1 AA                    6850 	.db #0xaa	; 170
    000018E2 A6                    6851 	.db #0xa6	; 166
    000018E3 66                    6852 	.db #0x66	; 102	'f'
    000018E4 AA                    6853 	.db #0xaa	; 170
    000018E5 AA                    6854 	.db #0xaa	; 170
    000018E6 AA                    6855 	.db #0xaa	; 170
    000018E7 AA                    6856 	.db #0xaa	; 170
    000018E8 AA                    6857 	.db #0xaa	; 170
    000018E9 AA                    6858 	.db #0xaa	; 170
    000018EA AA                    6859 	.db #0xaa	; 170
    000018EB AA                    6860 	.db #0xaa	; 170
    000018EC AA                    6861 	.db #0xaa	; 170
    000018ED A1                    6862 	.db #0xa1	; 161
    000018EE 89                    6863 	.db #0x89	; 137
    000018EF 98                    6864 	.db #0x98	; 152
    000018F0 AA                    6865 	.db #0xaa	; 170
    000018F1 AA                    6866 	.db #0xaa	; 170
    000018F2 AA                    6867 	.db #0xaa	; 170
    000018F3 AA                    6868 	.db #0xaa	; 170
    000018F4 AA                    6869 	.db #0xaa	; 170
    000018F5 AA                    6870 	.db #0xaa	; 170
    000018F6 AA                    6871 	.db #0xaa	; 170
    000018F7 AA                    6872 	.db #0xaa	; 170
    000018F8 AA                    6873 	.db #0xaa	; 170
    000018F9 A1                    6874 	.db #0xa1	; 161
    000018FA 11                    6875 	.db #0x11	; 17
    000018FB 11                    6876 	.db #0x11	; 17
    000018FC 11                    6877 	.db #0x11	; 17
    000018FD 11                    6878 	.db #0x11	; 17
    000018FE 1A                    6879 	.db #0x1a	; 26
    000018FF AA                    6880 	.db #0xaa	; 170
    00001900 AA                    6881 	.db #0xaa	; 170
    00001901 AA                    6882 	.db #0xaa	; 170
    00001902 AA                    6883 	.db #0xaa	; 170
    00001903 AA                    6884 	.db #0xaa	; 170
    00001904 AA                    6885 	.db #0xaa	; 170
    00001905 AA                    6886 	.db #0xaa	; 170
    00001906 AA                    6887 	.db #0xaa	; 170
    00001907 AA                    6888 	.db #0xaa	; 170
    00001908 AA                    6889 	.db #0xaa	; 170
    00001909 A1                    6890 	.db #0xa1	; 161
    0000190A 89                    6891 	.db #0x89	; 137
    0000190B 98                    6892 	.db #0x98	; 152
    0000190C AA                    6893 	.db #0xaa	; 170
    0000190D AA                    6894 	.db #0xaa	; 170
    0000190E AA                    6895 	.db #0xaa	; 170
    0000190F AA                    6896 	.db #0xaa	; 170
    00001910 AA                    6897 	.db #0xaa	; 170
    00001911 AA                    6898 	.db #0xaa	; 170
    00001912 AA                    6899 	.db #0xaa	; 170
    00001913 AA                    6900 	.db #0xaa	; 170
    00001914 A6                    6901 	.db #0xa6	; 166
    00001915 66                    6902 	.db #0x66	; 102	'f'
    00001916 66                    6903 	.db #0x66	; 102	'f'
    00001917 66                    6904 	.db #0x66	; 102	'f'
    00001918 66                    6905 	.db #0x66	; 102	'f'
    00001919 AA                    6906 	.db #0xaa	; 170
    0000191A AA                    6907 	.db #0xaa	; 170
    0000191B AA                    6908 	.db #0xaa	; 170
    0000191C AA                    6909 	.db #0xaa	; 170
    0000191D AA                    6910 	.db #0xaa	; 170
    0000191E AA                    6911 	.db #0xaa	; 170
    0000191F AA                    6912 	.db #0xaa	; 170
    00001920 AA                    6913 	.db #0xaa	; 170
    00001921 AA                    6914 	.db #0xaa	; 170
    00001922 AA                    6915 	.db #0xaa	; 170
    00001923 AA                    6916 	.db #0xaa	; 170
    00001924 AA                    6917 	.db #0xaa	; 170
    00001925 A1                    6918 	.db #0xa1	; 161
    00001926 89                    6919 	.db #0x89	; 137
    00001927 98                    6920 	.db #0x98	; 152
    00001928 AA                    6921 	.db #0xaa	; 170
    00001929 AA                    6922 	.db #0xaa	; 170
    0000192A AA                    6923 	.db #0xaa	; 170
    0000192B AA                    6924 	.db #0xaa	; 170
    0000192C AA                    6925 	.db #0xaa	; 170
    0000192D AA                    6926 	.db #0xaa	; 170
    0000192E AA                    6927 	.db #0xaa	; 170
    0000192F AA                    6928 	.db #0xaa	; 170
    00001930 A6                    6929 	.db #0xa6	; 166
    00001931 6A                    6930 	.db #0x6a	; 106	'j'
    00001932 AA                    6931 	.db #0xaa	; 170
    00001933 AA                    6932 	.db #0xaa	; 170
    00001934 66                    6933 	.db #0x66	; 102	'f'
    00001935 AA                    6934 	.db #0xaa	; 170
    00001936 AA                    6935 	.db #0xaa	; 170
    00001937 A6                    6936 	.db #0xa6	; 166
    00001938 6A                    6937 	.db #0x6a	; 106	'j'
    00001939 AA                    6938 	.db #0xaa	; 170
    0000193A AA                    6939 	.db #0xaa	; 170
    0000193B AA                    6940 	.db #0xaa	; 170
    0000193C AA                    6941 	.db #0xaa	; 170
    0000193D AA                    6942 	.db #0xaa	; 170
    0000193E AA                    6943 	.db #0xaa	; 170
    0000193F AA                    6944 	.db #0xaa	; 170
    00001940 AA                    6945 	.db #0xaa	; 170
    00001941 A1                    6946 	.db #0xa1	; 161
    00001942 89                    6947 	.db #0x89	; 137
    00001943 98                    6948 	.db #0x98	; 152
    00001944 AA                    6949 	.db #0xaa	; 170
    00001945 AA                    6950 	.db #0xaa	; 170
    00001946 AA                    6951 	.db #0xaa	; 170
    00001947 AA                    6952 	.db #0xaa	; 170
    00001948 AA                    6953 	.db #0xaa	; 170
    00001949 AA                    6954 	.db #0xaa	; 170
    0000194A AA                    6955 	.db #0xaa	; 170
    0000194B AA                    6956 	.db #0xaa	; 170
    0000194C A6                    6957 	.db #0xa6	; 166
    0000194D 66                    6958 	.db #0x66	; 102	'f'
    0000194E AA                    6959 	.db #0xaa	; 170
    0000194F AA                    6960 	.db #0xaa	; 170
    00001950 6A                    6961 	.db #0x6a	; 106	'j'
    00001951 6A                    6962 	.db #0x6a	; 106	'j'
    00001952 66                    6963 	.db #0x66	; 102	'f'
    00001953 AA                    6964 	.db #0xaa	; 170
    00001954 AA                    6965 	.db #0xaa	; 170
    00001955 AA                    6966 	.db #0xaa	; 170
    00001956 AA                    6967 	.db #0xaa	; 170
    00001957 AA                    6968 	.db #0xaa	; 170
    00001958 AA                    6969 	.db #0xaa	; 170
    00001959 AA                    6970 	.db #0xaa	; 170
    0000195A AA                    6971 	.db #0xaa	; 170
    0000195B AA                    6972 	.db #0xaa	; 170
    0000195C AA                    6973 	.db #0xaa	; 170
    0000195D A1                    6974 	.db #0xa1	; 161
    0000195E 89                    6975 	.db #0x89	; 137
    0000195F 98                    6976 	.db #0x98	; 152
    00001960 AA                    6977 	.db #0xaa	; 170
    00001961 AA                    6978 	.db #0xaa	; 170
    00001962 AA                    6979 	.db #0xaa	; 170
    00001963 AA                    6980 	.db #0xaa	; 170
    00001964 AA                    6981 	.db #0xaa	; 170
    00001965 AA                    6982 	.db #0xaa	; 170
    00001966 AA                    6983 	.db #0xaa	; 170
    00001967 AA                    6984 	.db #0xaa	; 170
    00001968 AA                    6985 	.db #0xaa	; 170
    00001969 AA                    6986 	.db #0xaa	; 170
    0000196A AA                    6987 	.db #0xaa	; 170
    0000196B AA                    6988 	.db #0xaa	; 170
    0000196C AA                    6989 	.db #0xaa	; 170
    0000196D AA                    6990 	.db #0xaa	; 170
    0000196E AA                    6991 	.db #0xaa	; 170
    0000196F AA                    6992 	.db #0xaa	; 170
    00001970 AA                    6993 	.db #0xaa	; 170
    00001971 AA                    6994 	.db #0xaa	; 170
    00001972 AA                    6995 	.db #0xaa	; 170
    00001973 AA                    6996 	.db #0xaa	; 170
    00001974 AA                    6997 	.db #0xaa	; 170
    00001975 AA                    6998 	.db #0xaa	; 170
    00001976 AA                    6999 	.db #0xaa	; 170
    00001977 AA                    7000 	.db #0xaa	; 170
    00001978 AA                    7001 	.db #0xaa	; 170
    00001979 A1                    7002 	.db #0xa1	; 161
    0000197A 89                    7003 	.db #0x89	; 137
    0000197B 98                    7004 	.db #0x98	; 152
    0000197C AA                    7005 	.db #0xaa	; 170
    0000197D AA                    7006 	.db #0xaa	; 170
    0000197E AA                    7007 	.db #0xaa	; 170
    0000197F AA                    7008 	.db #0xaa	; 170
    00001980 AA                    7009 	.db #0xaa	; 170
    00001981 AA                    7010 	.db #0xaa	; 170
    00001982 AA                    7011 	.db #0xaa	; 170
    00001983 AA                    7012 	.db #0xaa	; 170
    00001984 A6                    7013 	.db #0xa6	; 166
    00001985 6A                    7014 	.db #0x6a	; 106	'j'
    00001986 66                    7015 	.db #0x66	; 102	'f'
    00001987 66                    7016 	.db #0x66	; 102	'f'
    00001988 66                    7017 	.db #0x66	; 102	'f'
    00001989 6A                    7018 	.db #0x6a	; 106	'j'
    0000198A AA                    7019 	.db #0xaa	; 170
    0000198B AA                    7020 	.db #0xaa	; 170
    0000198C AA                    7021 	.db #0xaa	; 170
    0000198D AA                    7022 	.db #0xaa	; 170
    0000198E AA                    7023 	.db #0xaa	; 170
    0000198F AA                    7024 	.db #0xaa	; 170
    00001990 AA                    7025 	.db #0xaa	; 170
    00001991 AA                    7026 	.db #0xaa	; 170
    00001992 AA                    7027 	.db #0xaa	; 170
    00001993 AA                    7028 	.db #0xaa	; 170
    00001994 AA                    7029 	.db #0xaa	; 170
    00001995 A1                    7030 	.db #0xa1	; 161
    00001996 89                    7031 	.db #0x89	; 137
    00001997 98                    7032 	.db #0x98	; 152
    00001998 AA                    7033 	.db #0xaa	; 170
    00001999 AA                    7034 	.db #0xaa	; 170
    0000199A AA                    7035 	.db #0xaa	; 170
    0000199B AA                    7036 	.db #0xaa	; 170
    0000199C AA                    7037 	.db #0xaa	; 170
    0000199D AA                    7038 	.db #0xaa	; 170
    0000199E AA                    7039 	.db #0xaa	; 170
    0000199F AA                    7040 	.db #0xaa	; 170
    000019A0 A6                    7041 	.db #0xa6	; 166
    000019A1 AA                    7042 	.db #0xaa	; 170
    000019A2 AA                    7043 	.db #0xaa	; 170
    000019A3 A6                    7044 	.db #0xa6	; 166
    000019A4 A6                    7045 	.db #0xa6	; 166
    000019A5 AA                    7046 	.db #0xaa	; 170
    000019A6 AA                    7047 	.db #0xaa	; 170
    000019A7 AA                    7048 	.db #0xaa	; 170
    000019A8 6A                    7049 	.db #0x6a	; 106	'j'
    000019A9 AA                    7050 	.db #0xaa	; 170
    000019AA AA                    7051 	.db #0xaa	; 170
    000019AB AA                    7052 	.db #0xaa	; 170
    000019AC AA                    7053 	.db #0xaa	; 170
    000019AD AA                    7054 	.db #0xaa	; 170
    000019AE AA                    7055 	.db #0xaa	; 170
    000019AF AA                    7056 	.db #0xaa	; 170
    000019B0 AA                    7057 	.db #0xaa	; 170
    000019B1 A1                    7058 	.db #0xa1	; 161
    000019B2 89                    7059 	.db #0x89	; 137
    000019B3 98                    7060 	.db #0x98	; 152
    000019B4 AA                    7061 	.db #0xaa	; 170
    000019B5 AA                    7062 	.db #0xaa	; 170
    000019B6 AA                    7063 	.db #0xaa	; 170
    000019B7 AA                    7064 	.db #0xaa	; 170
    000019B8 AA                    7065 	.db #0xaa	; 170
    000019B9 AA                    7066 	.db #0xaa	; 170
    000019BA AA                    7067 	.db #0xaa	; 170
    000019BB AA                    7068 	.db #0xaa	; 170
    000019BC A6                    7069 	.db #0xa6	; 166
    000019BD 6A                    7070 	.db #0x6a	; 106	'j'
    000019BE AA                    7071 	.db #0xaa	; 170
    000019BF A6                    7072 	.db #0xa6	; 166
    000019C0 AA                    7073 	.db #0xaa	; 170
    000019C1 A6                    7074 	.db #0xa6	; 166
    000019C2 6A                    7075 	.db #0x6a	; 106	'j'
    000019C3 AA                    7076 	.db #0xaa	; 170
    000019C4 AA                    7077 	.db #0xaa	; 170
    000019C5 AA                    7078 	.db #0xaa	; 170
    000019C6 AA                    7079 	.db #0xaa	; 170
    000019C7 AA                    7080 	.db #0xaa	; 170
    000019C8 AA                    7081 	.db #0xaa	; 170
    000019C9 AA                    7082 	.db #0xaa	; 170
    000019CA AA                    7083 	.db #0xaa	; 170
    000019CB AA                    7084 	.db #0xaa	; 170
    000019CC AA                    7085 	.db #0xaa	; 170
    000019CD A1                    7086 	.db #0xa1	; 161
    000019CE 89                    7087 	.db #0x89	; 137
    000019CF 98                    7088 	.db #0x98	; 152
    000019D0 AA                    7089 	.db #0xaa	; 170
    000019D1 AA                    7090 	.db #0xaa	; 170
    000019D2 AA                    7091 	.db #0xaa	; 170
    000019D3 AA                    7092 	.db #0xaa	; 170
    000019D4 AA                    7093 	.db #0xaa	; 170
    000019D5 AA                    7094 	.db #0xaa	; 170
    000019D6 AA                    7095 	.db #0xaa	; 170
    000019D7 AA                    7096 	.db #0xaa	; 170
    000019D8 AA                    7097 	.db #0xaa	; 170
    000019D9 AA                    7098 	.db #0xaa	; 170
    000019DA AA                    7099 	.db #0xaa	; 170
    000019DB AA                    7100 	.db #0xaa	; 170
    000019DC AA                    7101 	.db #0xaa	; 170
    000019DD AA                    7102 	.db #0xaa	; 170
    000019DE AA                    7103 	.db #0xaa	; 170
    000019DF 66                    7104 	.db #0x66	; 102	'f'
    000019E0 AA                    7105 	.db #0xaa	; 170
    000019E1 AA                    7106 	.db #0xaa	; 170
    000019E2 AA                    7107 	.db #0xaa	; 170
    000019E3 AA                    7108 	.db #0xaa	; 170
    000019E4 AA                    7109 	.db #0xaa	; 170
    000019E5 AA                    7110 	.db #0xaa	; 170
    000019E6 AA                    7111 	.db #0xaa	; 170
    000019E7 AA                    7112 	.db #0xaa	; 170
    000019E8 AA                    7113 	.db #0xaa	; 170
    000019E9 A1                    7114 	.db #0xa1	; 161
    000019EA 89                    7115 	.db #0x89	; 137
    000019EB 98                    7116 	.db #0x98	; 152
    000019EC AA                    7117 	.db #0xaa	; 170
    000019ED AA                    7118 	.db #0xaa	; 170
    000019EE AA                    7119 	.db #0xaa	; 170
    000019EF AA                    7120 	.db #0xaa	; 170
    000019F0 AA                    7121 	.db #0xaa	; 170
    000019F1 AA                    7122 	.db #0xaa	; 170
    000019F2 AA                    7123 	.db #0xaa	; 170
    000019F3 AA                    7124 	.db #0xaa	; 170
    000019F4 A6                    7125 	.db #0xa6	; 166
    000019F5 AA                    7126 	.db #0xaa	; 170
    000019F6 A6                    7127 	.db #0xa6	; 166
    000019F7 66                    7128 	.db #0x66	; 102	'f'
    000019F8 66                    7129 	.db #0x66	; 102	'f'
    000019F9 66                    7130 	.db #0x66	; 102	'f'
    000019FA 6A                    7131 	.db #0x6a	; 106	'j'
    000019FB AA                    7132 	.db #0xaa	; 170
    000019FC AA                    7133 	.db #0xaa	; 170
    000019FD AA                    7134 	.db #0xaa	; 170
    000019FE AA                    7135 	.db #0xaa	; 170
    000019FF AA                    7136 	.db #0xaa	; 170
    00001A00 AA                    7137 	.db #0xaa	; 170
    00001A01 AA                    7138 	.db #0xaa	; 170
    00001A02 AA                    7139 	.db #0xaa	; 170
    00001A03 AA                    7140 	.db #0xaa	; 170
    00001A04 AA                    7141 	.db #0xaa	; 170
    00001A05 A1                    7142 	.db #0xa1	; 161
    00001A06 89                    7143 	.db #0x89	; 137
    00001A07 98                    7144 	.db #0x98	; 152
    00001A08 AA                    7145 	.db #0xaa	; 170
    00001A09 AA                    7146 	.db #0xaa	; 170
    00001A0A AA                    7147 	.db #0xaa	; 170
    00001A0B AA                    7148 	.db #0xaa	; 170
    00001A0C AA                    7149 	.db #0xaa	; 170
    00001A0D AA                    7150 	.db #0xaa	; 170
    00001A0E AA                    7151 	.db #0xaa	; 170
    00001A0F AA                    7152 	.db #0xaa	; 170
    00001A10 A6                    7153 	.db #0xa6	; 166
    00001A11 AA                    7154 	.db #0xaa	; 170
    00001A12 A6                    7155 	.db #0xa6	; 166
    00001A13 6A                    7156 	.db #0x6a	; 106	'j'
    00001A14 AA                    7157 	.db #0xaa	; 170
    00001A15 6A                    7158 	.db #0x6a	; 106	'j'
    00001A16 AA                    7159 	.db #0xaa	; 170
    00001A17 AA                    7160 	.db #0xaa	; 170
    00001A18 6A                    7161 	.db #0x6a	; 106	'j'
    00001A19 AA                    7162 	.db #0xaa	; 170
    00001A1A AA                    7163 	.db #0xaa	; 170
    00001A1B AA                    7164 	.db #0xaa	; 170
    00001A1C AA                    7165 	.db #0xaa	; 170
    00001A1D AA                    7166 	.db #0xaa	; 170
    00001A1E AA                    7167 	.db #0xaa	; 170
    00001A1F AA                    7168 	.db #0xaa	; 170
    00001A20 AA                    7169 	.db #0xaa	; 170
    00001A21 A1                    7170 	.db #0xa1	; 161
    00001A22 89                    7171 	.db #0x89	; 137
    00001A23 98                    7172 	.db #0x98	; 152
    00001A24 AA                    7173 	.db #0xaa	; 170
    00001A25 AA                    7174 	.db #0xaa	; 170
    00001A26 AA                    7175 	.db #0xaa	; 170
    00001A27 AA                    7176 	.db #0xaa	; 170
    00001A28 AA                    7177 	.db #0xaa	; 170
    00001A29 AA                    7178 	.db #0xaa	; 170
    00001A2A AA                    7179 	.db #0xaa	; 170
    00001A2B AA                    7180 	.db #0xaa	; 170
    00001A2C A6                    7181 	.db #0xa6	; 166
    00001A2D AA                    7182 	.db #0xaa	; 170
    00001A2E AA                    7183 	.db #0xaa	; 170
    00001A2F 6A                    7184 	.db #0x6a	; 106	'j'
    00001A30 A6                    7185 	.db #0xa6	; 166
    00001A31 A6                    7186 	.db #0xa6	; 166
    00001A32 6A                    7187 	.db #0x6a	; 106	'j'
    00001A33 AA                    7188 	.db #0xaa	; 170
    00001A34 AA                    7189 	.db #0xaa	; 170
    00001A35 AA                    7190 	.db #0xaa	; 170
    00001A36 AA                    7191 	.db #0xaa	; 170
    00001A37 AA                    7192 	.db #0xaa	; 170
    00001A38 AA                    7193 	.db #0xaa	; 170
    00001A39 AA                    7194 	.db #0xaa	; 170
    00001A3A AA                    7195 	.db #0xaa	; 170
    00001A3B AA                    7196 	.db #0xaa	; 170
    00001A3C AA                    7197 	.db #0xaa	; 170
    00001A3D A1                    7198 	.db #0xa1	; 161
    00001A3E 89                    7199 	.db #0x89	; 137
    00001A3F 98                    7200 	.db #0x98	; 152
    00001A40 AA                    7201 	.db #0xaa	; 170
    00001A41 AA                    7202 	.db #0xaa	; 170
    00001A42 AA                    7203 	.db #0xaa	; 170
    00001A43 AA                    7204 	.db #0xaa	; 170
    00001A44 AA                    7205 	.db #0xaa	; 170
    00001A45 AA                    7206 	.db #0xaa	; 170
    00001A46 AA                    7207 	.db #0xaa	; 170
    00001A47 AA                    7208 	.db #0xaa	; 170
    00001A48 AA                    7209 	.db #0xaa	; 170
    00001A49 A6                    7210 	.db #0xa6	; 166
    00001A4A AA                    7211 	.db #0xaa	; 170
    00001A4B AA                    7212 	.db #0xaa	; 170
    00001A4C AA                    7213 	.db #0xaa	; 170
    00001A4D AA                    7214 	.db #0xaa	; 170
    00001A4E 66                    7215 	.db #0x66	; 102	'f'
    00001A4F 66                    7216 	.db #0x66	; 102	'f'
    00001A50 6A                    7217 	.db #0x6a	; 106	'j'
    00001A51 AA                    7218 	.db #0xaa	; 170
    00001A52 AA                    7219 	.db #0xaa	; 170
    00001A53 AA                    7220 	.db #0xaa	; 170
    00001A54 AA                    7221 	.db #0xaa	; 170
    00001A55 AA                    7222 	.db #0xaa	; 170
    00001A56 AA                    7223 	.db #0xaa	; 170
    00001A57 AA                    7224 	.db #0xaa	; 170
    00001A58 AA                    7225 	.db #0xaa	; 170
    00001A59 A1                    7226 	.db #0xa1	; 161
    00001A5A 89                    7227 	.db #0x89	; 137
    00001A5B 98                    7228 	.db #0x98	; 152
    00001A5C AA                    7229 	.db #0xaa	; 170
    00001A5D AA                    7230 	.db #0xaa	; 170
    00001A5E AA                    7231 	.db #0xaa	; 170
    00001A5F AA                    7232 	.db #0xaa	; 170
    00001A60 AA                    7233 	.db #0xaa	; 170
    00001A61 AA                    7234 	.db #0xaa	; 170
    00001A62 AA                    7235 	.db #0xaa	; 170
    00001A63 AA                    7236 	.db #0xaa	; 170
    00001A64 A6                    7237 	.db #0xa6	; 166
    00001A65 AA                    7238 	.db #0xaa	; 170
    00001A66 AA                    7239 	.db #0xaa	; 170
    00001A67 66                    7240 	.db #0x66	; 102	'f'
    00001A68 66                    7241 	.db #0x66	; 102	'f'
    00001A69 66                    7242 	.db #0x66	; 102	'f'
    00001A6A 66                    7243 	.db #0x66	; 102	'f'
    00001A6B 6A                    7244 	.db #0x6a	; 106	'j'
    00001A6C AA                    7245 	.db #0xaa	; 170
    00001A6D AA                    7246 	.db #0xaa	; 170
    00001A6E AA                    7247 	.db #0xaa	; 170
    00001A6F AA                    7248 	.db #0xaa	; 170
    00001A70 AA                    7249 	.db #0xaa	; 170
    00001A71 AA                    7250 	.db #0xaa	; 170
    00001A72 AA                    7251 	.db #0xaa	; 170
    00001A73 AA                    7252 	.db #0xaa	; 170
    00001A74 AA                    7253 	.db #0xaa	; 170
    00001A75 A1                    7254 	.db #0xa1	; 161
    00001A76 89                    7255 	.db #0x89	; 137
    00001A77 98                    7256 	.db #0x98	; 152
    00001A78 AA                    7257 	.db #0xaa	; 170
    00001A79 AA                    7258 	.db #0xaa	; 170
    00001A7A AA                    7259 	.db #0xaa	; 170
    00001A7B AA                    7260 	.db #0xaa	; 170
    00001A7C AA                    7261 	.db #0xaa	; 170
    00001A7D AA                    7262 	.db #0xaa	; 170
    00001A7E AA                    7263 	.db #0xaa	; 170
    00001A7F AA                    7264 	.db #0xaa	; 170
    00001A80 AA                    7265 	.db #0xaa	; 170
    00001A81 6A                    7266 	.db #0x6a	; 106	'j'
    00001A82 66                    7267 	.db #0x66	; 102	'f'
    00001A83 6A                    7268 	.db #0x6a	; 106	'j'
    00001A84 6A                    7269 	.db #0x6a	; 106	'j'
    00001A85 A6                    7270 	.db #0xa6	; 166
    00001A86 66                    7271 	.db #0x66	; 102	'f'
    00001A87 A6                    7272 	.db #0xa6	; 166
    00001A88 AA                    7273 	.db #0xaa	; 170
    00001A89 AA                    7274 	.db #0xaa	; 170
    00001A8A AA                    7275 	.db #0xaa	; 170
    00001A8B AA                    7276 	.db #0xaa	; 170
    00001A8C AA                    7277 	.db #0xaa	; 170
    00001A8D AA                    7278 	.db #0xaa	; 170
    00001A8E AA                    7279 	.db #0xaa	; 170
    00001A8F AA                    7280 	.db #0xaa	; 170
    00001A90 AA                    7281 	.db #0xaa	; 170
    00001A91 A1                    7282 	.db #0xa1	; 161
    00001A92 89                    7283 	.db #0x89	; 137
    00001A93 98                    7284 	.db #0x98	; 152
    00001A94 AA                    7285 	.db #0xaa	; 170
    00001A95 AA                    7286 	.db #0xaa	; 170
    00001A96 AA                    7287 	.db #0xaa	; 170
    00001A97 AA                    7288 	.db #0xaa	; 170
    00001A98 AA                    7289 	.db #0xaa	; 170
    00001A99 AA                    7290 	.db #0xaa	; 170
    00001A9A AA                    7291 	.db #0xaa	; 170
    00001A9B AA                    7292 	.db #0xaa	; 170
    00001A9C A6                    7293 	.db #0xa6	; 166
    00001A9D AA                    7294 	.db #0xaa	; 170
    00001A9E 66                    7295 	.db #0x66	; 102	'f'
    00001A9F 6A                    7296 	.db #0x6a	; 106	'j'
    00001AA0 66                    7297 	.db #0x66	; 102	'f'
    00001AA1 66                    7298 	.db #0x66	; 102	'f'
    00001AA2 6A                    7299 	.db #0x6a	; 106	'j'
    00001AA3 AA                    7300 	.db #0xaa	; 170
    00001AA4 A6                    7301 	.db #0xa6	; 166
    00001AA5 66                    7302 	.db #0x66	; 102	'f'
    00001AA6 AA                    7303 	.db #0xaa	; 170
    00001AA7 AA                    7304 	.db #0xaa	; 170
    00001AA8 AA                    7305 	.db #0xaa	; 170
    00001AA9 AA                    7306 	.db #0xaa	; 170
    00001AAA AA                    7307 	.db #0xaa	; 170
    00001AAB AA                    7308 	.db #0xaa	; 170
    00001AAC AA                    7309 	.db #0xaa	; 170
    00001AAD A1                    7310 	.db #0xa1	; 161
    00001AAE 89                    7311 	.db #0x89	; 137
    00001AAF 98                    7312 	.db #0x98	; 152
    00001AB0 AA                    7313 	.db #0xaa	; 170
    00001AB1 AA                    7314 	.db #0xaa	; 170
    00001AB2 AA                    7315 	.db #0xaa	; 170
    00001AB3 AA                    7316 	.db #0xaa	; 170
    00001AB4 AA                    7317 	.db #0xaa	; 170
    00001AB5 AA                    7318 	.db #0xaa	; 170
    00001AB6 AA                    7319 	.db #0xaa	; 170
    00001AB7 AA                    7320 	.db #0xaa	; 170
    00001AB8 AA                    7321 	.db #0xaa	; 170
    00001AB9 66                    7322 	.db #0x66	; 102	'f'
    00001ABA 66                    7323 	.db #0x66	; 102	'f'
    00001ABB AA                    7324 	.db #0xaa	; 170
    00001ABC A6                    7325 	.db #0xa6	; 166
    00001ABD 66                    7326 	.db #0x66	; 102	'f'
    00001ABE 66                    7327 	.db #0x66	; 102	'f'
    00001ABF 66                    7328 	.db #0x66	; 102	'f'
    00001AC0 66                    7329 	.db #0x66	; 102	'f'
    00001AC1 AA                    7330 	.db #0xaa	; 170
    00001AC2 AA                    7331 	.db #0xaa	; 170
    00001AC3 AA                    7332 	.db #0xaa	; 170
    00001AC4 AA                    7333 	.db #0xaa	; 170
    00001AC5 AA                    7334 	.db #0xaa	; 170
    00001AC6 AA                    7335 	.db #0xaa	; 170
    00001AC7 AA                    7336 	.db #0xaa	; 170
    00001AC8 AA                    7337 	.db #0xaa	; 170
    00001AC9 A1                    7338 	.db #0xa1	; 161
    00001ACA 89                    7339 	.db #0x89	; 137
    00001ACB 98                    7340 	.db #0x98	; 152
    00001ACC AA                    7341 	.db #0xaa	; 170
    00001ACD AA                    7342 	.db #0xaa	; 170
    00001ACE AA                    7343 	.db #0xaa	; 170
    00001ACF AA                    7344 	.db #0xaa	; 170
    00001AD0 AA                    7345 	.db #0xaa	; 170
    00001AD1 AA                    7346 	.db #0xaa	; 170
    00001AD2 AA                    7347 	.db #0xaa	; 170
    00001AD3 AA                    7348 	.db #0xaa	; 170
    00001AD4 AA                    7349 	.db #0xaa	; 170
    00001AD5 6A                    7350 	.db #0x6a	; 106	'j'
    00001AD6 AA                    7351 	.db #0xaa	; 170
    00001AD7 AA                    7352 	.db #0xaa	; 170
    00001AD8 66                    7353 	.db #0x66	; 102	'f'
    00001AD9 66                    7354 	.db #0x66	; 102	'f'
    00001ADA 66                    7355 	.db #0x66	; 102	'f'
    00001ADB 66                    7356 	.db #0x66	; 102	'f'
    00001ADC AA                    7357 	.db #0xaa	; 170
    00001ADD AA                    7358 	.db #0xaa	; 170
    00001ADE AA                    7359 	.db #0xaa	; 170
    00001ADF AA                    7360 	.db #0xaa	; 170
    00001AE0 AA                    7361 	.db #0xaa	; 170
    00001AE1 AA                    7362 	.db #0xaa	; 170
    00001AE2 AA                    7363 	.db #0xaa	; 170
    00001AE3 AA                    7364 	.db #0xaa	; 170
    00001AE4 AA                    7365 	.db #0xaa	; 170
    00001AE5 A1                    7366 	.db #0xa1	; 161
    00001AE6 89                    7367 	.db #0x89	; 137
    00001AE7 98                    7368 	.db #0x98	; 152
    00001AE8 AA                    7369 	.db #0xaa	; 170
    00001AE9 AA                    7370 	.db #0xaa	; 170
    00001AEA AA                    7371 	.db #0xaa	; 170
    00001AEB AA                    7372 	.db #0xaa	; 170
    00001AEC AA                    7373 	.db #0xaa	; 170
    00001AED AA                    7374 	.db #0xaa	; 170
    00001AEE AA                    7375 	.db #0xaa	; 170
    00001AEF AA                    7376 	.db #0xaa	; 170
    00001AF0 AA                    7377 	.db #0xaa	; 170
    00001AF1 66                    7378 	.db #0x66	; 102	'f'
    00001AF2 66                    7379 	.db #0x66	; 102	'f'
    00001AF3 66                    7380 	.db #0x66	; 102	'f'
    00001AF4 66                    7381 	.db #0x66	; 102	'f'
    00001AF5 A6                    7382 	.db #0xa6	; 166
    00001AF6 66                    7383 	.db #0x66	; 102	'f'
    00001AF7 66                    7384 	.db #0x66	; 102	'f'
    00001AF8 AA                    7385 	.db #0xaa	; 170
    00001AF9 AA                    7386 	.db #0xaa	; 170
    00001AFA AA                    7387 	.db #0xaa	; 170
    00001AFB AA                    7388 	.db #0xaa	; 170
    00001AFC AA                    7389 	.db #0xaa	; 170
    00001AFD AA                    7390 	.db #0xaa	; 170
    00001AFE AA                    7391 	.db #0xaa	; 170
    00001AFF AA                    7392 	.db #0xaa	; 170
    00001B00 AA                    7393 	.db #0xaa	; 170
    00001B01 A1                    7394 	.db #0xa1	; 161
    00001B02 89                    7395 	.db #0x89	; 137
    00001B03 98                    7396 	.db #0x98	; 152
    00001B04 AA                    7397 	.db #0xaa	; 170
    00001B05 AA                    7398 	.db #0xaa	; 170
    00001B06 AA                    7399 	.db #0xaa	; 170
    00001B07 AA                    7400 	.db #0xaa	; 170
    00001B08 AA                    7401 	.db #0xaa	; 170
    00001B09 AA                    7402 	.db #0xaa	; 170
    00001B0A AA                    7403 	.db #0xaa	; 170
    00001B0B AA                    7404 	.db #0xaa	; 170
    00001B0C AA                    7405 	.db #0xaa	; 170
    00001B0D 6A                    7406 	.db #0x6a	; 106	'j'
    00001B0E 66                    7407 	.db #0x66	; 102	'f'
    00001B0F 66                    7408 	.db #0x66	; 102	'f'
    00001B10 6A                    7409 	.db #0x6a	; 106	'j'
    00001B11 AA                    7410 	.db #0xaa	; 170
    00001B12 AA                    7411 	.db #0xaa	; 170
    00001B13 AA                    7412 	.db #0xaa	; 170
    00001B14 A6                    7413 	.db #0xa6	; 166
    00001B15 66                    7414 	.db #0x66	; 102	'f'
    00001B16 AA                    7415 	.db #0xaa	; 170
    00001B17 AA                    7416 	.db #0xaa	; 170
    00001B18 AA                    7417 	.db #0xaa	; 170
    00001B19 AA                    7418 	.db #0xaa	; 170
    00001B1A AA                    7419 	.db #0xaa	; 170
    00001B1B AA                    7420 	.db #0xaa	; 170
    00001B1C AA                    7421 	.db #0xaa	; 170
    00001B1D A1                    7422 	.db #0xa1	; 161
    00001B1E 89                    7423 	.db #0x89	; 137
    00001B1F 98                    7424 	.db #0x98	; 152
    00001B20 AA                    7425 	.db #0xaa	; 170
    00001B21 AA                    7426 	.db #0xaa	; 170
    00001B22 AA                    7427 	.db #0xaa	; 170
    00001B23 AA                    7428 	.db #0xaa	; 170
    00001B24 AA                    7429 	.db #0xaa	; 170
    00001B25 AA                    7430 	.db #0xaa	; 170
    00001B26 AA                    7431 	.db #0xaa	; 170
    00001B27 AA                    7432 	.db #0xaa	; 170
    00001B28 AA                    7433 	.db #0xaa	; 170
    00001B29 66                    7434 	.db #0x66	; 102	'f'
    00001B2A 66                    7435 	.db #0x66	; 102	'f'
    00001B2B 66                    7436 	.db #0x66	; 102	'f'
    00001B2C 66                    7437 	.db #0x66	; 102	'f'
    00001B2D 66                    7438 	.db #0x66	; 102	'f'
    00001B2E 66                    7439 	.db #0x66	; 102	'f'
    00001B2F 66                    7440 	.db #0x66	; 102	'f'
    00001B30 66                    7441 	.db #0x66	; 102	'f'
    00001B31 AA                    7442 	.db #0xaa	; 170
    00001B32 AA                    7443 	.db #0xaa	; 170
    00001B33 AA                    7444 	.db #0xaa	; 170
    00001B34 AA                    7445 	.db #0xaa	; 170
    00001B35 AA                    7446 	.db #0xaa	; 170
    00001B36 AA                    7447 	.db #0xaa	; 170
    00001B37 AA                    7448 	.db #0xaa	; 170
    00001B38 AA                    7449 	.db #0xaa	; 170
    00001B39 A1                    7450 	.db #0xa1	; 161
    00001B3A 89                    7451 	.db #0x89	; 137
    00001B3B 98                    7452 	.db #0x98	; 152
    00001B3C AA                    7453 	.db #0xaa	; 170
    00001B3D AA                    7454 	.db #0xaa	; 170
    00001B3E AA                    7455 	.db #0xaa	; 170
    00001B3F AA                    7456 	.db #0xaa	; 170
    00001B40 AA                    7457 	.db #0xaa	; 170
    00001B41 AA                    7458 	.db #0xaa	; 170
    00001B42 AA                    7459 	.db #0xaa	; 170
    00001B43 AA                    7460 	.db #0xaa	; 170
    00001B44 AA                    7461 	.db #0xaa	; 170
    00001B45 66                    7462 	.db #0x66	; 102	'f'
    00001B46 6A                    7463 	.db #0x6a	; 106	'j'
    00001B47 AA                    7464 	.db #0xaa	; 170
    00001B48 66                    7465 	.db #0x66	; 102	'f'
    00001B49 66                    7466 	.db #0x66	; 102	'f'
    00001B4A 66                    7467 	.db #0x66	; 102	'f'
    00001B4B 66                    7468 	.db #0x66	; 102	'f'
    00001B4C 6A                    7469 	.db #0x6a	; 106	'j'
    00001B4D AA                    7470 	.db #0xaa	; 170
    00001B4E AA                    7471 	.db #0xaa	; 170
    00001B4F AA                    7472 	.db #0xaa	; 170
    00001B50 AA                    7473 	.db #0xaa	; 170
    00001B51 AA                    7474 	.db #0xaa	; 170
    00001B52 AA                    7475 	.db #0xaa	; 170
    00001B53 AA                    7476 	.db #0xaa	; 170
    00001B54 AA                    7477 	.db #0xaa	; 170
    00001B55 A1                    7478 	.db #0xa1	; 161
    00001B56 89                    7479 	.db #0x89	; 137
    00001B57 98                    7480 	.db #0x98	; 152
    00001B58 AA                    7481 	.db #0xaa	; 170
    00001B59 AA                    7482 	.db #0xaa	; 170
    00001B5A AA                    7483 	.db #0xaa	; 170
    00001B5B AA                    7484 	.db #0xaa	; 170
    00001B5C AA                    7485 	.db #0xaa	; 170
    00001B5D AA                    7486 	.db #0xaa	; 170
    00001B5E AA                    7487 	.db #0xaa	; 170
    00001B5F AA                    7488 	.db #0xaa	; 170
    00001B60 AA                    7489 	.db #0xaa	; 170
    00001B61 AA                    7490 	.db #0xaa	; 170
    00001B62 AA                    7491 	.db #0xaa	; 170
    00001B63 AA                    7492 	.db #0xaa	; 170
    00001B64 A6                    7493 	.db #0xa6	; 166
    00001B65 66                    7494 	.db #0x66	; 102	'f'
    00001B66 6A                    7495 	.db #0x6a	; 106	'j'
    00001B67 AA                    7496 	.db #0xaa	; 170
    00001B68 AA                    7497 	.db #0xaa	; 170
    00001B69 AA                    7498 	.db #0xaa	; 170
    00001B6A AA                    7499 	.db #0xaa	; 170
    00001B6B AA                    7500 	.db #0xaa	; 170
    00001B6C AA                    7501 	.db #0xaa	; 170
    00001B6D AA                    7502 	.db #0xaa	; 170
    00001B6E AA                    7503 	.db #0xaa	; 170
    00001B6F AA                    7504 	.db #0xaa	; 170
    00001B70 AA                    7505 	.db #0xaa	; 170
    00001B71 A1                    7506 	.db #0xa1	; 161
    00001B72 89                    7507 	.db #0x89	; 137
    00001B73 98                    7508 	.db #0x98	; 152
    00001B74 AA                    7509 	.db #0xaa	; 170
    00001B75 AA                    7510 	.db #0xaa	; 170
    00001B76 AA                    7511 	.db #0xaa	; 170
    00001B77 AA                    7512 	.db #0xaa	; 170
    00001B78 AA                    7513 	.db #0xaa	; 170
    00001B79 AA                    7514 	.db #0xaa	; 170
    00001B7A AA                    7515 	.db #0xaa	; 170
    00001B7B AA                    7516 	.db #0xaa	; 170
    00001B7C AA                    7517 	.db #0xaa	; 170
    00001B7D 66                    7518 	.db #0x66	; 102	'f'
    00001B7E A6                    7519 	.db #0xa6	; 166
    00001B7F AA                    7520 	.db #0xaa	; 170
    00001B80 A6                    7521 	.db #0xa6	; 166
    00001B81 AA                    7522 	.db #0xaa	; 170
    00001B82 6A                    7523 	.db #0x6a	; 106	'j'
    00001B83 AA                    7524 	.db #0xaa	; 170
    00001B84 A6                    7525 	.db #0xa6	; 166
    00001B85 66                    7526 	.db #0x66	; 102	'f'
    00001B86 66                    7527 	.db #0x66	; 102	'f'
    00001B87 AA                    7528 	.db #0xaa	; 170
    00001B88 AA                    7529 	.db #0xaa	; 170
    00001B89 AA                    7530 	.db #0xaa	; 170
    00001B8A AA                    7531 	.db #0xaa	; 170
    00001B8B AA                    7532 	.db #0xaa	; 170
    00001B8C AA                    7533 	.db #0xaa	; 170
    00001B8D A1                    7534 	.db #0xa1	; 161
    00001B8E 89                    7535 	.db #0x89	; 137
    00001B8F 98                    7536 	.db #0x98	; 152
    00001B90 AA                    7537 	.db #0xaa	; 170
    00001B91 AA                    7538 	.db #0xaa	; 170
    00001B92 AA                    7539 	.db #0xaa	; 170
    00001B93 AA                    7540 	.db #0xaa	; 170
    00001B94 AA                    7541 	.db #0xaa	; 170
    00001B95 AA                    7542 	.db #0xaa	; 170
    00001B96 AA                    7543 	.db #0xaa	; 170
    00001B97 AA                    7544 	.db #0xaa	; 170
    00001B98 AA                    7545 	.db #0xaa	; 170
    00001B99 66                    7546 	.db #0x66	; 102	'f'
    00001B9A 66                    7547 	.db #0x66	; 102	'f'
    00001B9B 66                    7548 	.db #0x66	; 102	'f'
    00001B9C 66                    7549 	.db #0x66	; 102	'f'
    00001B9D 66                    7550 	.db #0x66	; 102	'f'
    00001B9E 66                    7551 	.db #0x66	; 102	'f'
    00001B9F AA                    7552 	.db #0xaa	; 170
    00001BA0 66                    7553 	.db #0x66	; 102	'f'
    00001BA1 AA                    7554 	.db #0xaa	; 170
    00001BA2 AA                    7555 	.db #0xaa	; 170
    00001BA3 AA                    7556 	.db #0xaa	; 170
    00001BA4 AA                    7557 	.db #0xaa	; 170
    00001BA5 AA                    7558 	.db #0xaa	; 170
    00001BA6 AA                    7559 	.db #0xaa	; 170
    00001BA7 AA                    7560 	.db #0xaa	; 170
    00001BA8 AA                    7561 	.db #0xaa	; 170
    00001BA9 A1                    7562 	.db #0xa1	; 161
    00001BAA 89                    7563 	.db #0x89	; 137
    00001BAB 98                    7564 	.db #0x98	; 152
    00001BAC AA                    7565 	.db #0xaa	; 170
    00001BAD AA                    7566 	.db #0xaa	; 170
    00001BAE AA                    7567 	.db #0xaa	; 170
    00001BAF AA                    7568 	.db #0xaa	; 170
    00001BB0 AA                    7569 	.db #0xaa	; 170
    00001BB1 AA                    7570 	.db #0xaa	; 170
    00001BB2 AA                    7571 	.db #0xaa	; 170
    00001BB3 AA                    7572 	.db #0xaa	; 170
    00001BB4 AA                    7573 	.db #0xaa	; 170
    00001BB5 AA                    7574 	.db #0xaa	; 170
    00001BB6 66                    7575 	.db #0x66	; 102	'f'
    00001BB7 A6                    7576 	.db #0xa6	; 166
    00001BB8 66                    7577 	.db #0x66	; 102	'f'
    00001BB9 A6                    7578 	.db #0xa6	; 166
    00001BBA 66                    7579 	.db #0x66	; 102	'f'
    00001BBB 66                    7580 	.db #0x66	; 102	'f'
    00001BBC 6A                    7581 	.db #0x6a	; 106	'j'
    00001BBD AA                    7582 	.db #0xaa	; 170
    00001BBE AA                    7583 	.db #0xaa	; 170
    00001BBF AA                    7584 	.db #0xaa	; 170
    00001BC0 AA                    7585 	.db #0xaa	; 170
    00001BC1 AA                    7586 	.db #0xaa	; 170
    00001BC2 AA                    7587 	.db #0xaa	; 170
    00001BC3 AA                    7588 	.db #0xaa	; 170
    00001BC4 AA                    7589 	.db #0xaa	; 170
    00001BC5 A1                    7590 	.db #0xa1	; 161
    00001BC6 89                    7591 	.db #0x89	; 137
    00001BC7 98                    7592 	.db #0x98	; 152
    00001BC8 AA                    7593 	.db #0xaa	; 170
    00001BC9 AA                    7594 	.db #0xaa	; 170
    00001BCA AA                    7595 	.db #0xaa	; 170
    00001BCB AA                    7596 	.db #0xaa	; 170
    00001BCC AA                    7597 	.db #0xaa	; 170
    00001BCD AA                    7598 	.db #0xaa	; 170
    00001BCE AA                    7599 	.db #0xaa	; 170
    00001BCF AA                    7600 	.db #0xaa	; 170
    00001BD0 AA                    7601 	.db #0xaa	; 170
    00001BD1 AA                    7602 	.db #0xaa	; 170
    00001BD2 A6                    7603 	.db #0xa6	; 166
    00001BD3 AA                    7604 	.db #0xaa	; 170
    00001BD4 AA                    7605 	.db #0xaa	; 170
    00001BD5 AA                    7606 	.db #0xaa	; 170
    00001BD6 6A                    7607 	.db #0x6a	; 106	'j'
    00001BD7 AA                    7608 	.db #0xaa	; 170
    00001BD8 AA                    7609 	.db #0xaa	; 170
    00001BD9 AA                    7610 	.db #0xaa	; 170
    00001BDA AA                    7611 	.db #0xaa	; 170
    00001BDB AA                    7612 	.db #0xaa	; 170
    00001BDC AA                    7613 	.db #0xaa	; 170
    00001BDD AA                    7614 	.db #0xaa	; 170
    00001BDE AA                    7615 	.db #0xaa	; 170
    00001BDF AA                    7616 	.db #0xaa	; 170
    00001BE0 AA                    7617 	.db #0xaa	; 170
    00001BE1 A1                    7618 	.db #0xa1	; 161
    00001BE2 89                    7619 	.db #0x89	; 137
    00001BE3 98                    7620 	.db #0x98	; 152
    00001BE4 AA                    7621 	.db #0xaa	; 170
    00001BE5 AA                    7622 	.db #0xaa	; 170
    00001BE6 AA                    7623 	.db #0xaa	; 170
    00001BE7 AA                    7624 	.db #0xaa	; 170
    00001BE8 AA                    7625 	.db #0xaa	; 170
    00001BE9 AA                    7626 	.db #0xaa	; 170
    00001BEA AA                    7627 	.db #0xaa	; 170
    00001BEB AA                    7628 	.db #0xaa	; 170
    00001BEC AA                    7629 	.db #0xaa	; 170
    00001BED AA                    7630 	.db #0xaa	; 170
    00001BEE AA                    7631 	.db #0xaa	; 170
    00001BEF AA                    7632 	.db #0xaa	; 170
    00001BF0 A6                    7633 	.db #0xa6	; 166
    00001BF1 66                    7634 	.db #0x66	; 102	'f'
    00001BF2 AA                    7635 	.db #0xaa	; 170
    00001BF3 66                    7636 	.db #0x66	; 102	'f'
    00001BF4 66                    7637 	.db #0x66	; 102	'f'
    00001BF5 66                    7638 	.db #0x66	; 102	'f'
    00001BF6 66                    7639 	.db #0x66	; 102	'f'
    00001BF7 AA                    7640 	.db #0xaa	; 170
    00001BF8 AA                    7641 	.db #0xaa	; 170
    00001BF9 AA                    7642 	.db #0xaa	; 170
    00001BFA AA                    7643 	.db #0xaa	; 170
    00001BFB AA                    7644 	.db #0xaa	; 170
    00001BFC AA                    7645 	.db #0xaa	; 170
    00001BFD A1                    7646 	.db #0xa1	; 161
    00001BFE 89                    7647 	.db #0x89	; 137
    00001BFF 98                    7648 	.db #0x98	; 152
    00001C00 AA                    7649 	.db #0xaa	; 170
    00001C01 AA                    7650 	.db #0xaa	; 170
    00001C02 AA                    7651 	.db #0xaa	; 170
    00001C03 AA                    7652 	.db #0xaa	; 170
    00001C04 AA                    7653 	.db #0xaa	; 170
    00001C05 AA                    7654 	.db #0xaa	; 170
    00001C06 AA                    7655 	.db #0xaa	; 170
    00001C07 AA                    7656 	.db #0xaa	; 170
    00001C08 AA                    7657 	.db #0xaa	; 170
    00001C09 6A                    7658 	.db #0x6a	; 106	'j'
    00001C0A 66                    7659 	.db #0x66	; 102	'f'
    00001C0B 66                    7660 	.db #0x66	; 102	'f'
    00001C0C 66                    7661 	.db #0x66	; 102	'f'
    00001C0D 66                    7662 	.db #0x66	; 102	'f'
    00001C0E 66                    7663 	.db #0x66	; 102	'f'
    00001C0F AA                    7664 	.db #0xaa	; 170
    00001C10 A6                    7665 	.db #0xa6	; 166
    00001C11 AA                    7666 	.db #0xaa	; 170
    00001C12 AA                    7667 	.db #0xaa	; 170
    00001C13 AA                    7668 	.db #0xaa	; 170
    00001C14 AA                    7669 	.db #0xaa	; 170
    00001C15 AA                    7670 	.db #0xaa	; 170
    00001C16 AA                    7671 	.db #0xaa	; 170
    00001C17 AA                    7672 	.db #0xaa	; 170
    00001C18 AA                    7673 	.db #0xaa	; 170
    00001C19 A1                    7674 	.db #0xa1	; 161
    00001C1A 89                    7675 	.db #0x89	; 137
    00001C1B 98                    7676 	.db #0x98	; 152
    00001C1C AA                    7677 	.db #0xaa	; 170
    00001C1D AA                    7678 	.db #0xaa	; 170
    00001C1E AA                    7679 	.db #0xaa	; 170
    00001C1F AA                    7680 	.db #0xaa	; 170
    00001C20 AA                    7681 	.db #0xaa	; 170
    00001C21 AA                    7682 	.db #0xaa	; 170
    00001C22 AA                    7683 	.db #0xaa	; 170
    00001C23 AA                    7684 	.db #0xaa	; 170
    00001C24 AA                    7685 	.db #0xaa	; 170
    00001C25 AA                    7686 	.db #0xaa	; 170
    00001C26 A6                    7687 	.db #0xa6	; 166
    00001C27 6A                    7688 	.db #0x6a	; 106	'j'
    00001C28 AA                    7689 	.db #0xaa	; 170
    00001C29 AA                    7690 	.db #0xaa	; 170
    00001C2A AA                    7691 	.db #0xaa	; 170
    00001C2B A6                    7692 	.db #0xa6	; 166
    00001C2C 6A                    7693 	.db #0x6a	; 106	'j'
    00001C2D AA                    7694 	.db #0xaa	; 170
    00001C2E AA                    7695 	.db #0xaa	; 170
    00001C2F AA                    7696 	.db #0xaa	; 170
    00001C30 AA                    7697 	.db #0xaa	; 170
    00001C31 AA                    7698 	.db #0xaa	; 170
    00001C32 AA                    7699 	.db #0xaa	; 170
    00001C33 AA                    7700 	.db #0xaa	; 170
    00001C34 AA                    7701 	.db #0xaa	; 170
    00001C35 A1                    7702 	.db #0xa1	; 161
    00001C36 89                    7703 	.db #0x89	; 137
    00001C37 98                    7704 	.db #0x98	; 152
    00001C38 AA                    7705 	.db #0xaa	; 170
    00001C39 AA                    7706 	.db #0xaa	; 170
    00001C3A AA                    7707 	.db #0xaa	; 170
    00001C3B AA                    7708 	.db #0xaa	; 170
    00001C3C AA                    7709 	.db #0xaa	; 170
    00001C3D AA                    7710 	.db #0xaa	; 170
    00001C3E AA                    7711 	.db #0xaa	; 170
    00001C3F AA                    7712 	.db #0xaa	; 170
    00001C40 6A                    7713 	.db #0x6a	; 106	'j'
    00001C41 AA                    7714 	.db #0xaa	; 170
    00001C42 A6                    7715 	.db #0xa6	; 166
    00001C43 66                    7716 	.db #0x66	; 102	'f'
    00001C44 66                    7717 	.db #0x66	; 102	'f'
    00001C45 AA                    7718 	.db #0xaa	; 170
    00001C46 AA                    7719 	.db #0xaa	; 170
    00001C47 AA                    7720 	.db #0xaa	; 170
    00001C48 AA                    7721 	.db #0xaa	; 170
    00001C49 AA                    7722 	.db #0xaa	; 170
    00001C4A AA                    7723 	.db #0xaa	; 170
    00001C4B AA                    7724 	.db #0xaa	; 170
    00001C4C AA                    7725 	.db #0xaa	; 170
    00001C4D AA                    7726 	.db #0xaa	; 170
    00001C4E AA                    7727 	.db #0xaa	; 170
    00001C4F AA                    7728 	.db #0xaa	; 170
    00001C50 AA                    7729 	.db #0xaa	; 170
    00001C51 A1                    7730 	.db #0xa1	; 161
    00001C52 89                    7731 	.db #0x89	; 137
    00001C53 98                    7732 	.db #0x98	; 152
    00001C54 AA                    7733 	.db #0xaa	; 170
    00001C55 AA                    7734 	.db #0xaa	; 170
    00001C56 AA                    7735 	.db #0xaa	; 170
    00001C57 AA                    7736 	.db #0xaa	; 170
    00001C58 AA                    7737 	.db #0xaa	; 170
    00001C59 AA                    7738 	.db #0xaa	; 170
    00001C5A AA                    7739 	.db #0xaa	; 170
    00001C5B AA                    7740 	.db #0xaa	; 170
    00001C5C AA                    7741 	.db #0xaa	; 170
    00001C5D AA                    7742 	.db #0xaa	; 170
    00001C5E A6                    7743 	.db #0xa6	; 166
    00001C5F 66                    7744 	.db #0x66	; 102	'f'
    00001C60 66                    7745 	.db #0x66	; 102	'f'
    00001C61 66                    7746 	.db #0x66	; 102	'f'
    00001C62 AA                    7747 	.db #0xaa	; 170
    00001C63 66                    7748 	.db #0x66	; 102	'f'
    00001C64 66                    7749 	.db #0x66	; 102	'f'
    00001C65 A6                    7750 	.db #0xa6	; 166
    00001C66 66                    7751 	.db #0x66	; 102	'f'
    00001C67 AA                    7752 	.db #0xaa	; 170
    00001C68 AA                    7753 	.db #0xaa	; 170
    00001C69 AA                    7754 	.db #0xaa	; 170
    00001C6A AA                    7755 	.db #0xaa	; 170
    00001C6B AA                    7756 	.db #0xaa	; 170
    00001C6C AA                    7757 	.db #0xaa	; 170
    00001C6D A1                    7758 	.db #0xa1	; 161
    00001C6E 89                    7759 	.db #0x89	; 137
    00001C6F 98                    7760 	.db #0x98	; 152
    00001C70 AA                    7761 	.db #0xaa	; 170
    00001C71 AA                    7762 	.db #0xaa	; 170
    00001C72 AA                    7763 	.db #0xaa	; 170
    00001C73 AA                    7764 	.db #0xaa	; 170
    00001C74 AA                    7765 	.db #0xaa	; 170
    00001C75 AA                    7766 	.db #0xaa	; 170
    00001C76 AA                    7767 	.db #0xaa	; 170
    00001C77 AA                    7768 	.db #0xaa	; 170
    00001C78 AA                    7769 	.db #0xaa	; 170
    00001C79 6A                    7770 	.db #0x6a	; 106	'j'
    00001C7A AA                    7771 	.db #0xaa	; 170
    00001C7B 66                    7772 	.db #0x66	; 102	'f'
    00001C7C 66                    7773 	.db #0x66	; 102	'f'
    00001C7D 66                    7774 	.db #0x66	; 102	'f'
    00001C7E AA                    7775 	.db #0xaa	; 170
    00001C7F AA                    7776 	.db #0xaa	; 170
    00001C80 A6                    7777 	.db #0xa6	; 166
    00001C81 AA                    7778 	.db #0xaa	; 170
    00001C82 AA                    7779 	.db #0xaa	; 170
    00001C83 AA                    7780 	.db #0xaa	; 170
    00001C84 AA                    7781 	.db #0xaa	; 170
    00001C85 AA                    7782 	.db #0xaa	; 170
    00001C86 AA                    7783 	.db #0xaa	; 170
    00001C87 AA                    7784 	.db #0xaa	; 170
    00001C88 AA                    7785 	.db #0xaa	; 170
    00001C89 A1                    7786 	.db #0xa1	; 161
    00001C8A 89                    7787 	.db #0x89	; 137
    00001C8B 98                    7788 	.db #0x98	; 152
    00001C8C AA                    7789 	.db #0xaa	; 170
    00001C8D AA                    7790 	.db #0xaa	; 170
    00001C8E AA                    7791 	.db #0xaa	; 170
    00001C8F AA                    7792 	.db #0xaa	; 170
    00001C90 AA                    7793 	.db #0xaa	; 170
    00001C91 AA                    7794 	.db #0xaa	; 170
    00001C92 AA                    7795 	.db #0xaa	; 170
    00001C93 AA                    7796 	.db #0xaa	; 170
    00001C94 AA                    7797 	.db #0xaa	; 170
    00001C95 AA                    7798 	.db #0xaa	; 170
    00001C96 A6                    7799 	.db #0xa6	; 166
    00001C97 6A                    7800 	.db #0x6a	; 106	'j'
    00001C98 AA                    7801 	.db #0xaa	; 170
    00001C99 6A                    7802 	.db #0x6a	; 106	'j'
    00001C9A AA                    7803 	.db #0xaa	; 170
    00001C9B AA                    7804 	.db #0xaa	; 170
    00001C9C 6A                    7805 	.db #0x6a	; 106	'j'
    00001C9D AA                    7806 	.db #0xaa	; 170
    00001C9E AA                    7807 	.db #0xaa	; 170
    00001C9F AA                    7808 	.db #0xaa	; 170
    00001CA0 AA                    7809 	.db #0xaa	; 170
    00001CA1 AA                    7810 	.db #0xaa	; 170
    00001CA2 AA                    7811 	.db #0xaa	; 170
    00001CA3 AA                    7812 	.db #0xaa	; 170
    00001CA4 AA                    7813 	.db #0xaa	; 170
    00001CA5 A1                    7814 	.db #0xa1	; 161
    00001CA6 89                    7815 	.db #0x89	; 137
    00001CA7 98                    7816 	.db #0x98	; 152
    00001CA8 AA                    7817 	.db #0xaa	; 170
    00001CA9 AA                    7818 	.db #0xaa	; 170
    00001CAA AA                    7819 	.db #0xaa	; 170
    00001CAB AA                    7820 	.db #0xaa	; 170
    00001CAC AA                    7821 	.db #0xaa	; 170
    00001CAD AA                    7822 	.db #0xaa	; 170
    00001CAE AA                    7823 	.db #0xaa	; 170
    00001CAF 66                    7824 	.db #0x66	; 102	'f'
    00001CB0 6A                    7825 	.db #0x6a	; 106	'j'
    00001CB1 AA                    7826 	.db #0xaa	; 170
    00001CB2 AA                    7827 	.db #0xaa	; 170
    00001CB3 66                    7828 	.db #0x66	; 102	'f'
    00001CB4 66                    7829 	.db #0x66	; 102	'f'
    00001CB5 66                    7830 	.db #0x66	; 102	'f'
    00001CB6 6A                    7831 	.db #0x6a	; 106	'j'
    00001CB7 AA                    7832 	.db #0xaa	; 170
    00001CB8 A6                    7833 	.db #0xa6	; 166
    00001CB9 AA                    7834 	.db #0xaa	; 170
    00001CBA AA                    7835 	.db #0xaa	; 170
    00001CBB AA                    7836 	.db #0xaa	; 170
    00001CBC AA                    7837 	.db #0xaa	; 170
    00001CBD AA                    7838 	.db #0xaa	; 170
    00001CBE AA                    7839 	.db #0xaa	; 170
    00001CBF AA                    7840 	.db #0xaa	; 170
    00001CC0 AA                    7841 	.db #0xaa	; 170
    00001CC1 A1                    7842 	.db #0xa1	; 161
    00001CC2 89                    7843 	.db #0x89	; 137
    00001CC3 98                    7844 	.db #0x98	; 152
    00001CC4 AA                    7845 	.db #0xaa	; 170
    00001CC5 AA                    7846 	.db #0xaa	; 170
    00001CC6 AA                    7847 	.db #0xaa	; 170
    00001CC7 AA                    7848 	.db #0xaa	; 170
    00001CC8 AA                    7849 	.db #0xaa	; 170
    00001CC9 AA                    7850 	.db #0xaa	; 170
    00001CCA AA                    7851 	.db #0xaa	; 170
    00001CCB AA                    7852 	.db #0xaa	; 170
    00001CCC AA                    7853 	.db #0xaa	; 170
    00001CCD AA                    7854 	.db #0xaa	; 170
    00001CCE A6                    7855 	.db #0xa6	; 166
    00001CCF 66                    7856 	.db #0x66	; 102	'f'
    00001CD0 6A                    7857 	.db #0x6a	; 106	'j'
    00001CD1 AA                    7858 	.db #0xaa	; 170
    00001CD2 A6                    7859 	.db #0xa6	; 166
    00001CD3 6A                    7860 	.db #0x6a	; 106	'j'
    00001CD4 AA                    7861 	.db #0xaa	; 170
    00001CD5 AA                    7862 	.db #0xaa	; 170
    00001CD6 AA                    7863 	.db #0xaa	; 170
    00001CD7 AA                    7864 	.db #0xaa	; 170
    00001CD8 AA                    7865 	.db #0xaa	; 170
    00001CD9 AA                    7866 	.db #0xaa	; 170
    00001CDA AA                    7867 	.db #0xaa	; 170
    00001CDB AA                    7868 	.db #0xaa	; 170
    00001CDC AA                    7869 	.db #0xaa	; 170
    00001CDD A1                    7870 	.db #0xa1	; 161
    00001CDE 89                    7871 	.db #0x89	; 137
    00001CDF 98                    7872 	.db #0x98	; 152
    00001CE0 AA                    7873 	.db #0xaa	; 170
    00001CE1 AA                    7874 	.db #0xaa	; 170
    00001CE2 AA                    7875 	.db #0xaa	; 170
    00001CE3 AA                    7876 	.db #0xaa	; 170
    00001CE4 AA                    7877 	.db #0xaa	; 170
    00001CE5 AA                    7878 	.db #0xaa	; 170
    00001CE6 AA                    7879 	.db #0xaa	; 170
    00001CE7 AA                    7880 	.db #0xaa	; 170
    00001CE8 AA                    7881 	.db #0xaa	; 170
    00001CE9 A6                    7882 	.db #0xa6	; 166
    00001CEA AA                    7883 	.db #0xaa	; 170
    00001CEB 66                    7884 	.db #0x66	; 102	'f'
    00001CEC 66                    7885 	.db #0x66	; 102	'f'
    00001CED 6A                    7886 	.db #0x6a	; 106	'j'
    00001CEE AA                    7887 	.db #0xaa	; 170
    00001CEF 6A                    7888 	.db #0x6a	; 106	'j'
    00001CF0 6A                    7889 	.db #0x6a	; 106	'j'
    00001CF1 AA                    7890 	.db #0xaa	; 170
    00001CF2 AA                    7891 	.db #0xaa	; 170
    00001CF3 AA                    7892 	.db #0xaa	; 170
    00001CF4 AA                    7893 	.db #0xaa	; 170
    00001CF5 AA                    7894 	.db #0xaa	; 170
    00001CF6 AA                    7895 	.db #0xaa	; 170
    00001CF7 AA                    7896 	.db #0xaa	; 170
    00001CF8 AA                    7897 	.db #0xaa	; 170
    00001CF9 A1                    7898 	.db #0xa1	; 161
    00001CFA 89                    7899 	.db #0x89	; 137
    00001CFB 98                    7900 	.db #0x98	; 152
    00001CFC AA                    7901 	.db #0xaa	; 170
    00001CFD AA                    7902 	.db #0xaa	; 170
    00001CFE AA                    7903 	.db #0xaa	; 170
    00001CFF AA                    7904 	.db #0xaa	; 170
    00001D00 AA                    7905 	.db #0xaa	; 170
    00001D01 AA                    7906 	.db #0xaa	; 170
    00001D02 AA                    7907 	.db #0xaa	; 170
    00001D03 66                    7908 	.db #0x66	; 102	'f'
    00001D04 6A                    7909 	.db #0x6a	; 106	'j'
    00001D05 AA                    7910 	.db #0xaa	; 170
    00001D06 AA                    7911 	.db #0xaa	; 170
    00001D07 66                    7912 	.db #0x66	; 102	'f'
    00001D08 66                    7913 	.db #0x66	; 102	'f'
    00001D09 AA                    7914 	.db #0xaa	; 170
    00001D0A AA                    7915 	.db #0xaa	; 170
    00001D0B AA                    7916 	.db #0xaa	; 170
    00001D0C 6A                    7917 	.db #0x6a	; 106	'j'
    00001D0D AA                    7918 	.db #0xaa	; 170
    00001D0E AA                    7919 	.db #0xaa	; 170
    00001D0F AA                    7920 	.db #0xaa	; 170
    00001D10 AA                    7921 	.db #0xaa	; 170
    00001D11 AA                    7922 	.db #0xaa	; 170
    00001D12 AA                    7923 	.db #0xaa	; 170
    00001D13 AA                    7924 	.db #0xaa	; 170
    00001D14 AA                    7925 	.db #0xaa	; 170
    00001D15 A1                    7926 	.db #0xa1	; 161
    00001D16 89                    7927 	.db #0x89	; 137
    00001D17 98                    7928 	.db #0x98	; 152
    00001D18 AA                    7929 	.db #0xaa	; 170
    00001D19 AA                    7930 	.db #0xaa	; 170
    00001D1A AA                    7931 	.db #0xaa	; 170
    00001D1B AA                    7932 	.db #0xaa	; 170
    00001D1C AA                    7933 	.db #0xaa	; 170
    00001D1D AA                    7934 	.db #0xaa	; 170
    00001D1E AA                    7935 	.db #0xaa	; 170
    00001D1F 66                    7936 	.db #0x66	; 102	'f'
    00001D20 6A                    7937 	.db #0x6a	; 106	'j'
    00001D21 AA                    7938 	.db #0xaa	; 170
    00001D22 AA                    7939 	.db #0xaa	; 170
    00001D23 AA                    7940 	.db #0xaa	; 170
    00001D24 A6                    7941 	.db #0xa6	; 166
    00001D25 66                    7942 	.db #0x66	; 102	'f'
    00001D26 AA                    7943 	.db #0xaa	; 170
    00001D27 AA                    7944 	.db #0xaa	; 170
    00001D28 A6                    7945 	.db #0xa6	; 166
    00001D29 66                    7946 	.db #0x66	; 102	'f'
    00001D2A AA                    7947 	.db #0xaa	; 170
    00001D2B AA                    7948 	.db #0xaa	; 170
    00001D2C AA                    7949 	.db #0xaa	; 170
    00001D2D AA                    7950 	.db #0xaa	; 170
    00001D2E AA                    7951 	.db #0xaa	; 170
    00001D2F AA                    7952 	.db #0xaa	; 170
    00001D30 AA                    7953 	.db #0xaa	; 170
    00001D31 A1                    7954 	.db #0xa1	; 161
    00001D32 89                    7955 	.db #0x89	; 137
    00001D33 98                    7956 	.db #0x98	; 152
    00001D34 AA                    7957 	.db #0xaa	; 170
    00001D35 AA                    7958 	.db #0xaa	; 170
    00001D36 AA                    7959 	.db #0xaa	; 170
    00001D37 AA                    7960 	.db #0xaa	; 170
    00001D38 AA                    7961 	.db #0xaa	; 170
    00001D39 AA                    7962 	.db #0xaa	; 170
    00001D3A AA                    7963 	.db #0xaa	; 170
    00001D3B AA                    7964 	.db #0xaa	; 170
    00001D3C 6A                    7965 	.db #0x6a	; 106	'j'
    00001D3D AA                    7966 	.db #0xaa	; 170
    00001D3E AA                    7967 	.db #0xaa	; 170
    00001D3F AA                    7968 	.db #0xaa	; 170
    00001D40 AA                    7969 	.db #0xaa	; 170
    00001D41 AA                    7970 	.db #0xaa	; 170
    00001D42 66                    7971 	.db #0x66	; 102	'f'
    00001D43 AA                    7972 	.db #0xaa	; 170
    00001D44 AA                    7973 	.db #0xaa	; 170
    00001D45 AA                    7974 	.db #0xaa	; 170
    00001D46 AA                    7975 	.db #0xaa	; 170
    00001D47 AA                    7976 	.db #0xaa	; 170
    00001D48 AA                    7977 	.db #0xaa	; 170
    00001D49 AA                    7978 	.db #0xaa	; 170
    00001D4A AA                    7979 	.db #0xaa	; 170
    00001D4B AA                    7980 	.db #0xaa	; 170
    00001D4C AA                    7981 	.db #0xaa	; 170
    00001D4D A1                    7982 	.db #0xa1	; 161
    00001D4E 89                    7983 	.db #0x89	; 137
    00001D4F 98                    7984 	.db #0x98	; 152
    00001D50 AA                    7985 	.db #0xaa	; 170
    00001D51 AA                    7986 	.db #0xaa	; 170
    00001D52 AA                    7987 	.db #0xaa	; 170
    00001D53 AA                    7988 	.db #0xaa	; 170
    00001D54 AA                    7989 	.db #0xaa	; 170
    00001D55 AA                    7990 	.db #0xaa	; 170
    00001D56 AA                    7991 	.db #0xaa	; 170
    00001D57 AA                    7992 	.db #0xaa	; 170
    00001D58 AA                    7993 	.db #0xaa	; 170
    00001D59 A6                    7994 	.db #0xa6	; 166
    00001D5A AA                    7995 	.db #0xaa	; 170
    00001D5B AA                    7996 	.db #0xaa	; 170
    00001D5C A6                    7997 	.db #0xa6	; 166
    00001D5D 6A                    7998 	.db #0x6a	; 106	'j'
    00001D5E AA                    7999 	.db #0xaa	; 170
    00001D5F 66                    8000 	.db #0x66	; 102	'f'
    00001D60 6A                    8001 	.db #0x6a	; 106	'j'
    00001D61 AA                    8002 	.db #0xaa	; 170
    00001D62 AA                    8003 	.db #0xaa	; 170
    00001D63 AA                    8004 	.db #0xaa	; 170
    00001D64 AA                    8005 	.db #0xaa	; 170
    00001D65 AA                    8006 	.db #0xaa	; 170
    00001D66 AA                    8007 	.db #0xaa	; 170
    00001D67 AA                    8008 	.db #0xaa	; 170
    00001D68 AA                    8009 	.db #0xaa	; 170
    00001D69 A1                    8010 	.db #0xa1	; 161
    00001D6A 89                    8011 	.db #0x89	; 137
    00001D6B 98                    8012 	.db #0x98	; 152
    00001D6C AA                    8013 	.db #0xaa	; 170
    00001D6D AA                    8014 	.db #0xaa	; 170
    00001D6E AA                    8015 	.db #0xaa	; 170
    00001D6F AA                    8016 	.db #0xaa	; 170
    00001D70 AA                    8017 	.db #0xaa	; 170
    00001D71 AA                    8018 	.db #0xaa	; 170
    00001D72 AA                    8019 	.db #0xaa	; 170
    00001D73 66                    8020 	.db #0x66	; 102	'f'
    00001D74 6A                    8021 	.db #0x6a	; 106	'j'
    00001D75 AA                    8022 	.db #0xaa	; 170
    00001D76 A6                    8023 	.db #0xa6	; 166
    00001D77 AA                    8024 	.db #0xaa	; 170
    00001D78 66                    8025 	.db #0x66	; 102	'f'
    00001D79 A6                    8026 	.db #0xa6	; 166
    00001D7A 66                    8027 	.db #0x66	; 102	'f'
    00001D7B A6                    8028 	.db #0xa6	; 166
    00001D7C AA                    8029 	.db #0xaa	; 170
    00001D7D AA                    8030 	.db #0xaa	; 170
    00001D7E AA                    8031 	.db #0xaa	; 170
    00001D7F AA                    8032 	.db #0xaa	; 170
    00001D80 AA                    8033 	.db #0xaa	; 170
    00001D81 AA                    8034 	.db #0xaa	; 170
    00001D82 AA                    8035 	.db #0xaa	; 170
    00001D83 AA                    8036 	.db #0xaa	; 170
    00001D84 AA                    8037 	.db #0xaa	; 170
    00001D85 A1                    8038 	.db #0xa1	; 161
    00001D86 89                    8039 	.db #0x89	; 137
    00001D87 98                    8040 	.db #0x98	; 152
    00001D88 AA                    8041 	.db #0xaa	; 170
    00001D89 AA                    8042 	.db #0xaa	; 170
    00001D8A AA                    8043 	.db #0xaa	; 170
    00001D8B AA                    8044 	.db #0xaa	; 170
    00001D8C AA                    8045 	.db #0xaa	; 170
    00001D8D AA                    8046 	.db #0xaa	; 170
    00001D8E AA                    8047 	.db #0xaa	; 170
    00001D8F 66                    8048 	.db #0x66	; 102	'f'
    00001D90 66                    8049 	.db #0x66	; 102	'f'
    00001D91 AA                    8050 	.db #0xaa	; 170
    00001D92 AA                    8051 	.db #0xaa	; 170
    00001D93 AA                    8052 	.db #0xaa	; 170
    00001D94 AA                    8053 	.db #0xaa	; 170
    00001D95 AA                    8054 	.db #0xaa	; 170
    00001D96 AA                    8055 	.db #0xaa	; 170
    00001D97 AA                    8056 	.db #0xaa	; 170
    00001D98 A6                    8057 	.db #0xa6	; 166
    00001D99 66                    8058 	.db #0x66	; 102	'f'
    00001D9A AA                    8059 	.db #0xaa	; 170
    00001D9B AA                    8060 	.db #0xaa	; 170
    00001D9C AA                    8061 	.db #0xaa	; 170
    00001D9D AA                    8062 	.db #0xaa	; 170
    00001D9E AA                    8063 	.db #0xaa	; 170
    00001D9F AA                    8064 	.db #0xaa	; 170
    00001DA0 AA                    8065 	.db #0xaa	; 170
    00001DA1 A1                    8066 	.db #0xa1	; 161
    00001DA2 89                    8067 	.db #0x89	; 137
    00001DA3 98                    8068 	.db #0x98	; 152
    00001DA4 AA                    8069 	.db #0xaa	; 170
    00001DA5 AA                    8070 	.db #0xaa	; 170
    00001DA6 AA                    8071 	.db #0xaa	; 170
    00001DA7 AA                    8072 	.db #0xaa	; 170
    00001DA8 AA                    8073 	.db #0xaa	; 170
    00001DA9 AA                    8074 	.db #0xaa	; 170
    00001DAA AA                    8075 	.db #0xaa	; 170
    00001DAB AA                    8076 	.db #0xaa	; 170
    00001DAC 6A                    8077 	.db #0x6a	; 106	'j'
    00001DAD AA                    8078 	.db #0xaa	; 170
    00001DAE AA                    8079 	.db #0xaa	; 170
    00001DAF AA                    8080 	.db #0xaa	; 170
    00001DB0 AA                    8081 	.db #0xaa	; 170
    00001DB1 A6                    8082 	.db #0xa6	; 166
    00001DB2 6A                    8083 	.db #0x6a	; 106	'j'
    00001DB3 6A                    8084 	.db #0x6a	; 106	'j'
    00001DB4 AA                    8085 	.db #0xaa	; 170
    00001DB5 AA                    8086 	.db #0xaa	; 170
    00001DB6 AA                    8087 	.db #0xaa	; 170
    00001DB7 AA                    8088 	.db #0xaa	; 170
    00001DB8 AA                    8089 	.db #0xaa	; 170
    00001DB9 AA                    8090 	.db #0xaa	; 170
    00001DBA AA                    8091 	.db #0xaa	; 170
    00001DBB AA                    8092 	.db #0xaa	; 170
    00001DBC AA                    8093 	.db #0xaa	; 170
    00001DBD A1                    8094 	.db #0xa1	; 161
    00001DBE 89                    8095 	.db #0x89	; 137
    00001DBF 98                    8096 	.db #0x98	; 152
    00001DC0 AA                    8097 	.db #0xaa	; 170
    00001DC1 AA                    8098 	.db #0xaa	; 170
    00001DC2 AA                    8099 	.db #0xaa	; 170
    00001DC3 AA                    8100 	.db #0xaa	; 170
    00001DC4 AA                    8101 	.db #0xaa	; 170
    00001DC5 AA                    8102 	.db #0xaa	; 170
    00001DC6 AA                    8103 	.db #0xaa	; 170
    00001DC7 AA                    8104 	.db #0xaa	; 170
    00001DC8 AA                    8105 	.db #0xaa	; 170
    00001DC9 AA                    8106 	.db #0xaa	; 170
    00001DCA 66                    8107 	.db #0x66	; 102	'f'
    00001DCB AA                    8108 	.db #0xaa	; 170
    00001DCC AA                    8109 	.db #0xaa	; 170
    00001DCD A6                    8110 	.db #0xa6	; 166
    00001DCE 66                    8111 	.db #0x66	; 102	'f'
    00001DCF AA                    8112 	.db #0xaa	; 170
    00001DD0 AA                    8113 	.db #0xaa	; 170
    00001DD1 AA                    8114 	.db #0xaa	; 170
    00001DD2 AA                    8115 	.db #0xaa	; 170
    00001DD3 AA                    8116 	.db #0xaa	; 170
    00001DD4 AA                    8117 	.db #0xaa	; 170
    00001DD5 AA                    8118 	.db #0xaa	; 170
    00001DD6 AA                    8119 	.db #0xaa	; 170
    00001DD7 AA                    8120 	.db #0xaa	; 170
    00001DD8 AA                    8121 	.db #0xaa	; 170
    00001DD9 A1                    8122 	.db #0xa1	; 161
    00001DDA 89                    8123 	.db #0x89	; 137
    00001DDB 98                    8124 	.db #0x98	; 152
    00001DDC AA                    8125 	.db #0xaa	; 170
    00001DDD AA                    8126 	.db #0xaa	; 170
    00001DDE AA                    8127 	.db #0xaa	; 170
    00001DDF AA                    8128 	.db #0xaa	; 170
    00001DE0 AA                    8129 	.db #0xaa	; 170
    00001DE1 AA                    8130 	.db #0xaa	; 170
    00001DE2 66                    8131 	.db #0x66	; 102	'f'
    00001DE3 66                    8132 	.db #0x66	; 102	'f'
    00001DE4 6A                    8133 	.db #0x6a	; 106	'j'
    00001DE5 AA                    8134 	.db #0xaa	; 170
    00001DE6 A6                    8135 	.db #0xa6	; 166
    00001DE7 AA                    8136 	.db #0xaa	; 170
    00001DE8 AA                    8137 	.db #0xaa	; 170
    00001DE9 66                    8138 	.db #0x66	; 102	'f'
    00001DEA 66                    8139 	.db #0x66	; 102	'f'
    00001DEB 66                    8140 	.db #0x66	; 102	'f'
    00001DEC AA                    8141 	.db #0xaa	; 170
    00001DED AA                    8142 	.db #0xaa	; 170
    00001DEE AA                    8143 	.db #0xaa	; 170
    00001DEF AA                    8144 	.db #0xaa	; 170
    00001DF0 AA                    8145 	.db #0xaa	; 170
    00001DF1 AA                    8146 	.db #0xaa	; 170
    00001DF2 AA                    8147 	.db #0xaa	; 170
    00001DF3 AA                    8148 	.db #0xaa	; 170
    00001DF4 AA                    8149 	.db #0xaa	; 170
    00001DF5 A1                    8150 	.db #0xa1	; 161
    00001DF6 89                    8151 	.db #0x89	; 137
    00001DF7 98                    8152 	.db #0x98	; 152
    00001DF8 AA                    8153 	.db #0xaa	; 170
    00001DF9 AA                    8154 	.db #0xaa	; 170
    00001DFA AA                    8155 	.db #0xaa	; 170
    00001DFB AA                    8156 	.db #0xaa	; 170
    00001DFC AA                    8157 	.db #0xaa	; 170
    00001DFD AA                    8158 	.db #0xaa	; 170
    00001DFE 66                    8159 	.db #0x66	; 102	'f'
    00001DFF 66                    8160 	.db #0x66	; 102	'f'
    00001E00 66                    8161 	.db #0x66	; 102	'f'
    00001E01 66                    8162 	.db #0x66	; 102	'f'
    00001E02 66                    8163 	.db #0x66	; 102	'f'
    00001E03 6A                    8164 	.db #0x6a	; 106	'j'
    00001E04 AA                    8165 	.db #0xaa	; 170
    00001E05 AA                    8166 	.db #0xaa	; 170
    00001E06 AA                    8167 	.db #0xaa	; 170
    00001E07 66                    8168 	.db #0x66	; 102	'f'
    00001E08 66                    8169 	.db #0x66	; 102	'f'
    00001E09 66                    8170 	.db #0x66	; 102	'f'
    00001E0A 66                    8171 	.db #0x66	; 102	'f'
    00001E0B AA                    8172 	.db #0xaa	; 170
    00001E0C AA                    8173 	.db #0xaa	; 170
    00001E0D AA                    8174 	.db #0xaa	; 170
    00001E0E AA                    8175 	.db #0xaa	; 170
    00001E0F AA                    8176 	.db #0xaa	; 170
    00001E10 AA                    8177 	.db #0xaa	; 170
    00001E11 A1                    8178 	.db #0xa1	; 161
    00001E12 89                    8179 	.db #0x89	; 137
    00001E13 98                    8180 	.db #0x98	; 152
    00001E14 AA                    8181 	.db #0xaa	; 170
    00001E15 AA                    8182 	.db #0xaa	; 170
    00001E16 AA                    8183 	.db #0xaa	; 170
    00001E17 AA                    8184 	.db #0xaa	; 170
    00001E18 AA                    8185 	.db #0xaa	; 170
    00001E19 AA                    8186 	.db #0xaa	; 170
    00001E1A AA                    8187 	.db #0xaa	; 170
    00001E1B 66                    8188 	.db #0x66	; 102	'f'
    00001E1C 6A                    8189 	.db #0x6a	; 106	'j'
    00001E1D AA                    8190 	.db #0xaa	; 170
    00001E1E AA                    8191 	.db #0xaa	; 170
    00001E1F AA                    8192 	.db #0xaa	; 170
    00001E20 A6                    8193 	.db #0xa6	; 166
    00001E21 66                    8194 	.db #0x66	; 102	'f'
    00001E22 A6                    8195 	.db #0xa6	; 166
    00001E23 66                    8196 	.db #0x66	; 102	'f'
    00001E24 66                    8197 	.db #0x66	; 102	'f'
    00001E25 A6                    8198 	.db #0xa6	; 166
    00001E26 66                    8199 	.db #0x66	; 102	'f'
    00001E27 AA                    8200 	.db #0xaa	; 170
    00001E28 AA                    8201 	.db #0xaa	; 170
    00001E29 AA                    8202 	.db #0xaa	; 170
    00001E2A AA                    8203 	.db #0xaa	; 170
    00001E2B AA                    8204 	.db #0xaa	; 170
    00001E2C AA                    8205 	.db #0xaa	; 170
    00001E2D A1                    8206 	.db #0xa1	; 161
    00001E2E 89                    8207 	.db #0x89	; 137
    00001E2F 98                    8208 	.db #0x98	; 152
    00001E30 AA                    8209 	.db #0xaa	; 170
    00001E31 AA                    8210 	.db #0xaa	; 170
    00001E32 AA                    8211 	.db #0xaa	; 170
    00001E33 AA                    8212 	.db #0xaa	; 170
    00001E34 AA                    8213 	.db #0xaa	; 170
    00001E35 AA                    8214 	.db #0xaa	; 170
    00001E36 AA                    8215 	.db #0xaa	; 170
    00001E37 AA                    8216 	.db #0xaa	; 170
    00001E38 AA                    8217 	.db #0xaa	; 170
    00001E39 AA                    8218 	.db #0xaa	; 170
    00001E3A 66                    8219 	.db #0x66	; 102	'f'
    00001E3B AA                    8220 	.db #0xaa	; 170
    00001E3C 6A                    8221 	.db #0x6a	; 106	'j'
    00001E3D AA                    8222 	.db #0xaa	; 170
    00001E3E 66                    8223 	.db #0x66	; 102	'f'
    00001E3F AA                    8224 	.db #0xaa	; 170
    00001E40 AA                    8225 	.db #0xaa	; 170
    00001E41 AA                    8226 	.db #0xaa	; 170
    00001E42 AA                    8227 	.db #0xaa	; 170
    00001E43 AA                    8228 	.db #0xaa	; 170
    00001E44 AA                    8229 	.db #0xaa	; 170
    00001E45 AA                    8230 	.db #0xaa	; 170
    00001E46 AA                    8231 	.db #0xaa	; 170
    00001E47 AA                    8232 	.db #0xaa	; 170
    00001E48 AA                    8233 	.db #0xaa	; 170
    00001E49 A1                    8234 	.db #0xa1	; 161
    00001E4A 89                    8235 	.db #0x89	; 137
    00001E4B 98                    8236 	.db #0x98	; 152
    00001E4C AA                    8237 	.db #0xaa	; 170
    00001E4D AA                    8238 	.db #0xaa	; 170
    00001E4E AA                    8239 	.db #0xaa	; 170
    00001E4F AA                    8240 	.db #0xaa	; 170
    00001E50 AA                    8241 	.db #0xaa	; 170
    00001E51 AA                    8242 	.db #0xaa	; 170
    00001E52 66                    8243 	.db #0x66	; 102	'f'
    00001E53 66                    8244 	.db #0x66	; 102	'f'
    00001E54 66                    8245 	.db #0x66	; 102	'f'
    00001E55 66                    8246 	.db #0x66	; 102	'f'
    00001E56 AA                    8247 	.db #0xaa	; 170
    00001E57 66                    8248 	.db #0x66	; 102	'f'
    00001E58 A6                    8249 	.db #0xa6	; 166
    00001E59 A6                    8250 	.db #0xa6	; 166
    00001E5A 6A                    8251 	.db #0x6a	; 106	'j'
    00001E5B AA                    8252 	.db #0xaa	; 170
    00001E5C AA                    8253 	.db #0xaa	; 170
    00001E5D AA                    8254 	.db #0xaa	; 170
    00001E5E AA                    8255 	.db #0xaa	; 170
    00001E5F AA                    8256 	.db #0xaa	; 170
    00001E60 AA                    8257 	.db #0xaa	; 170
    00001E61 AA                    8258 	.db #0xaa	; 170
    00001E62 AA                    8259 	.db #0xaa	; 170
    00001E63 AA                    8260 	.db #0xaa	; 170
    00001E64 AA                    8261 	.db #0xaa	; 170
    00001E65 A1                    8262 	.db #0xa1	; 161
    00001E66 89                    8263 	.db #0x89	; 137
    00001E67 98                    8264 	.db #0x98	; 152
    00001E68 AA                    8265 	.db #0xaa	; 170
    00001E69 AA                    8266 	.db #0xaa	; 170
    00001E6A AA                    8267 	.db #0xaa	; 170
    00001E6B AA                    8268 	.db #0xaa	; 170
    00001E6C AA                    8269 	.db #0xaa	; 170
    00001E6D AA                    8270 	.db #0xaa	; 170
    00001E6E 66                    8271 	.db #0x66	; 102	'f'
    00001E6F 6A                    8272 	.db #0x6a	; 106	'j'
    00001E70 AA                    8273 	.db #0xaa	; 170
    00001E71 66                    8274 	.db #0x66	; 102	'f'
    00001E72 66                    8275 	.db #0x66	; 102	'f'
    00001E73 66                    8276 	.db #0x66	; 102	'f'
    00001E74 6A                    8277 	.db #0x6a	; 106	'j'
    00001E75 A6                    8278 	.db #0xa6	; 166
    00001E76 66                    8279 	.db #0x66	; 102	'f'
    00001E77 66                    8280 	.db #0x66	; 102	'f'
    00001E78 66                    8281 	.db #0x66	; 102	'f'
    00001E79 66                    8282 	.db #0x66	; 102	'f'
    00001E7A 66                    8283 	.db #0x66	; 102	'f'
    00001E7B AA                    8284 	.db #0xaa	; 170
    00001E7C AA                    8285 	.db #0xaa	; 170
    00001E7D AA                    8286 	.db #0xaa	; 170
    00001E7E AA                    8287 	.db #0xaa	; 170
    00001E7F AA                    8288 	.db #0xaa	; 170
    00001E80 AA                    8289 	.db #0xaa	; 170
    00001E81 A1                    8290 	.db #0xa1	; 161
    00001E82 89                    8291 	.db #0x89	; 137
    00001E83 98                    8292 	.db #0x98	; 152
    00001E84 AA                    8293 	.db #0xaa	; 170
    00001E85 AA                    8294 	.db #0xaa	; 170
    00001E86 AA                    8295 	.db #0xaa	; 170
    00001E87 AA                    8296 	.db #0xaa	; 170
    00001E88 AA                    8297 	.db #0xaa	; 170
    00001E89 AA                    8298 	.db #0xaa	; 170
    00001E8A AA                    8299 	.db #0xaa	; 170
    00001E8B 66                    8300 	.db #0x66	; 102	'f'
    00001E8C 66                    8301 	.db #0x66	; 102	'f'
    00001E8D 66                    8302 	.db #0x66	; 102	'f'
    00001E8E 66                    8303 	.db #0x66	; 102	'f'
    00001E8F 66                    8304 	.db #0x66	; 102	'f'
    00001E90 66                    8305 	.db #0x66	; 102	'f'
    00001E91 66                    8306 	.db #0x66	; 102	'f'
    00001E92 66                    8307 	.db #0x66	; 102	'f'
    00001E93 66                    8308 	.db #0x66	; 102	'f'
    00001E94 66                    8309 	.db #0x66	; 102	'f'
    00001E95 66                    8310 	.db #0x66	; 102	'f'
    00001E96 66                    8311 	.db #0x66	; 102	'f'
    00001E97 AA                    8312 	.db #0xaa	; 170
    00001E98 AA                    8313 	.db #0xaa	; 170
    00001E99 AA                    8314 	.db #0xaa	; 170
    00001E9A AA                    8315 	.db #0xaa	; 170
    00001E9B AA                    8316 	.db #0xaa	; 170
    00001E9C AA                    8317 	.db #0xaa	; 170
    00001E9D A1                    8318 	.db #0xa1	; 161
    00001E9E 89                    8319 	.db #0x89	; 137
    00001E9F 98                    8320 	.db #0x98	; 152
    00001EA0 AA                    8321 	.db #0xaa	; 170
    00001EA1 AA                    8322 	.db #0xaa	; 170
    00001EA2 AA                    8323 	.db #0xaa	; 170
    00001EA3 AA                    8324 	.db #0xaa	; 170
    00001EA4 AA                    8325 	.db #0xaa	; 170
    00001EA5 AA                    8326 	.db #0xaa	; 170
    00001EA6 AA                    8327 	.db #0xaa	; 170
    00001EA7 AA                    8328 	.db #0xaa	; 170
    00001EA8 AA                    8329 	.db #0xaa	; 170
    00001EA9 AA                    8330 	.db #0xaa	; 170
    00001EAA AA                    8331 	.db #0xaa	; 170
    00001EAB 66                    8332 	.db #0x66	; 102	'f'
    00001EAC A6                    8333 	.db #0xa6	; 166
    00001EAD 6A                    8334 	.db #0x6a	; 106	'j'
    00001EAE 66                    8335 	.db #0x66	; 102	'f'
    00001EAF AA                    8336 	.db #0xaa	; 170
    00001EB0 AA                    8337 	.db #0xaa	; 170
    00001EB1 AA                    8338 	.db #0xaa	; 170
    00001EB2 AA                    8339 	.db #0xaa	; 170
    00001EB3 AA                    8340 	.db #0xaa	; 170
    00001EB4 AA                    8341 	.db #0xaa	; 170
    00001EB5 AA                    8342 	.db #0xaa	; 170
    00001EB6 AA                    8343 	.db #0xaa	; 170
    00001EB7 AA                    8344 	.db #0xaa	; 170
    00001EB8 AA                    8345 	.db #0xaa	; 170
    00001EB9 A1                    8346 	.db #0xa1	; 161
    00001EBA 89                    8347 	.db #0x89	; 137
    00001EBB 98                    8348 	.db #0x98	; 152
    00001EBC AA                    8349 	.db #0xaa	; 170
    00001EBD AA                    8350 	.db #0xaa	; 170
    00001EBE AA                    8351 	.db #0xaa	; 170
    00001EBF AA                    8352 	.db #0xaa	; 170
    00001EC0 AA                    8353 	.db #0xaa	; 170
    00001EC1 AA                    8354 	.db #0xaa	; 170
    00001EC2 66                    8355 	.db #0x66	; 102	'f'
    00001EC3 6A                    8356 	.db #0x6a	; 106	'j'
    00001EC4 66                    8357 	.db #0x66	; 102	'f'
    00001EC5 66                    8358 	.db #0x66	; 102	'f'
    00001EC6 AA                    8359 	.db #0xaa	; 170
    00001EC7 66                    8360 	.db #0x66	; 102	'f'
    00001EC8 66                    8361 	.db #0x66	; 102	'f'
    00001EC9 AA                    8362 	.db #0xaa	; 170
    00001ECA 6A                    8363 	.db #0x6a	; 106	'j'
    00001ECB AA                    8364 	.db #0xaa	; 170
    00001ECC AA                    8365 	.db #0xaa	; 170
    00001ECD AA                    8366 	.db #0xaa	; 170
    00001ECE AA                    8367 	.db #0xaa	; 170
    00001ECF AA                    8368 	.db #0xaa	; 170
    00001ED0 AA                    8369 	.db #0xaa	; 170
    00001ED1 AA                    8370 	.db #0xaa	; 170
    00001ED2 AA                    8371 	.db #0xaa	; 170
    00001ED3 AA                    8372 	.db #0xaa	; 170
    00001ED4 AA                    8373 	.db #0xaa	; 170
    00001ED5 A1                    8374 	.db #0xa1	; 161
    00001ED6 89                    8375 	.db #0x89	; 137
    00001ED7 98                    8376 	.db #0x98	; 152
    00001ED8 AA                    8377 	.db #0xaa	; 170
    00001ED9 AA                    8378 	.db #0xaa	; 170
    00001EDA AA                    8379 	.db #0xaa	; 170
    00001EDB AA                    8380 	.db #0xaa	; 170
    00001EDC AA                    8381 	.db #0xaa	; 170
    00001EDD AA                    8382 	.db #0xaa	; 170
    00001EDE 66                    8383 	.db #0x66	; 102	'f'
    00001EDF AA                    8384 	.db #0xaa	; 170
    00001EE0 AA                    8385 	.db #0xaa	; 170
    00001EE1 AA                    8386 	.db #0xaa	; 170
    00001EE2 AA                    8387 	.db #0xaa	; 170
    00001EE3 66                    8388 	.db #0x66	; 102	'f'
    00001EE4 66                    8389 	.db #0x66	; 102	'f'
    00001EE5 66                    8390 	.db #0x66	; 102	'f'
    00001EE6 66                    8391 	.db #0x66	; 102	'f'
    00001EE7 6A                    8392 	.db #0x6a	; 106	'j'
    00001EE8 AA                    8393 	.db #0xaa	; 170
    00001EE9 A6                    8394 	.db #0xa6	; 166
    00001EEA 66                    8395 	.db #0x66	; 102	'f'
    00001EEB AA                    8396 	.db #0xaa	; 170
    00001EEC AA                    8397 	.db #0xaa	; 170
    00001EED AA                    8398 	.db #0xaa	; 170
    00001EEE AA                    8399 	.db #0xaa	; 170
    00001EEF AA                    8400 	.db #0xaa	; 170
    00001EF0 AA                    8401 	.db #0xaa	; 170
    00001EF1 A1                    8402 	.db #0xa1	; 161
    00001EF2 89                    8403 	.db #0x89	; 137
    00001EF3 98                    8404 	.db #0x98	; 152
    00001EF4 AA                    8405 	.db #0xaa	; 170
    00001EF5 AA                    8406 	.db #0xaa	; 170
    00001EF6 AA                    8407 	.db #0xaa	; 170
    00001EF7 AA                    8408 	.db #0xaa	; 170
    00001EF8 AA                    8409 	.db #0xaa	; 170
    00001EF9 AA                    8410 	.db #0xaa	; 170
    00001EFA 66                    8411 	.db #0x66	; 102	'f'
    00001EFB 66                    8412 	.db #0x66	; 102	'f'
    00001EFC 66                    8413 	.db #0x66	; 102	'f'
    00001EFD 66                    8414 	.db #0x66	; 102	'f'
    00001EFE 66                    8415 	.db #0x66	; 102	'f'
    00001EFF 66                    8416 	.db #0x66	; 102	'f'
    00001F00 66                    8417 	.db #0x66	; 102	'f'
    00001F01 66                    8418 	.db #0x66	; 102	'f'
    00001F02 6A                    8419 	.db #0x6a	; 106	'j'
    00001F03 AA                    8420 	.db #0xaa	; 170
    00001F04 A6                    8421 	.db #0xa6	; 166
    00001F05 66                    8422 	.db #0x66	; 102	'f'
    00001F06 66                    8423 	.db #0x66	; 102	'f'
    00001F07 AA                    8424 	.db #0xaa	; 170
    00001F08 AA                    8425 	.db #0xaa	; 170
    00001F09 AA                    8426 	.db #0xaa	; 170
    00001F0A AA                    8427 	.db #0xaa	; 170
    00001F0B AA                    8428 	.db #0xaa	; 170
    00001F0C AA                    8429 	.db #0xaa	; 170
    00001F0D A1                    8430 	.db #0xa1	; 161
    00001F0E 89                    8431 	.db #0x89	; 137
    00001F0F 98                    8432 	.db #0x98	; 152
    00001F10 AA                    8433 	.db #0xaa	; 170
    00001F11 AA                    8434 	.db #0xaa	; 170
    00001F12 AA                    8435 	.db #0xaa	; 170
    00001F13 AA                    8436 	.db #0xaa	; 170
    00001F14 AA                    8437 	.db #0xaa	; 170
    00001F15 AA                    8438 	.db #0xaa	; 170
    00001F16 AA                    8439 	.db #0xaa	; 170
    00001F17 A6                    8440 	.db #0xa6	; 166
    00001F18 66                    8441 	.db #0x66	; 102	'f'
    00001F19 AA                    8442 	.db #0xaa	; 170
    00001F1A AA                    8443 	.db #0xaa	; 170
    00001F1B 66                    8444 	.db #0x66	; 102	'f'
    00001F1C A6                    8445 	.db #0xa6	; 166
    00001F1D 66                    8446 	.db #0x66	; 102	'f'
    00001F1E A6                    8447 	.db #0xa6	; 166
    00001F1F AA                    8448 	.db #0xaa	; 170
    00001F20 AA                    8449 	.db #0xaa	; 170
    00001F21 66                    8450 	.db #0x66	; 102	'f'
    00001F22 6A                    8451 	.db #0x6a	; 106	'j'
    00001F23 AA                    8452 	.db #0xaa	; 170
    00001F24 AA                    8453 	.db #0xaa	; 170
    00001F25 AA                    8454 	.db #0xaa	; 170
    00001F26 AA                    8455 	.db #0xaa	; 170
    00001F27 AA                    8456 	.db #0xaa	; 170
    00001F28 AA                    8457 	.db #0xaa	; 170
    00001F29 A1                    8458 	.db #0xa1	; 161
    00001F2A 89                    8459 	.db #0x89	; 137
    00001F2B 98                    8460 	.db #0x98	; 152
    00001F2C AA                    8461 	.db #0xaa	; 170
    00001F2D AA                    8462 	.db #0xaa	; 170
    00001F2E AA                    8463 	.db #0xaa	; 170
    00001F2F AA                    8464 	.db #0xaa	; 170
    00001F30 AA                    8465 	.db #0xaa	; 170
    00001F31 AA                    8466 	.db #0xaa	; 170
    00001F32 AA                    8467 	.db #0xaa	; 170
    00001F33 AA                    8468 	.db #0xaa	; 170
    00001F34 AA                    8469 	.db #0xaa	; 170
    00001F35 A6                    8470 	.db #0xa6	; 166
    00001F36 6A                    8471 	.db #0x6a	; 106	'j'
    00001F37 AA                    8472 	.db #0xaa	; 170
    00001F38 66                    8473 	.db #0x66	; 102	'f'
    00001F39 6A                    8474 	.db #0x6a	; 106	'j'
    00001F3A AA                    8475 	.db #0xaa	; 170
    00001F3B AA                    8476 	.db #0xaa	; 170
    00001F3C AA                    8477 	.db #0xaa	; 170
    00001F3D 66                    8478 	.db #0x66	; 102	'f'
    00001F3E AA                    8479 	.db #0xaa	; 170
    00001F3F AA                    8480 	.db #0xaa	; 170
    00001F40 AA                    8481 	.db #0xaa	; 170
    00001F41 AA                    8482 	.db #0xaa	; 170
    00001F42 AA                    8483 	.db #0xaa	; 170
    00001F43 AA                    8484 	.db #0xaa	; 170
    00001F44 AA                    8485 	.db #0xaa	; 170
    00001F45 A1                    8486 	.db #0xa1	; 161
    00001F46 89                    8487 	.db #0x89	; 137
    00001F47 98                    8488 	.db #0x98	; 152
    00001F48 AA                    8489 	.db #0xaa	; 170
    00001F49 AA                    8490 	.db #0xaa	; 170
    00001F4A AA                    8491 	.db #0xaa	; 170
    00001F4B AA                    8492 	.db #0xaa	; 170
    00001F4C AA                    8493 	.db #0xaa	; 170
    00001F4D AA                    8494 	.db #0xaa	; 170
    00001F4E AA                    8495 	.db #0xaa	; 170
    00001F4F AA                    8496 	.db #0xaa	; 170
    00001F50 AA                    8497 	.db #0xaa	; 170
    00001F51 AA                    8498 	.db #0xaa	; 170
    00001F52 A6                    8499 	.db #0xa6	; 166
    00001F53 66                    8500 	.db #0x66	; 102	'f'
    00001F54 66                    8501 	.db #0x66	; 102	'f'
    00001F55 66                    8502 	.db #0x66	; 102	'f'
    00001F56 AA                    8503 	.db #0xaa	; 170
    00001F57 AA                    8504 	.db #0xaa	; 170
    00001F58 AA                    8505 	.db #0xaa	; 170
    00001F59 AA                    8506 	.db #0xaa	; 170
    00001F5A AA                    8507 	.db #0xaa	; 170
    00001F5B AA                    8508 	.db #0xaa	; 170
    00001F5C AA                    8509 	.db #0xaa	; 170
    00001F5D AA                    8510 	.db #0xaa	; 170
    00001F5E AA                    8511 	.db #0xaa	; 170
    00001F5F AA                    8512 	.db #0xaa	; 170
    00001F60 AA                    8513 	.db #0xaa	; 170
    00001F61 A1                    8514 	.db #0xa1	; 161
    00001F62 89                    8515 	.db #0x89	; 137
    00001F63 98                    8516 	.db #0x98	; 152
    00001F64 AA                    8517 	.db #0xaa	; 170
    00001F65 AA                    8518 	.db #0xaa	; 170
    00001F66 AA                    8519 	.db #0xaa	; 170
    00001F67 AA                    8520 	.db #0xaa	; 170
    00001F68 AA                    8521 	.db #0xaa	; 170
    00001F69 AA                    8522 	.db #0xaa	; 170
    00001F6A 66                    8523 	.db #0x66	; 102	'f'
    00001F6B 66                    8524 	.db #0x66	; 102	'f'
    00001F6C AA                    8525 	.db #0xaa	; 170
    00001F6D AA                    8526 	.db #0xaa	; 170
    00001F6E AA                    8527 	.db #0xaa	; 170
    00001F6F 66                    8528 	.db #0x66	; 102	'f'
    00001F70 6A                    8529 	.db #0x6a	; 106	'j'
    00001F71 AA                    8530 	.db #0xaa	; 170
    00001F72 AA                    8531 	.db #0xaa	; 170
    00001F73 AA                    8532 	.db #0xaa	; 170
    00001F74 A6                    8533 	.db #0xa6	; 166
    00001F75 66                    8534 	.db #0x66	; 102	'f'
    00001F76 AA                    8535 	.db #0xaa	; 170
    00001F77 AA                    8536 	.db #0xaa	; 170
    00001F78 AA                    8537 	.db #0xaa	; 170
    00001F79 AA                    8538 	.db #0xaa	; 170
    00001F7A AA                    8539 	.db #0xaa	; 170
    00001F7B AA                    8540 	.db #0xaa	; 170
    00001F7C AA                    8541 	.db #0xaa	; 170
    00001F7D A1                    8542 	.db #0xa1	; 161
    00001F7E 89                    8543 	.db #0x89	; 137
    00001F7F 98                    8544 	.db #0x98	; 152
    00001F80 AA                    8545 	.db #0xaa	; 170
    00001F81 AA                    8546 	.db #0xaa	; 170
    00001F82 AA                    8547 	.db #0xaa	; 170
    00001F83 AA                    8548 	.db #0xaa	; 170
    00001F84 AA                    8549 	.db #0xaa	; 170
    00001F85 AA                    8550 	.db #0xaa	; 170
    00001F86 AA                    8551 	.db #0xaa	; 170
    00001F87 A6                    8552 	.db #0xa6	; 166
    00001F88 66                    8553 	.db #0x66	; 102	'f'
    00001F89 AA                    8554 	.db #0xaa	; 170
    00001F8A AA                    8555 	.db #0xaa	; 170
    00001F8B 66                    8556 	.db #0x66	; 102	'f'
    00001F8C 6A                    8557 	.db #0x6a	; 106	'j'
    00001F8D AA                    8558 	.db #0xaa	; 170
    00001F8E AA                    8559 	.db #0xaa	; 170
    00001F8F AA                    8560 	.db #0xaa	; 170
    00001F90 AA                    8561 	.db #0xaa	; 170
    00001F91 66                    8562 	.db #0x66	; 102	'f'
    00001F92 6A                    8563 	.db #0x6a	; 106	'j'
    00001F93 AA                    8564 	.db #0xaa	; 170
    00001F94 AA                    8565 	.db #0xaa	; 170
    00001F95 AA                    8566 	.db #0xaa	; 170
    00001F96 AA                    8567 	.db #0xaa	; 170
    00001F97 AA                    8568 	.db #0xaa	; 170
    00001F98 AA                    8569 	.db #0xaa	; 170
    00001F99 A1                    8570 	.db #0xa1	; 161
    00001F9A 89                    8571 	.db #0x89	; 137
    00001F9B 98                    8572 	.db #0x98	; 152
    00001F9C AA                    8573 	.db #0xaa	; 170
    00001F9D AA                    8574 	.db #0xaa	; 170
    00001F9E AA                    8575 	.db #0xaa	; 170
    00001F9F AA                    8576 	.db #0xaa	; 170
    00001FA0 AA                    8577 	.db #0xaa	; 170
    00001FA1 AA                    8578 	.db #0xaa	; 170
    00001FA2 AA                    8579 	.db #0xaa	; 170
    00001FA3 AA                    8580 	.db #0xaa	; 170
    00001FA4 AA                    8581 	.db #0xaa	; 170
    00001FA5 AA                    8582 	.db #0xaa	; 170
    00001FA6 66                    8583 	.db #0x66	; 102	'f'
    00001FA7 AA                    8584 	.db #0xaa	; 170
    00001FA8 AA                    8585 	.db #0xaa	; 170
    00001FA9 66                    8586 	.db #0x66	; 102	'f'
    00001FAA 6A                    8587 	.db #0x6a	; 106	'j'
    00001FAB AA                    8588 	.db #0xaa	; 170
    00001FAC A6                    8589 	.db #0xa6	; 166
    00001FAD 66                    8590 	.db #0x66	; 102	'f'
    00001FAE AA                    8591 	.db #0xaa	; 170
    00001FAF AA                    8592 	.db #0xaa	; 170
    00001FB0 AA                    8593 	.db #0xaa	; 170
    00001FB1 AA                    8594 	.db #0xaa	; 170
    00001FB2 AA                    8595 	.db #0xaa	; 170
    00001FB3 AA                    8596 	.db #0xaa	; 170
    00001FB4 AA                    8597 	.db #0xaa	; 170
    00001FB5 A1                    8598 	.db #0xa1	; 161
    00001FB6 89                    8599 	.db #0x89	; 137
    00001FB7 98                    8600 	.db #0x98	; 152
    00001FB8 AA                    8601 	.db #0xaa	; 170
    00001FB9 AA                    8602 	.db #0xaa	; 170
    00001FBA AA                    8603 	.db #0xaa	; 170
    00001FBB AA                    8604 	.db #0xaa	; 170
    00001FBC AA                    8605 	.db #0xaa	; 170
    00001FBD AA                    8606 	.db #0xaa	; 170
    00001FBE AA                    8607 	.db #0xaa	; 170
    00001FBF AA                    8608 	.db #0xaa	; 170
    00001FC0 AA                    8609 	.db #0xaa	; 170
    00001FC1 A6                    8610 	.db #0xa6	; 166
    00001FC2 66                    8611 	.db #0x66	; 102	'f'
    00001FC3 6A                    8612 	.db #0x6a	; 106	'j'
    00001FC4 A6                    8613 	.db #0xa6	; 166
    00001FC5 66                    8614 	.db #0x66	; 102	'f'
    00001FC6 66                    8615 	.db #0x66	; 102	'f'
    00001FC7 6A                    8616 	.db #0x6a	; 106	'j'
    00001FC8 AA                    8617 	.db #0xaa	; 170
    00001FC9 AA                    8618 	.db #0xaa	; 170
    00001FCA AA                    8619 	.db #0xaa	; 170
    00001FCB AA                    8620 	.db #0xaa	; 170
    00001FCC AA                    8621 	.db #0xaa	; 170
    00001FCD AA                    8622 	.db #0xaa	; 170
    00001FCE AA                    8623 	.db #0xaa	; 170
    00001FCF AA                    8624 	.db #0xaa	; 170
    00001FD0 AA                    8625 	.db #0xaa	; 170
    00001FD1 A1                    8626 	.db #0xa1	; 161
    00001FD2 89                    8627 	.db #0x89	; 137
    00001FD3 98                    8628 	.db #0x98	; 152
    00001FD4 AA                    8629 	.db #0xaa	; 170
    00001FD5 AA                    8630 	.db #0xaa	; 170
    00001FD6 AA                    8631 	.db #0xaa	; 170
    00001FD7 AA                    8632 	.db #0xaa	; 170
    00001FD8 AA                    8633 	.db #0xaa	; 170
    00001FD9 AA                    8634 	.db #0xaa	; 170
    00001FDA 66                    8635 	.db #0x66	; 102	'f'
    00001FDB 6A                    8636 	.db #0x6a	; 106	'j'
    00001FDC AA                    8637 	.db #0xaa	; 170
    00001FDD AA                    8638 	.db #0xaa	; 170
    00001FDE 66                    8639 	.db #0x66	; 102	'f'
    00001FDF 6A                    8640 	.db #0x6a	; 106	'j'
    00001FE0 AA                    8641 	.db #0xaa	; 170
    00001FE1 AA                    8642 	.db #0xaa	; 170
    00001FE2 AA                    8643 	.db #0xaa	; 170
    00001FE3 AA                    8644 	.db #0xaa	; 170
    00001FE4 A6                    8645 	.db #0xa6	; 166
    00001FE5 66                    8646 	.db #0x66	; 102	'f'
    00001FE6 AA                    8647 	.db #0xaa	; 170
    00001FE7 AA                    8648 	.db #0xaa	; 170
    00001FE8 AA                    8649 	.db #0xaa	; 170
    00001FE9 AA                    8650 	.db #0xaa	; 170
    00001FEA AA                    8651 	.db #0xaa	; 170
    00001FEB AA                    8652 	.db #0xaa	; 170
    00001FEC AA                    8653 	.db #0xaa	; 170
    00001FED A1                    8654 	.db #0xa1	; 161
    00001FEE 89                    8655 	.db #0x89	; 137
    00001FEF 98                    8656 	.db #0x98	; 152
    00001FF0 AA                    8657 	.db #0xaa	; 170
    00001FF1 AA                    8658 	.db #0xaa	; 170
    00001FF2 AA                    8659 	.db #0xaa	; 170
    00001FF3 AA                    8660 	.db #0xaa	; 170
    00001FF4 AA                    8661 	.db #0xaa	; 170
    00001FF5 AA                    8662 	.db #0xaa	; 170
    00001FF6 A6                    8663 	.db #0xa6	; 166
    00001FF7 66                    8664 	.db #0x66	; 102	'f'
    00001FF8 66                    8665 	.db #0x66	; 102	'f'
    00001FF9 AA                    8666 	.db #0xaa	; 170
    00001FFA AA                    8667 	.db #0xaa	; 170
    00001FFB AA                    8668 	.db #0xaa	; 170
    00001FFC AA                    8669 	.db #0xaa	; 170
    00001FFD 6A                    8670 	.db #0x6a	; 106	'j'
    00001FFE 66                    8671 	.db #0x66	; 102	'f'
    00001FFF AA                    8672 	.db #0xaa	; 170
    00002000 AA                    8673 	.db #0xaa	; 170
    00002001 66                    8674 	.db #0x66	; 102	'f'
    00002002 66                    8675 	.db #0x66	; 102	'f'
    00002003 6A                    8676 	.db #0x6a	; 106	'j'
    00002004 AA                    8677 	.db #0xaa	; 170
    00002005 AA                    8678 	.db #0xaa	; 170
    00002006 AA                    8679 	.db #0xaa	; 170
    00002007 AA                    8680 	.db #0xaa	; 170
    00002008 AA                    8681 	.db #0xaa	; 170
    00002009 A1                    8682 	.db #0xa1	; 161
    0000200A 89                    8683 	.db #0x89	; 137
    0000200B 98                    8684 	.db #0x98	; 152
    0000200C AA                    8685 	.db #0xaa	; 170
    0000200D AA                    8686 	.db #0xaa	; 170
    0000200E AA                    8687 	.db #0xaa	; 170
    0000200F AA                    8688 	.db #0xaa	; 170
    00002010 AA                    8689 	.db #0xaa	; 170
    00002011 AA                    8690 	.db #0xaa	; 170
    00002012 AA                    8691 	.db #0xaa	; 170
    00002013 AA                    8692 	.db #0xaa	; 170
    00002014 AA                    8693 	.db #0xaa	; 170
    00002015 A6                    8694 	.db #0xa6	; 166
    00002016 66                    8695 	.db #0x66	; 102	'f'
    00002017 6A                    8696 	.db #0x6a	; 106	'j'
    00002018 AA                    8697 	.db #0xaa	; 170
    00002019 A6                    8698 	.db #0xa6	; 166
    0000201A AA                    8699 	.db #0xaa	; 170
    0000201B AA                    8700 	.db #0xaa	; 170
    0000201C A6                    8701 	.db #0xa6	; 166
    0000201D 66                    8702 	.db #0x66	; 102	'f'
    0000201E 66                    8703 	.db #0x66	; 102	'f'
    0000201F AA                    8704 	.db #0xaa	; 170
    00002020 AA                    8705 	.db #0xaa	; 170
    00002021 AA                    8706 	.db #0xaa	; 170
    00002022 AA                    8707 	.db #0xaa	; 170
    00002023 AA                    8708 	.db #0xaa	; 170
    00002024 AA                    8709 	.db #0xaa	; 170
    00002025 A1                    8710 	.db #0xa1	; 161
    00002026 89                    8711 	.db #0x89	; 137
    00002027 98                    8712 	.db #0x98	; 152
    00002028 AA                    8713 	.db #0xaa	; 170
    00002029 AA                    8714 	.db #0xaa	; 170
    0000202A AA                    8715 	.db #0xaa	; 170
    0000202B AA                    8716 	.db #0xaa	; 170
    0000202C AA                    8717 	.db #0xaa	; 170
    0000202D AA                    8718 	.db #0xaa	; 170
    0000202E AA                    8719 	.db #0xaa	; 170
    0000202F AA                    8720 	.db #0xaa	; 170
    00002030 66                    8721 	.db #0x66	; 102	'f'
    00002031 66                    8722 	.db #0x66	; 102	'f'
    00002032 6A                    8723 	.db #0x6a	; 106	'j'
    00002033 AA                    8724 	.db #0xaa	; 170
    00002034 AA                    8725 	.db #0xaa	; 170
    00002035 A6                    8726 	.db #0xa6	; 166
    00002036 66                    8727 	.db #0x66	; 102	'f'
    00002037 66                    8728 	.db #0x66	; 102	'f'
    00002038 66                    8729 	.db #0x66	; 102	'f'
    00002039 AA                    8730 	.db #0xaa	; 170
    0000203A AA                    8731 	.db #0xaa	; 170
    0000203B AA                    8732 	.db #0xaa	; 170
    0000203C AA                    8733 	.db #0xaa	; 170
    0000203D AA                    8734 	.db #0xaa	; 170
    0000203E AA                    8735 	.db #0xaa	; 170
    0000203F AA                    8736 	.db #0xaa	; 170
    00002040 AA                    8737 	.db #0xaa	; 170
    00002041 A1                    8738 	.db #0xa1	; 161
    00002042 89                    8739 	.db #0x89	; 137
    00002043 98                    8740 	.db #0x98	; 152
    00002044 AA                    8741 	.db #0xaa	; 170
    00002045 AA                    8742 	.db #0xaa	; 170
    00002046 AA                    8743 	.db #0xaa	; 170
    00002047 AA                    8744 	.db #0xaa	; 170
    00002048 AA                    8745 	.db #0xaa	; 170
    00002049 AA                    8746 	.db #0xaa	; 170
    0000204A AA                    8747 	.db #0xaa	; 170
    0000204B AA                    8748 	.db #0xaa	; 170
    0000204C AA                    8749 	.db #0xaa	; 170
    0000204D A6                    8750 	.db #0xa6	; 166
    0000204E 66                    8751 	.db #0x66	; 102	'f'
    0000204F AA                    8752 	.db #0xaa	; 170
    00002050 AA                    8753 	.db #0xaa	; 170
    00002051 AA                    8754 	.db #0xaa	; 170
    00002052 AA                    8755 	.db #0xaa	; 170
    00002053 AA                    8756 	.db #0xaa	; 170
    00002054 AA                    8757 	.db #0xaa	; 170
    00002055 AA                    8758 	.db #0xaa	; 170
    00002056 AA                    8759 	.db #0xaa	; 170
    00002057 AA                    8760 	.db #0xaa	; 170
    00002058 AA                    8761 	.db #0xaa	; 170
    00002059 AA                    8762 	.db #0xaa	; 170
    0000205A AA                    8763 	.db #0xaa	; 170
    0000205B AA                    8764 	.db #0xaa	; 170
    0000205C AA                    8765 	.db #0xaa	; 170
    0000205D A1                    8766 	.db #0xa1	; 161
    0000205E 89                    8767 	.db #0x89	; 137
    0000205F 98                    8768 	.db #0x98	; 152
    00002060 AA                    8769 	.db #0xaa	; 170
    00002061 AA                    8770 	.db #0xaa	; 170
    00002062 AA                    8771 	.db #0xaa	; 170
    00002063 AA                    8772 	.db #0xaa	; 170
    00002064 AA                    8773 	.db #0xaa	; 170
    00002065 AA                    8774 	.db #0xaa	; 170
    00002066 A6                    8775 	.db #0xa6	; 166
    00002067 66                    8776 	.db #0x66	; 102	'f'
    00002068 66                    8777 	.db #0x66	; 102	'f'
    00002069 66                    8778 	.db #0x66	; 102	'f'
    0000206A AA                    8779 	.db #0xaa	; 170
    0000206B 6A                    8780 	.db #0x6a	; 106	'j'
    0000206C A6                    8781 	.db #0xa6	; 166
    0000206D 66                    8782 	.db #0x66	; 102	'f'
    0000206E 6A                    8783 	.db #0x6a	; 106	'j'
    0000206F A6                    8784 	.db #0xa6	; 166
    00002070 66                    8785 	.db #0x66	; 102	'f'
    00002071 66                    8786 	.db #0x66	; 102	'f'
    00002072 66                    8787 	.db #0x66	; 102	'f'
    00002073 6A                    8788 	.db #0x6a	; 106	'j'
    00002074 AA                    8789 	.db #0xaa	; 170
    00002075 AA                    8790 	.db #0xaa	; 170
    00002076 AA                    8791 	.db #0xaa	; 170
    00002077 AA                    8792 	.db #0xaa	; 170
    00002078 AA                    8793 	.db #0xaa	; 170
    00002079 A1                    8794 	.db #0xa1	; 161
    0000207A 89                    8795 	.db #0x89	; 137
    0000207B 98                    8796 	.db #0x98	; 152
    0000207C AA                    8797 	.db #0xaa	; 170
    0000207D AA                    8798 	.db #0xaa	; 170
    0000207E AA                    8799 	.db #0xaa	; 170
    0000207F AA                    8800 	.db #0xaa	; 170
    00002080 AA                    8801 	.db #0xaa	; 170
    00002081 AA                    8802 	.db #0xaa	; 170
    00002082 66                    8803 	.db #0x66	; 102	'f'
    00002083 6A                    8804 	.db #0x6a	; 106	'j'
    00002084 66                    8805 	.db #0x66	; 102	'f'
    00002085 66                    8806 	.db #0x66	; 102	'f'
    00002086 66                    8807 	.db #0x66	; 102	'f'
    00002087 66                    8808 	.db #0x66	; 102	'f'
    00002088 AA                    8809 	.db #0xaa	; 170
    00002089 AA                    8810 	.db #0xaa	; 170
    0000208A AA                    8811 	.db #0xaa	; 170
    0000208B AA                    8812 	.db #0xaa	; 170
    0000208C A6                    8813 	.db #0xa6	; 166
    0000208D 66                    8814 	.db #0x66	; 102	'f'
    0000208E 66                    8815 	.db #0x66	; 102	'f'
    0000208F AA                    8816 	.db #0xaa	; 170
    00002090 AA                    8817 	.db #0xaa	; 170
    00002091 AA                    8818 	.db #0xaa	; 170
    00002092 AA                    8819 	.db #0xaa	; 170
    00002093 AA                    8820 	.db #0xaa	; 170
    00002094 AA                    8821 	.db #0xaa	; 170
    00002095 A1                    8822 	.db #0xa1	; 161
    00002096 89                    8823 	.db #0x89	; 137
    00002097 98                    8824 	.db #0x98	; 152
    00002098 AA                    8825 	.db #0xaa	; 170
    00002099 AA                    8826 	.db #0xaa	; 170
    0000209A AA                    8827 	.db #0xaa	; 170
    0000209B AA                    8828 	.db #0xaa	; 170
    0000209C AA                    8829 	.db #0xaa	; 170
    0000209D AA                    8830 	.db #0xaa	; 170
    0000209E AA                    8831 	.db #0xaa	; 170
    0000209F 6A                    8832 	.db #0x6a	; 106	'j'
    000020A0 66                    8833 	.db #0x66	; 102	'f'
    000020A1 66                    8834 	.db #0x66	; 102	'f'
    000020A2 AA                    8835 	.db #0xaa	; 170
    000020A3 AA                    8836 	.db #0xaa	; 170
    000020A4 AA                    8837 	.db #0xaa	; 170
    000020A5 AA                    8838 	.db #0xaa	; 170
    000020A6 AA                    8839 	.db #0xaa	; 170
    000020A7 66                    8840 	.db #0x66	; 102	'f'
    000020A8 66                    8841 	.db #0x66	; 102	'f'
    000020A9 A6                    8842 	.db #0xa6	; 166
    000020AA 66                    8843 	.db #0x66	; 102	'f'
    000020AB AA                    8844 	.db #0xaa	; 170
    000020AC AA                    8845 	.db #0xaa	; 170
    000020AD AA                    8846 	.db #0xaa	; 170
    000020AE AA                    8847 	.db #0xaa	; 170
    000020AF AA                    8848 	.db #0xaa	; 170
    000020B0 AA                    8849 	.db #0xaa	; 170
    000020B1 A1                    8850 	.db #0xa1	; 161
    000020B2 89                    8851 	.db #0x89	; 137
    000020B3 98                    8852 	.db #0x98	; 152
    000020B4 AA                    8853 	.db #0xaa	; 170
    000020B5 AA                    8854 	.db #0xaa	; 170
    000020B6 AA                    8855 	.db #0xaa	; 170
    000020B7 AA                    8856 	.db #0xaa	; 170
    000020B8 AA                    8857 	.db #0xaa	; 170
    000020B9 AA                    8858 	.db #0xaa	; 170
    000020BA AA                    8859 	.db #0xaa	; 170
    000020BB AA                    8860 	.db #0xaa	; 170
    000020BC 66                    8861 	.db #0x66	; 102	'f'
    000020BD 66                    8862 	.db #0x66	; 102	'f'
    000020BE AA                    8863 	.db #0xaa	; 170
    000020BF AA                    8864 	.db #0xaa	; 170
    000020C0 AA                    8865 	.db #0xaa	; 170
    000020C1 AA                    8866 	.db #0xaa	; 170
    000020C2 AA                    8867 	.db #0xaa	; 170
    000020C3 AA                    8868 	.db #0xaa	; 170
    000020C4 AA                    8869 	.db #0xaa	; 170
    000020C5 AA                    8870 	.db #0xaa	; 170
    000020C6 AA                    8871 	.db #0xaa	; 170
    000020C7 AA                    8872 	.db #0xaa	; 170
    000020C8 AA                    8873 	.db #0xaa	; 170
    000020C9 AA                    8874 	.db #0xaa	; 170
    000020CA AA                    8875 	.db #0xaa	; 170
    000020CB AA                    8876 	.db #0xaa	; 170
    000020CC AA                    8877 	.db #0xaa	; 170
    000020CD A1                    8878 	.db #0xa1	; 161
    000020CE 89                    8879 	.db #0x89	; 137
    000020CF 98                    8880 	.db #0x98	; 152
    000020D0 AA                    8881 	.db #0xaa	; 170
    000020D1 AA                    8882 	.db #0xaa	; 170
    000020D2 AA                    8883 	.db #0xaa	; 170
    000020D3 AA                    8884 	.db #0xaa	; 170
    000020D4 AA                    8885 	.db #0xaa	; 170
    000020D5 AA                    8886 	.db #0xaa	; 170
    000020D6 A6                    8887 	.db #0xa6	; 166
    000020D7 66                    8888 	.db #0x66	; 102	'f'
    000020D8 A6                    8889 	.db #0xa6	; 166
    000020D9 66                    8890 	.db #0x66	; 102	'f'
    000020DA AA                    8891 	.db #0xaa	; 170
    000020DB 66                    8892 	.db #0x66	; 102	'f'
    000020DC 66                    8893 	.db #0x66	; 102	'f'
    000020DD 66                    8894 	.db #0x66	; 102	'f'
    000020DE AA                    8895 	.db #0xaa	; 170
    000020DF 66                    8896 	.db #0x66	; 102	'f'
    000020E0 66                    8897 	.db #0x66	; 102	'f'
    000020E1 6A                    8898 	.db #0x6a	; 106	'j'
    000020E2 66                    8899 	.db #0x66	; 102	'f'
    000020E3 6A                    8900 	.db #0x6a	; 106	'j'
    000020E4 AA                    8901 	.db #0xaa	; 170
    000020E5 AA                    8902 	.db #0xaa	; 170
    000020E6 AA                    8903 	.db #0xaa	; 170
    000020E7 AA                    8904 	.db #0xaa	; 170
    000020E8 AA                    8905 	.db #0xaa	; 170
    000020E9 A1                    8906 	.db #0xa1	; 161
    000020EA 89                    8907 	.db #0x89	; 137
    000020EB 98                    8908 	.db #0x98	; 152
    000020EC AA                    8909 	.db #0xaa	; 170
    000020ED AA                    8910 	.db #0xaa	; 170
    000020EE AA                    8911 	.db #0xaa	; 170
    000020EF AA                    8912 	.db #0xaa	; 170
    000020F0 AA                    8913 	.db #0xaa	; 170
    000020F1 AA                    8914 	.db #0xaa	; 170
    000020F2 66                    8915 	.db #0x66	; 102	'f'
    000020F3 66                    8916 	.db #0x66	; 102	'f'
    000020F4 66                    8917 	.db #0x66	; 102	'f'
    000020F5 66                    8918 	.db #0x66	; 102	'f'
    000020F6 66                    8919 	.db #0x66	; 102	'f'
    000020F7 66                    8920 	.db #0x66	; 102	'f'
    000020F8 66                    8921 	.db #0x66	; 102	'f'
    000020F9 AA                    8922 	.db #0xaa	; 170
    000020FA AA                    8923 	.db #0xaa	; 170
    000020FB 66                    8924 	.db #0x66	; 102	'f'
    000020FC 66                    8925 	.db #0x66	; 102	'f'
    000020FD A6                    8926 	.db #0xa6	; 166
    000020FE 66                    8927 	.db #0x66	; 102	'f'
    000020FF AA                    8928 	.db #0xaa	; 170
    00002100 AA                    8929 	.db #0xaa	; 170
    00002101 AA                    8930 	.db #0xaa	; 170
    00002102 AA                    8931 	.db #0xaa	; 170
    00002103 AA                    8932 	.db #0xaa	; 170
    00002104 AA                    8933 	.db #0xaa	; 170
    00002105 A1                    8934 	.db #0xa1	; 161
    00002106 89                    8935 	.db #0x89	; 137
    00002107 98                    8936 	.db #0x98	; 152
    00002108 AA                    8937 	.db #0xaa	; 170
    00002109 AA                    8938 	.db #0xaa	; 170
    0000210A AA                    8939 	.db #0xaa	; 170
    0000210B AA                    8940 	.db #0xaa	; 170
    0000210C AA                    8941 	.db #0xaa	; 170
    0000210D AA                    8942 	.db #0xaa	; 170
    0000210E 66                    8943 	.db #0x66	; 102	'f'
    0000210F 66                    8944 	.db #0x66	; 102	'f'
    00002110 6A                    8945 	.db #0x6a	; 106	'j'
    00002111 AA                    8946 	.db #0xaa	; 170
    00002112 AA                    8947 	.db #0xaa	; 170
    00002113 AA                    8948 	.db #0xaa	; 170
    00002114 AA                    8949 	.db #0xaa	; 170
    00002115 AA                    8950 	.db #0xaa	; 170
    00002116 AA                    8951 	.db #0xaa	; 170
    00002117 AA                    8952 	.db #0xaa	; 170
    00002118 A6                    8953 	.db #0xa6	; 166
    00002119 66                    8954 	.db #0x66	; 102	'f'
    0000211A 66                    8955 	.db #0x66	; 102	'f'
    0000211B AA                    8956 	.db #0xaa	; 170
    0000211C AA                    8957 	.db #0xaa	; 170
    0000211D AA                    8958 	.db #0xaa	; 170
    0000211E AA                    8959 	.db #0xaa	; 170
    0000211F AA                    8960 	.db #0xaa	; 170
    00002120 AA                    8961 	.db #0xaa	; 170
    00002121 A1                    8962 	.db #0xa1	; 161
    00002122 89                    8963 	.db #0x89	; 137
    00002123 98                    8964 	.db #0x98	; 152
    00002124 AA                    8965 	.db #0xaa	; 170
    00002125 AA                    8966 	.db #0xaa	; 170
    00002126 AA                    8967 	.db #0xaa	; 170
    00002127 AA                    8968 	.db #0xaa	; 170
    00002128 AA                    8969 	.db #0xaa	; 170
    00002129 AA                    8970 	.db #0xaa	; 170
    0000212A AA                    8971 	.db #0xaa	; 170
    0000212B AA                    8972 	.db #0xaa	; 170
    0000212C 66                    8973 	.db #0x66	; 102	'f'
    0000212D 66                    8974 	.db #0x66	; 102	'f'
    0000212E AA                    8975 	.db #0xaa	; 170
    0000212F AA                    8976 	.db #0xaa	; 170
    00002130 AA                    8977 	.db #0xaa	; 170
    00002131 AA                    8978 	.db #0xaa	; 170
    00002132 AA                    8979 	.db #0xaa	; 170
    00002133 AA                    8980 	.db #0xaa	; 170
    00002134 AA                    8981 	.db #0xaa	; 170
    00002135 AA                    8982 	.db #0xaa	; 170
    00002136 AA                    8983 	.db #0xaa	; 170
    00002137 AA                    8984 	.db #0xaa	; 170
    00002138 AA                    8985 	.db #0xaa	; 170
    00002139 AA                    8986 	.db #0xaa	; 170
    0000213A AA                    8987 	.db #0xaa	; 170
    0000213B AA                    8988 	.db #0xaa	; 170
    0000213C AA                    8989 	.db #0xaa	; 170
    0000213D A1                    8990 	.db #0xa1	; 161
    0000213E 89                    8991 	.db #0x89	; 137
    0000213F 98                    8992 	.db #0x98	; 152
    00002140 AA                    8993 	.db #0xaa	; 170
    00002141 AA                    8994 	.db #0xaa	; 170
    00002142 AA                    8995 	.db #0xaa	; 170
    00002143 AA                    8996 	.db #0xaa	; 170
    00002144 AA                    8997 	.db #0xaa	; 170
    00002145 AA                    8998 	.db #0xaa	; 170
    00002146 AA                    8999 	.db #0xaa	; 170
    00002147 AA                    9000 	.db #0xaa	; 170
    00002148 AA                    9001 	.db #0xaa	; 170
    00002149 A6                    9002 	.db #0xa6	; 166
    0000214A 6A                    9003 	.db #0x6a	; 106	'j'
    0000214B A6                    9004 	.db #0xa6	; 166
    0000214C 6A                    9005 	.db #0x6a	; 106	'j'
    0000214D AA                    9006 	.db #0xaa	; 170
    0000214E AA                    9007 	.db #0xaa	; 170
    0000214F 66                    9008 	.db #0x66	; 102	'f'
    00002150 AA                    9009 	.db #0xaa	; 170
    00002151 AA                    9010 	.db #0xaa	; 170
    00002152 AA                    9011 	.db #0xaa	; 170
    00002153 AA                    9012 	.db #0xaa	; 170
    00002154 AA                    9013 	.db #0xaa	; 170
    00002155 AA                    9014 	.db #0xaa	; 170
    00002156 AA                    9015 	.db #0xaa	; 170
    00002157 AA                    9016 	.db #0xaa	; 170
    00002158 AA                    9017 	.db #0xaa	; 170
    00002159 A1                    9018 	.db #0xa1	; 161
    0000215A 89                    9019 	.db #0x89	; 137
    0000215B 98                    9020 	.db #0x98	; 152
    0000215C AA                    9021 	.db #0xaa	; 170
    0000215D AA                    9022 	.db #0xaa	; 170
    0000215E AA                    9023 	.db #0xaa	; 170
    0000215F AA                    9024 	.db #0xaa	; 170
    00002160 AA                    9025 	.db #0xaa	; 170
    00002161 AA                    9026 	.db #0xaa	; 170
    00002162 66                    9027 	.db #0x66	; 102	'f'
    00002163 66                    9028 	.db #0x66	; 102	'f'
    00002164 6A                    9029 	.db #0x6a	; 106	'j'
    00002165 AA                    9030 	.db #0xaa	; 170
    00002166 A6                    9031 	.db #0xa6	; 166
    00002167 66                    9032 	.db #0x66	; 102	'f'
    00002168 66                    9033 	.db #0x66	; 102	'f'
    00002169 66                    9034 	.db #0x66	; 102	'f'
    0000216A 66                    9035 	.db #0x66	; 102	'f'
    0000216B 66                    9036 	.db #0x66	; 102	'f'
    0000216C 66                    9037 	.db #0x66	; 102	'f'
    0000216D AA                    9038 	.db #0xaa	; 170
    0000216E AA                    9039 	.db #0xaa	; 170
    0000216F AA                    9040 	.db #0xaa	; 170
    00002170 AA                    9041 	.db #0xaa	; 170
    00002171 AA                    9042 	.db #0xaa	; 170
    00002172 AA                    9043 	.db #0xaa	; 170
    00002173 AA                    9044 	.db #0xaa	; 170
    00002174 AA                    9045 	.db #0xaa	; 170
    00002175 A1                    9046 	.db #0xa1	; 161
    00002176 89                    9047 	.db #0x89	; 137
    00002177 98                    9048 	.db #0x98	; 152
    00002178 AA                    9049 	.db #0xaa	; 170
    00002179 AA                    9050 	.db #0xaa	; 170
    0000217A AA                    9051 	.db #0xaa	; 170
    0000217B AA                    9052 	.db #0xaa	; 170
    0000217C AA                    9053 	.db #0xaa	; 170
    0000217D AA                    9054 	.db #0xaa	; 170
    0000217E 66                    9055 	.db #0x66	; 102	'f'
    0000217F 66                    9056 	.db #0x66	; 102	'f'
    00002180 6A                    9057 	.db #0x6a	; 106	'j'
    00002181 AA                    9058 	.db #0xaa	; 170
    00002182 AA                    9059 	.db #0xaa	; 170
    00002183 AA                    9060 	.db #0xaa	; 170
    00002184 AA                    9061 	.db #0xaa	; 170
    00002185 AA                    9062 	.db #0xaa	; 170
    00002186 AA                    9063 	.db #0xaa	; 170
    00002187 AA                    9064 	.db #0xaa	; 170
    00002188 A6                    9065 	.db #0xa6	; 166
    00002189 66                    9066 	.db #0x66	; 102	'f'
    0000218A 66                    9067 	.db #0x66	; 102	'f'
    0000218B AA                    9068 	.db #0xaa	; 170
    0000218C AA                    9069 	.db #0xaa	; 170
    0000218D AA                    9070 	.db #0xaa	; 170
    0000218E AA                    9071 	.db #0xaa	; 170
    0000218F AA                    9072 	.db #0xaa	; 170
    00002190 AA                    9073 	.db #0xaa	; 170
    00002191 A1                    9074 	.db #0xa1	; 161
    00002192 89                    9075 	.db #0x89	; 137
    00002193 98                    9076 	.db #0x98	; 152
    00002194 AA                    9077 	.db #0xaa	; 170
    00002195 AA                    9078 	.db #0xaa	; 170
    00002196 AA                    9079 	.db #0xaa	; 170
    00002197 AA                    9080 	.db #0xaa	; 170
    00002198 AA                    9081 	.db #0xaa	; 170
    00002199 AA                    9082 	.db #0xaa	; 170
    0000219A 66                    9083 	.db #0x66	; 102	'f'
    0000219B 6A                    9084 	.db #0x6a	; 106	'j'
    0000219C 6A                    9085 	.db #0x6a	; 106	'j'
    0000219D AA                    9086 	.db #0xaa	; 170
    0000219E AA                    9087 	.db #0xaa	; 170
    0000219F AA                    9088 	.db #0xaa	; 170
    000021A0 AA                    9089 	.db #0xaa	; 170
    000021A1 AA                    9090 	.db #0xaa	; 170
    000021A2 AA                    9091 	.db #0xaa	; 170
    000021A3 AA                    9092 	.db #0xaa	; 170
    000021A4 AA                    9093 	.db #0xaa	; 170
    000021A5 AA                    9094 	.db #0xaa	; 170
    000021A6 AA                    9095 	.db #0xaa	; 170
    000021A7 AA                    9096 	.db #0xaa	; 170
    000021A8 AA                    9097 	.db #0xaa	; 170
    000021A9 AA                    9098 	.db #0xaa	; 170
    000021AA AA                    9099 	.db #0xaa	; 170
    000021AB AA                    9100 	.db #0xaa	; 170
    000021AC AA                    9101 	.db #0xaa	; 170
    000021AD A1                    9102 	.db #0xa1	; 161
    000021AE 89                    9103 	.db #0x89	; 137
    000021AF 98                    9104 	.db #0x98	; 152
    000021B0 AA                    9105 	.db #0xaa	; 170
    000021B1 AA                    9106 	.db #0xaa	; 170
    000021B2 AA                    9107 	.db #0xaa	; 170
    000021B3 AA                    9108 	.db #0xaa	; 170
    000021B4 AA                    9109 	.db #0xaa	; 170
    000021B5 AA                    9110 	.db #0xaa	; 170
    000021B6 AA                    9111 	.db #0xaa	; 170
    000021B7 AA                    9112 	.db #0xaa	; 170
    000021B8 AA                    9113 	.db #0xaa	; 170
    000021B9 AA                    9114 	.db #0xaa	; 170
    000021BA 66                    9115 	.db #0x66	; 102	'f'
    000021BB AA                    9116 	.db #0xaa	; 170
    000021BC AA                    9117 	.db #0xaa	; 170
    000021BD AA                    9118 	.db #0xaa	; 170
    000021BE 66                    9119 	.db #0x66	; 102	'f'
    000021BF 6A                    9120 	.db #0x6a	; 106	'j'
    000021C0 AA                    9121 	.db #0xaa	; 170
    000021C1 AA                    9122 	.db #0xaa	; 170
    000021C2 AA                    9123 	.db #0xaa	; 170
    000021C3 AA                    9124 	.db #0xaa	; 170
    000021C4 AA                    9125 	.db #0xaa	; 170
    000021C5 AA                    9126 	.db #0xaa	; 170
    000021C6 AA                    9127 	.db #0xaa	; 170
    000021C7 AA                    9128 	.db #0xaa	; 170
    000021C8 AA                    9129 	.db #0xaa	; 170
    000021C9 A1                    9130 	.db #0xa1	; 161
    000021CA 89                    9131 	.db #0x89	; 137
    000021CB 98                    9132 	.db #0x98	; 152
    000021CC AA                    9133 	.db #0xaa	; 170
    000021CD AA                    9134 	.db #0xaa	; 170
    000021CE AA                    9135 	.db #0xaa	; 170
    000021CF AA                    9136 	.db #0xaa	; 170
    000021D0 AA                    9137 	.db #0xaa	; 170
    000021D1 AA                    9138 	.db #0xaa	; 170
    000021D2 AA                    9139 	.db #0xaa	; 170
    000021D3 66                    9140 	.db #0x66	; 102	'f'
    000021D4 6A                    9141 	.db #0x6a	; 106	'j'
    000021D5 AA                    9142 	.db #0xaa	; 170
    000021D6 AA                    9143 	.db #0xaa	; 170
    000021D7 66                    9144 	.db #0x66	; 102	'f'
    000021D8 66                    9145 	.db #0x66	; 102	'f'
    000021D9 66                    9146 	.db #0x66	; 102	'f'
    000021DA 66                    9147 	.db #0x66	; 102	'f'
    000021DB 6A                    9148 	.db #0x6a	; 106	'j'
    000021DC AA                    9149 	.db #0xaa	; 170
    000021DD AA                    9150 	.db #0xaa	; 170
    000021DE AA                    9151 	.db #0xaa	; 170
    000021DF AA                    9152 	.db #0xaa	; 170
    000021E0 AA                    9153 	.db #0xaa	; 170
    000021E1 AA                    9154 	.db #0xaa	; 170
    000021E2 AA                    9155 	.db #0xaa	; 170
    000021E3 AA                    9156 	.db #0xaa	; 170
    000021E4 AA                    9157 	.db #0xaa	; 170
    000021E5 A1                    9158 	.db #0xa1	; 161
    000021E6 89                    9159 	.db #0x89	; 137
    000021E7 98                    9160 	.db #0x98	; 152
    000021E8 AA                    9161 	.db #0xaa	; 170
    000021E9 AA                    9162 	.db #0xaa	; 170
    000021EA AA                    9163 	.db #0xaa	; 170
    000021EB AA                    9164 	.db #0xaa	; 170
    000021EC AA                    9165 	.db #0xaa	; 170
    000021ED AA                    9166 	.db #0xaa	; 170
    000021EE 66                    9167 	.db #0x66	; 102	'f'
    000021EF 66                    9168 	.db #0x66	; 102	'f'
    000021F0 6A                    9169 	.db #0x6a	; 106	'j'
    000021F1 AA                    9170 	.db #0xaa	; 170
    000021F2 AA                    9171 	.db #0xaa	; 170
    000021F3 AA                    9172 	.db #0xaa	; 170
    000021F4 AA                    9173 	.db #0xaa	; 170
    000021F5 AA                    9174 	.db #0xaa	; 170
    000021F6 AA                    9175 	.db #0xaa	; 170
    000021F7 AA                    9176 	.db #0xaa	; 170
    000021F8 A6                    9177 	.db #0xa6	; 166
    000021F9 66                    9178 	.db #0x66	; 102	'f'
    000021FA AA                    9179 	.db #0xaa	; 170
    000021FB AA                    9180 	.db #0xaa	; 170
    000021FC AA                    9181 	.db #0xaa	; 170
    000021FD AA                    9182 	.db #0xaa	; 170
    000021FE AA                    9183 	.db #0xaa	; 170
    000021FF AA                    9184 	.db #0xaa	; 170
    00002200 AA                    9185 	.db #0xaa	; 170
    00002201 A1                    9186 	.db #0xa1	; 161
    00002202 89                    9187 	.db #0x89	; 137
    00002203 98                    9188 	.db #0x98	; 152
    00002204 AA                    9189 	.db #0xaa	; 170
    00002205 AA                    9190 	.db #0xaa	; 170
    00002206 AA                    9191 	.db #0xaa	; 170
    00002207 AA                    9192 	.db #0xaa	; 170
    00002208 AA                    9193 	.db #0xaa	; 170
    00002209 AA                    9194 	.db #0xaa	; 170
    0000220A 66                    9195 	.db #0x66	; 102	'f'
    0000220B 66                    9196 	.db #0x66	; 102	'f'
    0000220C 6A                    9197 	.db #0x6a	; 106	'j'
    0000220D AA                    9198 	.db #0xaa	; 170
    0000220E AA                    9199 	.db #0xaa	; 170
    0000220F AA                    9200 	.db #0xaa	; 170
    00002210 AA                    9201 	.db #0xaa	; 170
    00002211 AA                    9202 	.db #0xaa	; 170
    00002212 AA                    9203 	.db #0xaa	; 170
    00002213 AA                    9204 	.db #0xaa	; 170
    00002214 AA                    9205 	.db #0xaa	; 170
    00002215 11                    9206 	.db #0x11	; 17
    00002216 11                    9207 	.db #0x11	; 17
    00002217 11                    9208 	.db #0x11	; 17
    00002218 11                    9209 	.db #0x11	; 17
    00002219 1A                    9210 	.db #0x1a	; 26
    0000221A AA                    9211 	.db #0xaa	; 170
    0000221B AA                    9212 	.db #0xaa	; 170
    0000221C AA                    9213 	.db #0xaa	; 170
    0000221D A1                    9214 	.db #0xa1	; 161
    0000221E 89                    9215 	.db #0x89	; 137
    0000221F 98                    9216 	.db #0x98	; 152
    00002220 AA                    9217 	.db #0xaa	; 170
    00002221 AA                    9218 	.db #0xaa	; 170
    00002222 AA                    9219 	.db #0xaa	; 170
    00002223 AA                    9220 	.db #0xaa	; 170
    00002224 AA                    9221 	.db #0xaa	; 170
    00002225 AA                    9222 	.db #0xaa	; 170
    00002226 AA                    9223 	.db #0xaa	; 170
    00002227 AA                    9224 	.db #0xaa	; 170
    00002228 AA                    9225 	.db #0xaa	; 170
    00002229 AA                    9226 	.db #0xaa	; 170
    0000222A 66                    9227 	.db #0x66	; 102	'f'
    0000222B AA                    9228 	.db #0xaa	; 170
    0000222C AA                    9229 	.db #0xaa	; 170
    0000222D AA                    9230 	.db #0xaa	; 170
    0000222E 66                    9231 	.db #0x66	; 102	'f'
    0000222F 66                    9232 	.db #0x66	; 102	'f'
    00002230 AA                    9233 	.db #0xaa	; 170
    00002231 AA                    9234 	.db #0xaa	; 170
    00002232 AA                    9235 	.db #0xaa	; 170
    00002233 AA                    9236 	.db #0xaa	; 170
    00002234 AA                    9237 	.db #0xaa	; 170
    00002235 AA                    9238 	.db #0xaa	; 170
    00002236 AA                    9239 	.db #0xaa	; 170
    00002237 AA                    9240 	.db #0xaa	; 170
    00002238 AA                    9241 	.db #0xaa	; 170
    00002239 A1                    9242 	.db #0xa1	; 161
    0000223A 89                    9243 	.db #0x89	; 137
    0000223B 98                    9244 	.db #0x98	; 152
    0000223C AA                    9245 	.db #0xaa	; 170
    0000223D AA                    9246 	.db #0xaa	; 170
    0000223E AA                    9247 	.db #0xaa	; 170
    0000223F AA                    9248 	.db #0xaa	; 170
    00002240 AA                    9249 	.db #0xaa	; 170
    00002241 AA                    9250 	.db #0xaa	; 170
    00002242 AA                    9251 	.db #0xaa	; 170
    00002243 66                    9252 	.db #0x66	; 102	'f'
    00002244 6A                    9253 	.db #0x6a	; 106	'j'
    00002245 AA                    9254 	.db #0xaa	; 170
    00002246 AA                    9255 	.db #0xaa	; 170
    00002247 AA                    9256 	.db #0xaa	; 170
    00002248 66                    9257 	.db #0x66	; 102	'f'
    00002249 66                    9258 	.db #0x66	; 102	'f'
    0000224A AA                    9259 	.db #0xaa	; 170
    0000224B AA                    9260 	.db #0xaa	; 170
    0000224C AA                    9261 	.db #0xaa	; 170
    0000224D AA                    9262 	.db #0xaa	; 170
    0000224E AA                    9263 	.db #0xaa	; 170
    0000224F AA                    9264 	.db #0xaa	; 170
    00002250 AA                    9265 	.db #0xaa	; 170
    00002251 AA                    9266 	.db #0xaa	; 170
    00002252 AA                    9267 	.db #0xaa	; 170
    00002253 AA                    9268 	.db #0xaa	; 170
    00002254 AA                    9269 	.db #0xaa	; 170
    00002255 A1                    9270 	.db #0xa1	; 161
    00002256 89                    9271 	.db #0x89	; 137
    00002257 98                    9272 	.db #0x98	; 152
    00002258 AA                    9273 	.db #0xaa	; 170
    00002259 AA                    9274 	.db #0xaa	; 170
    0000225A AA                    9275 	.db #0xaa	; 170
    0000225B AA                    9276 	.db #0xaa	; 170
    0000225C AA                    9277 	.db #0xaa	; 170
    0000225D AA                    9278 	.db #0xaa	; 170
    0000225E AA                    9279 	.db #0xaa	; 170
    0000225F 66                    9280 	.db #0x66	; 102	'f'
    00002260 AA                    9281 	.db #0xaa	; 170
    00002261 AA                    9282 	.db #0xaa	; 170
    00002262 AA                    9283 	.db #0xaa	; 170
    00002263 AA                    9284 	.db #0xaa	; 170
    00002264 AA                    9285 	.db #0xaa	; 170
    00002265 AA                    9286 	.db #0xaa	; 170
    00002266 AA                    9287 	.db #0xaa	; 170
    00002267 AA                    9288 	.db #0xaa	; 170
    00002268 AA                    9289 	.db #0xaa	; 170
    00002269 66                    9290 	.db #0x66	; 102	'f'
    0000226A AA                    9291 	.db #0xaa	; 170
    0000226B AA                    9292 	.db #0xaa	; 170
    0000226C AA                    9293 	.db #0xaa	; 170
    0000226D AA                    9294 	.db #0xaa	; 170
    0000226E AA                    9295 	.db #0xaa	; 170
    0000226F AA                    9296 	.db #0xaa	; 170
    00002270 AA                    9297 	.db #0xaa	; 170
    00002271 A1                    9298 	.db #0xa1	; 161
    00002272 89                    9299 	.db #0x89	; 137
    00002273 98                    9300 	.db #0x98	; 152
    00002274 AA                    9301 	.db #0xaa	; 170
    00002275 AA                    9302 	.db #0xaa	; 170
    00002276 AA                    9303 	.db #0xaa	; 170
    00002277 AA                    9304 	.db #0xaa	; 170
    00002278 AA                    9305 	.db #0xaa	; 170
    00002279 AA                    9306 	.db #0xaa	; 170
    0000227A 66                    9307 	.db #0x66	; 102	'f'
    0000227B 66                    9308 	.db #0x66	; 102	'f'
    0000227C 6A                    9309 	.db #0x6a	; 106	'j'
    0000227D AA                    9310 	.db #0xaa	; 170
    0000227E AA                    9311 	.db #0xaa	; 170
    0000227F AA                    9312 	.db #0xaa	; 170
    00002280 AA                    9313 	.db #0xaa	; 170
    00002281 AA                    9314 	.db #0xaa	; 170
    00002282 AA                    9315 	.db #0xaa	; 170
    00002283 11                    9316 	.db #0x11	; 17
    00002284 11                    9317 	.db #0x11	; 17
    00002285 11                    9318 	.db #0x11	; 17
    00002286 11                    9319 	.db #0x11	; 17
    00002287 11                    9320 	.db #0x11	; 17
    00002288 11                    9321 	.db #0x11	; 17
    00002289 11                    9322 	.db #0x11	; 17
    0000228A 11                    9323 	.db #0x11	; 17
    0000228B AA                    9324 	.db #0xaa	; 170
    0000228C AA                    9325 	.db #0xaa	; 170
    0000228D A1                    9326 	.db #0xa1	; 161
    0000228E 89                    9327 	.db #0x89	; 137
    0000228F 98                    9328 	.db #0x98	; 152
    00002290 AA                    9329 	.db #0xaa	; 170
    00002291 AA                    9330 	.db #0xaa	; 170
    00002292 AA                    9331 	.db #0xaa	; 170
    00002293 AA                    9332 	.db #0xaa	; 170
    00002294 AA                    9333 	.db #0xaa	; 170
    00002295 AA                    9334 	.db #0xaa	; 170
    00002296 A6                    9335 	.db #0xa6	; 166
    00002297 66                    9336 	.db #0x66	; 102	'f'
    00002298 A6                    9337 	.db #0xa6	; 166
    00002299 66                    9338 	.db #0x66	; 102	'f'
    0000229A 66                    9339 	.db #0x66	; 102	'f'
    0000229B 66                    9340 	.db #0x66	; 102	'f'
    0000229C 66                    9341 	.db #0x66	; 102	'f'
    0000229D 66                    9342 	.db #0x66	; 102	'f'
    0000229E 66                    9343 	.db #0x66	; 102	'f'
    0000229F 66                    9344 	.db #0x66	; 102	'f'
    000022A0 66                    9345 	.db #0x66	; 102	'f'
    000022A1 6A                    9346 	.db #0x6a	; 106	'j'
    000022A2 66                    9347 	.db #0x66	; 102	'f'
    000022A3 6A                    9348 	.db #0x6a	; 106	'j'
    000022A4 AA                    9349 	.db #0xaa	; 170
    000022A5 AA                    9350 	.db #0xaa	; 170
    000022A6 AA                    9351 	.db #0xaa	; 170
    000022A7 AA                    9352 	.db #0xaa	; 170
    000022A8 AA                    9353 	.db #0xaa	; 170
    000022A9 A1                    9354 	.db #0xa1	; 161
    000022AA 89                    9355 	.db #0x89	; 137
    000022AB 98                    9356 	.db #0x98	; 152
    000022AC AA                    9357 	.db #0xaa	; 170
    000022AD AA                    9358 	.db #0xaa	; 170
    000022AE AA                    9359 	.db #0xaa	; 170
    000022AF AA                    9360 	.db #0xaa	; 170
    000022B0 AA                    9361 	.db #0xaa	; 170
    000022B1 AA                    9362 	.db #0xaa	; 170
    000022B2 AA                    9363 	.db #0xaa	; 170
    000022B3 AA                    9364 	.db #0xaa	; 170
    000022B4 AA                    9365 	.db #0xaa	; 170
    000022B5 AA                    9366 	.db #0xaa	; 170
    000022B6 AA                    9367 	.db #0xaa	; 170
    000022B7 AA                    9368 	.db #0xaa	; 170
    000022B8 AA                    9369 	.db #0xaa	; 170
    000022B9 66                    9370 	.db #0x66	; 102	'f'
    000022BA 66                    9371 	.db #0x66	; 102	'f'
    000022BB 6A                    9372 	.db #0x6a	; 106	'j'
    000022BC AA                    9373 	.db #0xaa	; 170
    000022BD A6                    9374 	.db #0xa6	; 166
    000022BE 66                    9375 	.db #0x66	; 102	'f'
    000022BF AA                    9376 	.db #0xaa	; 170
    000022C0 AA                    9377 	.db #0xaa	; 170
    000022C1 AA                    9378 	.db #0xaa	; 170
    000022C2 AA                    9379 	.db #0xaa	; 170
    000022C3 AA                    9380 	.db #0xaa	; 170
    000022C4 AA                    9381 	.db #0xaa	; 170
    000022C5 A1                    9382 	.db #0xa1	; 161
    000022C6 89                    9383 	.db #0x89	; 137
    000022C7 98                    9384 	.db #0x98	; 152
    000022C8 AA                    9385 	.db #0xaa	; 170
    000022C9 AA                    9386 	.db #0xaa	; 170
    000022CA AA                    9387 	.db #0xaa	; 170
    000022CB AA                    9388 	.db #0xaa	; 170
    000022CC AA                    9389 	.db #0xaa	; 170
    000022CD AA                    9390 	.db #0xaa	; 170
    000022CE AA                    9391 	.db #0xaa	; 170
    000022CF AA                    9392 	.db #0xaa	; 170
    000022D0 AA                    9393 	.db #0xaa	; 170
    000022D1 AA                    9394 	.db #0xaa	; 170
    000022D2 AA                    9395 	.db #0xaa	; 170
    000022D3 AA                    9396 	.db #0xaa	; 170
    000022D4 11                    9397 	.db #0x11	; 17
    000022D5 11                    9398 	.db #0x11	; 17
    000022D6 11                    9399 	.db #0x11	; 17
    000022D7 11                    9400 	.db #0x11	; 17
    000022D8 11                    9401 	.db #0x11	; 17
    000022D9 AA                    9402 	.db #0xaa	; 170
    000022DA AA                    9403 	.db #0xaa	; 170
    000022DB AA                    9404 	.db #0xaa	; 170
    000022DC AA                    9405 	.db #0xaa	; 170
    000022DD AA                    9406 	.db #0xaa	; 170
    000022DE AA                    9407 	.db #0xaa	; 170
    000022DF AA                    9408 	.db #0xaa	; 170
    000022E0 AA                    9409 	.db #0xaa	; 170
    000022E1 A1                    9410 	.db #0xa1	; 161
    000022E2 89                    9411 	.db #0x89	; 137
    000022E3 98                    9412 	.db #0x98	; 152
    000022E4 AA                    9413 	.db #0xaa	; 170
    000022E5 AA                    9414 	.db #0xaa	; 170
    000022E6 AA                    9415 	.db #0xaa	; 170
    000022E7 AA                    9416 	.db #0xaa	; 170
    000022E8 AA                    9417 	.db #0xaa	; 170
    000022E9 AA                    9418 	.db #0xaa	; 170
    000022EA AA                    9419 	.db #0xaa	; 170
    000022EB 66                    9420 	.db #0x66	; 102	'f'
    000022EC AA                    9421 	.db #0xaa	; 170
    000022ED AA                    9422 	.db #0xaa	; 170
    000022EE AA                    9423 	.db #0xaa	; 170
    000022EF AA                    9424 	.db #0xaa	; 170
    000022F0 AA                    9425 	.db #0xaa	; 170
    000022F1 11                    9426 	.db #0x11	; 17
    000022F2 11                    9427 	.db #0x11	; 17
    000022F3 11                    9428 	.db #0x11	; 17
    000022F4 11                    9429 	.db #0x11	; 17
    000022F5 11                    9430 	.db #0x11	; 17
    000022F6 11                    9431 	.db #0x11	; 17
    000022F7 11                    9432 	.db #0x11	; 17
    000022F8 11                    9433 	.db #0x11	; 17
    000022F9 11                    9434 	.db #0x11	; 17
    000022FA 11                    9435 	.db #0x11	; 17
    000022FB 1A                    9436 	.db #0x1a	; 26
    000022FC AA                    9437 	.db #0xaa	; 170
    000022FD A1                    9438 	.db #0xa1	; 161
    000022FE 89                    9439 	.db #0x89	; 137
    000022FF 98                    9440 	.db #0x98	; 152
    00002300 AA                    9441 	.db #0xaa	; 170
    00002301 AA                    9442 	.db #0xaa	; 170
    00002302 AA                    9443 	.db #0xaa	; 170
    00002303 AA                    9444 	.db #0xaa	; 170
    00002304 AA                    9445 	.db #0xaa	; 170
    00002305 AA                    9446 	.db #0xaa	; 170
    00002306 A6                    9447 	.db #0xa6	; 166
    00002307 66                    9448 	.db #0x66	; 102	'f'
    00002308 66                    9449 	.db #0x66	; 102	'f'
    00002309 66                    9450 	.db #0x66	; 102	'f'
    0000230A 66                    9451 	.db #0x66	; 102	'f'
    0000230B 66                    9452 	.db #0x66	; 102	'f'
    0000230C 66                    9453 	.db #0x66	; 102	'f'
    0000230D 66                    9454 	.db #0x66	; 102	'f'
    0000230E 66                    9455 	.db #0x66	; 102	'f'
    0000230F 66                    9456 	.db #0x66	; 102	'f'
    00002310 66                    9457 	.db #0x66	; 102	'f'
    00002311 66                    9458 	.db #0x66	; 102	'f'
    00002312 66                    9459 	.db #0x66	; 102	'f'
    00002313 6A                    9460 	.db #0x6a	; 106	'j'
    00002314 AA                    9461 	.db #0xaa	; 170
    00002315 AA                    9462 	.db #0xaa	; 170
    00002316 AA                    9463 	.db #0xaa	; 170
    00002317 AA                    9464 	.db #0xaa	; 170
    00002318 AA                    9465 	.db #0xaa	; 170
    00002319 A1                    9466 	.db #0xa1	; 161
    0000231A 89                    9467 	.db #0x89	; 137
    0000231B 9A                    9468 	.db #0x9a	; 154
    0000231C AA                    9469 	.db #0xaa	; 170
    0000231D AA                    9470 	.db #0xaa	; 170
    0000231E AA                    9471 	.db #0xaa	; 170
    0000231F AA                    9472 	.db #0xaa	; 170
    00002320 AA                    9473 	.db #0xaa	; 170
    00002321 AA                    9474 	.db #0xaa	; 170
    00002322 AA                    9475 	.db #0xaa	; 170
    00002323 AA                    9476 	.db #0xaa	; 170
    00002324 AA                    9477 	.db #0xaa	; 170
    00002325 AA                    9478 	.db #0xaa	; 170
    00002326 AA                    9479 	.db #0xaa	; 170
    00002327 AA                    9480 	.db #0xaa	; 170
    00002328 AA                    9481 	.db #0xaa	; 170
    00002329 A6                    9482 	.db #0xa6	; 166
    0000232A 66                    9483 	.db #0x66	; 102	'f'
    0000232B 66                    9484 	.db #0x66	; 102	'f'
    0000232C 66                    9485 	.db #0x66	; 102	'f'
    0000232D 66                    9486 	.db #0x66	; 102	'f'
    0000232E 66                    9487 	.db #0x66	; 102	'f'
    0000232F AA                    9488 	.db #0xaa	; 170
    00002330 AA                    9489 	.db #0xaa	; 170
    00002331 AA                    9490 	.db #0xaa	; 170
    00002332 AA                    9491 	.db #0xaa	; 170
    00002333 AA                    9492 	.db #0xaa	; 170
    00002334 AA                    9493 	.db #0xaa	; 170
    00002335 11                    9494 	.db #0x11	; 17
    00002336 89                    9495 	.db #0x89	; 137
    00002337 9A                    9496 	.db #0x9a	; 154
    00002338 AA                    9497 	.db #0xaa	; 170
    00002339 AA                    9498 	.db #0xaa	; 170
    0000233A AA                    9499 	.db #0xaa	; 170
    0000233B AA                    9500 	.db #0xaa	; 170
    0000233C AA                    9501 	.db #0xaa	; 170
    0000233D AA                    9502 	.db #0xaa	; 170
    0000233E AA                    9503 	.db #0xaa	; 170
    0000233F AA                    9504 	.db #0xaa	; 170
    00002340 AA                    9505 	.db #0xaa	; 170
    00002341 AA                    9506 	.db #0xaa	; 170
    00002342 A1                    9507 	.db #0xa1	; 161
    00002343 11                    9508 	.db #0x11	; 17
    00002344 11                    9509 	.db #0x11	; 17
    00002345 11                    9510 	.db #0x11	; 17
    00002346 11                    9511 	.db #0x11	; 17
    00002347 11                    9512 	.db #0x11	; 17
    00002348 11                    9513 	.db #0x11	; 17
    00002349 11                    9514 	.db #0x11	; 17
    0000234A 11                    9515 	.db #0x11	; 17
    0000234B 11                    9516 	.db #0x11	; 17
    0000234C AA                    9517 	.db #0xaa	; 170
    0000234D AA                    9518 	.db #0xaa	; 170
    0000234E AA                    9519 	.db #0xaa	; 170
    0000234F AA                    9520 	.db #0xaa	; 170
    00002350 AA                    9521 	.db #0xaa	; 170
    00002351 A1                    9522 	.db #0xa1	; 161
    00002352 89                    9523 	.db #0x89	; 137
    00002353 9A                    9524 	.db #0x9a	; 154
    00002354 AA                    9525 	.db #0xaa	; 170
    00002355 AA                    9526 	.db #0xaa	; 170
    00002356 AA                    9527 	.db #0xaa	; 170
    00002357 AA                    9528 	.db #0xaa	; 170
    00002358 AA                    9529 	.db #0xaa	; 170
    00002359 AA                    9530 	.db #0xaa	; 170
    0000235A AA                    9531 	.db #0xaa	; 170
    0000235B 66                    9532 	.db #0x66	; 102	'f'
    0000235C AA                    9533 	.db #0xaa	; 170
    0000235D AA                    9534 	.db #0xaa	; 170
    0000235E AA                    9535 	.db #0xaa	; 170
    0000235F 11                    9536 	.db #0x11	; 17
    00002360 11                    9537 	.db #0x11	; 17
    00002361 11                    9538 	.db #0x11	; 17
    00002362 11                    9539 	.db #0x11	; 17
    00002363 11                    9540 	.db #0x11	; 17
    00002364 11                    9541 	.db #0x11	; 17
    00002365 11                    9542 	.db #0x11	; 17
    00002366 11                    9543 	.db #0x11	; 17
    00002367 11                    9544 	.db #0x11	; 17
    00002368 11                    9545 	.db #0x11	; 17
    00002369 11                    9546 	.db #0x11	; 17
    0000236A 11                    9547 	.db #0x11	; 17
    0000236B 11                    9548 	.db #0x11	; 17
    0000236C AA                    9549 	.db #0xaa	; 170
    0000236D A1                    9550 	.db #0xa1	; 161
    0000236E 89                    9551 	.db #0x89	; 137
    0000236F 9A                    9552 	.db #0x9a	; 154
    00002370 AA                    9553 	.db #0xaa	; 170
    00002371 AA                    9554 	.db #0xaa	; 170
    00002372 AA                    9555 	.db #0xaa	; 170
    00002373 AA                    9556 	.db #0xaa	; 170
    00002374 AA                    9557 	.db #0xaa	; 170
    00002375 AA                    9558 	.db #0xaa	; 170
    00002376 A6                    9559 	.db #0xa6	; 166
    00002377 66                    9560 	.db #0x66	; 102	'f'
    00002378 66                    9561 	.db #0x66	; 102	'f'
    00002379 AA                    9562 	.db #0xaa	; 170
    0000237A 66                    9563 	.db #0x66	; 102	'f'
    0000237B 66                    9564 	.db #0x66	; 102	'f'
    0000237C 66                    9565 	.db #0x66	; 102	'f'
    0000237D 66                    9566 	.db #0x66	; 102	'f'
    0000237E 66                    9567 	.db #0x66	; 102	'f'
    0000237F 6A                    9568 	.db #0x6a	; 106	'j'
    00002380 AA                    9569 	.db #0xaa	; 170
    00002381 66                    9570 	.db #0x66	; 102	'f'
    00002382 66                    9571 	.db #0x66	; 102	'f'
    00002383 6A                    9572 	.db #0x6a	; 106	'j'
    00002384 AA                    9573 	.db #0xaa	; 170
    00002385 AA                    9574 	.db #0xaa	; 170
    00002386 AA                    9575 	.db #0xaa	; 170
    00002387 AA                    9576 	.db #0xaa	; 170
    00002388 AA                    9577 	.db #0xaa	; 170
    00002389 A1                    9578 	.db #0xa1	; 161
    0000238A 89                    9579 	.db #0x89	; 137
    0000238B 9A                    9580 	.db #0x9a	; 154
    0000238C AA                    9581 	.db #0xaa	; 170
    0000238D 11                    9582 	.db #0x11	; 17
    0000238E 11                    9583 	.db #0x11	; 17
    0000238F 11                    9584 	.db #0x11	; 17
    00002390 11                    9585 	.db #0x11	; 17
    00002391 AA                    9586 	.db #0xaa	; 170
    00002392 AA                    9587 	.db #0xaa	; 170
    00002393 AA                    9588 	.db #0xaa	; 170
    00002394 AA                    9589 	.db #0xaa	; 170
    00002395 AA                    9590 	.db #0xaa	; 170
    00002396 AA                    9591 	.db #0xaa	; 170
    00002397 AA                    9592 	.db #0xaa	; 170
    00002398 AA                    9593 	.db #0xaa	; 170
    00002399 AA                    9594 	.db #0xaa	; 170
    0000239A AA                    9595 	.db #0xaa	; 170
    0000239B 66                    9596 	.db #0x66	; 102	'f'
    0000239C 66                    9597 	.db #0x66	; 102	'f'
    0000239D 66                    9598 	.db #0x66	; 102	'f'
    0000239E 66                    9599 	.db #0x66	; 102	'f'
    0000239F AA                    9600 	.db #0xaa	; 170
    000023A0 AA                    9601 	.db #0xaa	; 170
    000023A1 AA                    9602 	.db #0xaa	; 170
    000023A2 AA                    9603 	.db #0xaa	; 170
    000023A3 AA                    9604 	.db #0xaa	; 170
    000023A4 A1                    9605 	.db #0xa1	; 161
    000023A5 11                    9606 	.db #0x11	; 17
    000023A6 89                    9607 	.db #0x89	; 137
    000023A7 9A                    9608 	.db #0x9a	; 154
    000023A8 AA                    9609 	.db #0xaa	; 170
    000023A9 AA                    9610 	.db #0xaa	; 170
    000023AA AA                    9611 	.db #0xaa	; 170
    000023AB AA                    9612 	.db #0xaa	; 170
    000023AC AA                    9613 	.db #0xaa	; 170
    000023AD AA                    9614 	.db #0xaa	; 170
    000023AE AA                    9615 	.db #0xaa	; 170
    000023AF AA                    9616 	.db #0xaa	; 170
    000023B0 AA                    9617 	.db #0xaa	; 170
    000023B1 11                    9618 	.db #0x11	; 17
    000023B2 11                    9619 	.db #0x11	; 17
    000023B3 11                    9620 	.db #0x11	; 17
    000023B4 11                    9621 	.db #0x11	; 17
    000023B5 11                    9622 	.db #0x11	; 17
    000023B6 11                    9623 	.db #0x11	; 17
    000023B7 11                    9624 	.db #0x11	; 17
    000023B8 11                    9625 	.db #0x11	; 17
    000023B9 11                    9626 	.db #0x11	; 17
    000023BA 11                    9627 	.db #0x11	; 17
    000023BB 11                    9628 	.db #0x11	; 17
    000023BC 11                    9629 	.db #0x11	; 17
    000023BD 11                    9630 	.db #0x11	; 17
    000023BE 11                    9631 	.db #0x11	; 17
    000023BF AA                    9632 	.db #0xaa	; 170
    000023C0 AA                    9633 	.db #0xaa	; 170
    000023C1 A1                    9634 	.db #0xa1	; 161
    000023C2 89                    9635 	.db #0x89	; 137
    000023C3 9A                    9636 	.db #0x9a	; 154
    000023C4 AA                    9637 	.db #0xaa	; 170
    000023C5 AA                    9638 	.db #0xaa	; 170
    000023C6 AA                    9639 	.db #0xaa	; 170
    000023C7 AA                    9640 	.db #0xaa	; 170
    000023C8 AA                    9641 	.db #0xaa	; 170
    000023C9 AA                    9642 	.db #0xaa	; 170
    000023CA AA                    9643 	.db #0xaa	; 170
    000023CB AA                    9644 	.db #0xaa	; 170
    000023CC AA                    9645 	.db #0xaa	; 170
    000023CD A1                    9646 	.db #0xa1	; 161
    000023CE 11                    9647 	.db #0x11	; 17
    000023CF 11                    9648 	.db #0x11	; 17
    000023D0 11                    9649 	.db #0x11	; 17
    000023D1 11                    9650 	.db #0x11	; 17
    000023D2 11                    9651 	.db #0x11	; 17
    000023D3 11                    9652 	.db #0x11	; 17
    000023D4 11                    9653 	.db #0x11	; 17
    000023D5 11                    9654 	.db #0x11	; 17
    000023D6 11                    9655 	.db #0x11	; 17
    000023D7 11                    9656 	.db #0x11	; 17
    000023D8 11                    9657 	.db #0x11	; 17
    000023D9 11                    9658 	.db #0x11	; 17
    000023DA 11                    9659 	.db #0x11	; 17
    000023DB 11                    9660 	.db #0x11	; 17
    000023DC 1A                    9661 	.db #0x1a	; 26
    000023DD A1                    9662 	.db #0xa1	; 161
    000023DE 89                    9663 	.db #0x89	; 137
    000023DF 9A                    9664 	.db #0x9a	; 154
    000023E0 AA                    9665 	.db #0xaa	; 170
    000023E1 AA                    9666 	.db #0xaa	; 170
    000023E2 AA                    9667 	.db #0xaa	; 170
    000023E3 AA                    9668 	.db #0xaa	; 170
    000023E4 AA                    9669 	.db #0xaa	; 170
    000023E5 AA                    9670 	.db #0xaa	; 170
    000023E6 AA                    9671 	.db #0xaa	; 170
    000023E7 A6                    9672 	.db #0xa6	; 166
    000023E8 66                    9673 	.db #0x66	; 102	'f'
    000023E9 AA                    9674 	.db #0xaa	; 170
    000023EA AA                    9675 	.db #0xaa	; 170
    000023EB AA                    9676 	.db #0xaa	; 170
    000023EC AA                    9677 	.db #0xaa	; 170
    000023ED AA                    9678 	.db #0xaa	; 170
    000023EE AA                    9679 	.db #0xaa	; 170
    000023EF AA                    9680 	.db #0xaa	; 170
    000023F0 AA                    9681 	.db #0xaa	; 170
    000023F1 66                    9682 	.db #0x66	; 102	'f'
    000023F2 6A                    9683 	.db #0x6a	; 106	'j'
    000023F3 AA                    9684 	.db #0xaa	; 170
    000023F4 AA                    9685 	.db #0xaa	; 170
    000023F5 AA                    9686 	.db #0xaa	; 170
    000023F6 AA                    9687 	.db #0xaa	; 170
    000023F7 AA                    9688 	.db #0xaa	; 170
    000023F8 A1                    9689 	.db #0xa1	; 161
    000023F9 11                    9690 	.db #0x11	; 17
    000023FA 89                    9691 	.db #0x89	; 137
    000023FB 98                    9692 	.db #0x98	; 152
    000023FC 11                    9693 	.db #0x11	; 17
    000023FD 11                    9694 	.db #0x11	; 17
    000023FE 11                    9695 	.db #0x11	; 17
    000023FF 11                    9696 	.db #0x11	; 17
    00002400 11                    9697 	.db #0x11	; 17
    00002401 11                    9698 	.db #0x11	; 17
    00002402 1A                    9699 	.db #0x1a	; 26
    00002403 AA                    9700 	.db #0xaa	; 170
    00002404 AA                    9701 	.db #0xaa	; 170
    00002405 AA                    9702 	.db #0xaa	; 170
    00002406 AA                    9703 	.db #0xaa	; 170
    00002407 AA                    9704 	.db #0xaa	; 170
    00002408 AA                    9705 	.db #0xaa	; 170
    00002409 AA                    9706 	.db #0xaa	; 170
    0000240A AA                    9707 	.db #0xaa	; 170
    0000240B AA                    9708 	.db #0xaa	; 170
    0000240C A6                    9709 	.db #0xa6	; 166
    0000240D 66                    9710 	.db #0x66	; 102	'f'
    0000240E AA                    9711 	.db #0xaa	; 170
    0000240F AA                    9712 	.db #0xaa	; 170
    00002410 AA                    9713 	.db #0xaa	; 170
    00002411 AA                    9714 	.db #0xaa	; 170
    00002412 AA                    9715 	.db #0xaa	; 170
    00002413 AA                    9716 	.db #0xaa	; 170
    00002414 11                    9717 	.db #0x11	; 17
    00002415 11                    9718 	.db #0x11	; 17
    00002416 89                    9719 	.db #0x89	; 137
    00002417 98                    9720 	.db #0x98	; 152
    00002418 11                    9721 	.db #0x11	; 17
    00002419 1A                    9722 	.db #0x1a	; 26
    0000241A AA                    9723 	.db #0xaa	; 170
    0000241B AA                    9724 	.db #0xaa	; 170
    0000241C AA                    9725 	.db #0xaa	; 170
    0000241D AA                    9726 	.db #0xaa	; 170
    0000241E AA                    9727 	.db #0xaa	; 170
    0000241F 11                    9728 	.db #0x11	; 17
    00002420 11                    9729 	.db #0x11	; 17
    00002421 11                    9730 	.db #0x11	; 17
    00002422 11                    9731 	.db #0x11	; 17
    00002423 11                    9732 	.db #0x11	; 17
    00002424 11                    9733 	.db #0x11	; 17
    00002425 11                    9734 	.db #0x11	; 17
    00002426 11                    9735 	.db #0x11	; 17
    00002427 11                    9736 	.db #0x11	; 17
    00002428 11                    9737 	.db #0x11	; 17
    00002429 11                    9738 	.db #0x11	; 17
    0000242A 11                    9739 	.db #0x11	; 17
    0000242B 11                    9740 	.db #0x11	; 17
    0000242C 11                    9741 	.db #0x11	; 17
    0000242D 11                    9742 	.db #0x11	; 17
    0000242E 11                    9743 	.db #0x11	; 17
    0000242F 11                    9744 	.db #0x11	; 17
    00002430 AA                    9745 	.db #0xaa	; 170
    00002431 A1                    9746 	.db #0xa1	; 161
    00002432 89                    9747 	.db #0x89	; 137
    00002433 98                    9748 	.db #0x98	; 152
    00002434 AA                    9749 	.db #0xaa	; 170
    00002435 AA                    9750 	.db #0xaa	; 170
    00002436 AA                    9751 	.db #0xaa	; 170
    00002437 AA                    9752 	.db #0xaa	; 170
    00002438 AA                    9753 	.db #0xaa	; 170
    00002439 AA                    9754 	.db #0xaa	; 170
    0000243A AA                    9755 	.db #0xaa	; 170
    0000243B A1                    9756 	.db #0xa1	; 161
    0000243C 11                    9757 	.db #0x11	; 17
    0000243D 11                    9758 	.db #0x11	; 17
    0000243E 11                    9759 	.db #0x11	; 17
    0000243F 11                    9760 	.db #0x11	; 17
    00002440 11                    9761 	.db #0x11	; 17
    00002441 11                    9762 	.db #0x11	; 17
    00002442 11                    9763 	.db #0x11	; 17
    00002443 11                    9764 	.db #0x11	; 17
    00002444 11                    9765 	.db #0x11	; 17
    00002445 11                    9766 	.db #0x11	; 17
    00002446 11                    9767 	.db #0x11	; 17
    00002447 11                    9768 	.db #0x11	; 17
    00002448 11                    9769 	.db #0x11	; 17
    00002449 11                    9770 	.db #0x11	; 17
    0000244A 11                    9771 	.db #0x11	; 17
    0000244B 11                    9772 	.db #0x11	; 17
    0000244C 11                    9773 	.db #0x11	; 17
    0000244D 11                    9774 	.db #0x11	; 17
    0000244E 89                    9775 	.db #0x89	; 137
    0000244F 98                    9776 	.db #0x98	; 152
    00002450 1A                    9777 	.db #0x1a	; 26
    00002451 AA                    9778 	.db #0xaa	; 170
    00002452 AA                    9779 	.db #0xaa	; 170
    00002453 AA                    9780 	.db #0xaa	; 170
    00002454 AA                    9781 	.db #0xaa	; 170
    00002455 AA                    9782 	.db #0xaa	; 170
    00002456 AA                    9783 	.db #0xaa	; 170
    00002457 A6                    9784 	.db #0xa6	; 166
    00002458 66                    9785 	.db #0x66	; 102	'f'
    00002459 AA                    9786 	.db #0xaa	; 170
    0000245A AA                    9787 	.db #0xaa	; 170
    0000245B AA                    9788 	.db #0xaa	; 170
    0000245C AA                    9789 	.db #0xaa	; 170
    0000245D AA                    9790 	.db #0xaa	; 170
    0000245E AA                    9791 	.db #0xaa	; 170
    0000245F AA                    9792 	.db #0xaa	; 170
    00002460 AA                    9793 	.db #0xaa	; 170
    00002461 66                    9794 	.db #0x66	; 102	'f'
    00002462 6A                    9795 	.db #0x6a	; 106	'j'
    00002463 AA                    9796 	.db #0xaa	; 170
    00002464 AA                    9797 	.db #0xaa	; 170
    00002465 AA                    9798 	.db #0xaa	; 170
    00002466 AA                    9799 	.db #0xaa	; 170
    00002467 AA                    9800 	.db #0xaa	; 170
    00002468 11                    9801 	.db #0x11	; 17
    00002469 11                    9802 	.db #0x11	; 17
    0000246A 89                    9803 	.db #0x89	; 137
    0000246B 98                    9804 	.db #0x98	; 152
    0000246C 11                    9805 	.db #0x11	; 17
    0000246D 11                    9806 	.db #0x11	; 17
    0000246E 11                    9807 	.db #0x11	; 17
    0000246F 11                    9808 	.db #0x11	; 17
    00002470 11                    9809 	.db #0x11	; 17
    00002471 11                    9810 	.db #0x11	; 17
    00002472 11                    9811 	.db #0x11	; 17
    00002473 11                    9812 	.db #0x11	; 17
    00002474 AA                    9813 	.db #0xaa	; 170
    00002475 AA                    9814 	.db #0xaa	; 170
    00002476 AA                    9815 	.db #0xaa	; 170
    00002477 AA                    9816 	.db #0xaa	; 170
    00002478 AA                    9817 	.db #0xaa	; 170
    00002479 AA                    9818 	.db #0xaa	; 170
    0000247A AA                    9819 	.db #0xaa	; 170
    0000247B AA                    9820 	.db #0xaa	; 170
    0000247C A6                    9821 	.db #0xa6	; 166
    0000247D 66                    9822 	.db #0x66	; 102	'f'
    0000247E AA                    9823 	.db #0xaa	; 170
    0000247F AA                    9824 	.db #0xaa	; 170
    00002480 AA                    9825 	.db #0xaa	; 170
    00002481 AA                    9826 	.db #0xaa	; 170
    00002482 AA                    9827 	.db #0xaa	; 170
    00002483 A1                    9828 	.db #0xa1	; 161
    00002484 11                    9829 	.db #0x11	; 17
    00002485 11                    9830 	.db #0x11	; 17
    00002486 89                    9831 	.db #0x89	; 137
    00002487 98                    9832 	.db #0x98	; 152
    00002488 11                    9833 	.db #0x11	; 17
    00002489 11                    9834 	.db #0x11	; 17
    0000248A 11                    9835 	.db #0x11	; 17
    0000248B 11                    9836 	.db #0x11	; 17
    0000248C 11                    9837 	.db #0x11	; 17
    0000248D 11                    9838 	.db #0x11	; 17
    0000248E 11                    9839 	.db #0x11	; 17
    0000248F 11                    9840 	.db #0x11	; 17
    00002490 11                    9841 	.db #0x11	; 17
    00002491 11                    9842 	.db #0x11	; 17
    00002492 11                    9843 	.db #0x11	; 17
    00002493 11                    9844 	.db #0x11	; 17
    00002494 11                    9845 	.db #0x11	; 17
    00002495 11                    9846 	.db #0x11	; 17
    00002496 11                    9847 	.db #0x11	; 17
    00002497 11                    9848 	.db #0x11	; 17
    00002498 11                    9849 	.db #0x11	; 17
    00002499 11                    9850 	.db #0x11	; 17
    0000249A 11                    9851 	.db #0x11	; 17
    0000249B 11                    9852 	.db #0x11	; 17
    0000249C 11                    9853 	.db #0x11	; 17
    0000249D 11                    9854 	.db #0x11	; 17
    0000249E 11                    9855 	.db #0x11	; 17
    0000249F 11                    9856 	.db #0x11	; 17
    000024A0 1A                    9857 	.db #0x1a	; 26
    000024A1 A1                    9858 	.db #0xa1	; 161
    000024A2 89                    9859 	.db #0x89	; 137
    000024A3 98                    9860 	.db #0x98	; 152
    000024A4 11                    9861 	.db #0x11	; 17
    000024A5 AA                    9862 	.db #0xaa	; 170
    000024A6 AA                    9863 	.db #0xaa	; 170
    000024A7 AA                    9864 	.db #0xaa	; 170
    000024A8 AA                    9865 	.db #0xaa	; 170
    000024A9 11                    9866 	.db #0x11	; 17
    000024AA 11                    9867 	.db #0x11	; 17
    000024AB 11                    9868 	.db #0x11	; 17
    000024AC 11                    9869 	.db #0x11	; 17
    000024AD 11                    9870 	.db #0x11	; 17
    000024AE 11                    9871 	.db #0x11	; 17
    000024AF 11                    9872 	.db #0x11	; 17
    000024B0 11                    9873 	.db #0x11	; 17
    000024B1 11                    9874 	.db #0x11	; 17
    000024B2 11                    9875 	.db #0x11	; 17
    000024B3 11                    9876 	.db #0x11	; 17
    000024B4 11                    9877 	.db #0x11	; 17
    000024B5 11                    9878 	.db #0x11	; 17
    000024B6 11                    9879 	.db #0x11	; 17
    000024B7 11                    9880 	.db #0x11	; 17
    000024B8 11                    9881 	.db #0x11	; 17
    000024B9 11                    9882 	.db #0x11	; 17
    000024BA 11                    9883 	.db #0x11	; 17
    000024BB 11                    9884 	.db #0x11	; 17
    000024BC 11                    9885 	.db #0x11	; 17
    000024BD 11                    9886 	.db #0x11	; 17
    000024BE 89                    9887 	.db #0x89	; 137
    000024BF 98                    9888 	.db #0x98	; 152
    000024C0 11                    9889 	.db #0x11	; 17
    000024C1 11                    9890 	.db #0x11	; 17
    000024C2 AA                    9891 	.db #0xaa	; 170
    000024C3 AA                    9892 	.db #0xaa	; 170
    000024C4 AA                    9893 	.db #0xaa	; 170
    000024C5 AA                    9894 	.db #0xaa	; 170
    000024C6 AA                    9895 	.db #0xaa	; 170
    000024C7 AA                    9896 	.db #0xaa	; 170
    000024C8 AA                    9897 	.db #0xaa	; 170
    000024C9 AA                    9898 	.db #0xaa	; 170
    000024CA AA                    9899 	.db #0xaa	; 170
    000024CB AA                    9900 	.db #0xaa	; 170
    000024CC AA                    9901 	.db #0xaa	; 170
    000024CD AA                    9902 	.db #0xaa	; 170
    000024CE AA                    9903 	.db #0xaa	; 170
    000024CF AA                    9904 	.db #0xaa	; 170
    000024D0 AA                    9905 	.db #0xaa	; 170
    000024D1 AA                    9906 	.db #0xaa	; 170
    000024D2 AA                    9907 	.db #0xaa	; 170
    000024D3 AA                    9908 	.db #0xaa	; 170
    000024D4 AA                    9909 	.db #0xaa	; 170
    000024D5 AA                    9910 	.db #0xaa	; 170
    000024D6 A1                    9911 	.db #0xa1	; 161
    000024D7 11                    9912 	.db #0x11	; 17
    000024D8 11                    9913 	.db #0x11	; 17
    000024D9 11                    9914 	.db #0x11	; 17
    000024DA 89                    9915 	.db #0x89	; 137
    000024DB 98                    9916 	.db #0x98	; 152
    000024DC 11                    9917 	.db #0x11	; 17
    000024DD 11                    9918 	.db #0x11	; 17
    000024DE 11                    9919 	.db #0x11	; 17
    000024DF 11                    9920 	.db #0x11	; 17
    000024E0 11                    9921 	.db #0x11	; 17
    000024E1 11                    9922 	.db #0x11	; 17
    000024E2 11                    9923 	.db #0x11	; 17
    000024E3 11                    9924 	.db #0x11	; 17
    000024E4 11                    9925 	.db #0x11	; 17
    000024E5 11                    9926 	.db #0x11	; 17
    000024E6 AA                    9927 	.db #0xaa	; 170
    000024E7 AA                    9928 	.db #0xaa	; 170
    000024E8 AA                    9929 	.db #0xaa	; 170
    000024E9 AA                    9930 	.db #0xaa	; 170
    000024EA AA                    9931 	.db #0xaa	; 170
    000024EB AA                    9932 	.db #0xaa	; 170
    000024EC A6                    9933 	.db #0xa6	; 166
    000024ED AA                    9934 	.db #0xaa	; 170
    000024EE AA                    9935 	.db #0xaa	; 170
    000024EF AA                    9936 	.db #0xaa	; 170
    000024F0 AA                    9937 	.db #0xaa	; 170
    000024F1 AA                    9938 	.db #0xaa	; 170
    000024F2 AA                    9939 	.db #0xaa	; 170
    000024F3 11                    9940 	.db #0x11	; 17
    000024F4 11                    9941 	.db #0x11	; 17
    000024F5 11                    9942 	.db #0x11	; 17
    000024F6 89                    9943 	.db #0x89	; 137
    000024F7 98                    9944 	.db #0x98	; 152
    000024F8 11                    9945 	.db #0x11	; 17
    000024F9 11                    9946 	.db #0x11	; 17
    000024FA 11                    9947 	.db #0x11	; 17
    000024FB 11                    9948 	.db #0x11	; 17
    000024FC 11                    9949 	.db #0x11	; 17
    000024FD 11                    9950 	.db #0x11	; 17
    000024FE 11                    9951 	.db #0x11	; 17
    000024FF 11                    9952 	.db #0x11	; 17
    00002500 11                    9953 	.db #0x11	; 17
    00002501 11                    9954 	.db #0x11	; 17
    00002502 11                    9955 	.db #0x11	; 17
    00002503 11                    9956 	.db #0x11	; 17
    00002504 11                    9957 	.db #0x11	; 17
    00002505 11                    9958 	.db #0x11	; 17
    00002506 11                    9959 	.db #0x11	; 17
    00002507 11                    9960 	.db #0x11	; 17
    00002508 11                    9961 	.db #0x11	; 17
    00002509 11                    9962 	.db #0x11	; 17
    0000250A 11                    9963 	.db #0x11	; 17
    0000250B 11                    9964 	.db #0x11	; 17
    0000250C 11                    9965 	.db #0x11	; 17
    0000250D 11                    9966 	.db #0x11	; 17
    0000250E 11                    9967 	.db #0x11	; 17
    0000250F 11                    9968 	.db #0x11	; 17
    00002510 11                    9969 	.db #0x11	; 17
    00002511 11                    9970 	.db #0x11	; 17
    00002512 89                    9971 	.db #0x89	; 137
    00002513 98                    9972 	.db #0x98	; 152
    00002514 11                    9973 	.db #0x11	; 17
    00002515 11                    9974 	.db #0x11	; 17
    00002516 11                    9975 	.db #0x11	; 17
    00002517 11                    9976 	.db #0x11	; 17
    00002518 11                    9977 	.db #0x11	; 17
    00002519 11                    9978 	.db #0x11	; 17
    0000251A 11                    9979 	.db #0x11	; 17
    0000251B 11                    9980 	.db #0x11	; 17
    0000251C 11                    9981 	.db #0x11	; 17
    0000251D 11                    9982 	.db #0x11	; 17
    0000251E 11                    9983 	.db #0x11	; 17
    0000251F 11                    9984 	.db #0x11	; 17
    00002520 11                    9985 	.db #0x11	; 17
    00002521 11                    9986 	.db #0x11	; 17
    00002522 11                    9987 	.db #0x11	; 17
    00002523 11                    9988 	.db #0x11	; 17
    00002524 11                    9989 	.db #0x11	; 17
    00002525 11                    9990 	.db #0x11	; 17
    00002526 11                    9991 	.db #0x11	; 17
    00002527 11                    9992 	.db #0x11	; 17
    00002528 11                    9993 	.db #0x11	; 17
    00002529 11                    9994 	.db #0x11	; 17
    0000252A 11                    9995 	.db #0x11	; 17
    0000252B 11                    9996 	.db #0x11	; 17
    0000252C 11                    9997 	.db #0x11	; 17
    0000252D 11                    9998 	.db #0x11	; 17
    0000252E 89                    9999 	.db #0x89	; 137
    0000252F 98                   10000 	.db #0x98	; 152
    00002530 11                   10001 	.db #0x11	; 17
    00002531 11                   10002 	.db #0x11	; 17
    00002532 11                   10003 	.db #0x11	; 17
    00002533 1A                   10004 	.db #0x1a	; 26
    00002534 AA                   10005 	.db #0xaa	; 170
    00002535 AA                   10006 	.db #0xaa	; 170
    00002536 AA                   10007 	.db #0xaa	; 170
    00002537 AA                   10008 	.db #0xaa	; 170
    00002538 AA                   10009 	.db #0xaa	; 170
    00002539 AA                   10010 	.db #0xaa	; 170
    0000253A AA                   10011 	.db #0xaa	; 170
    0000253B AA                   10012 	.db #0xaa	; 170
    0000253C AA                   10013 	.db #0xaa	; 170
    0000253D AA                   10014 	.db #0xaa	; 170
    0000253E AA                   10015 	.db #0xaa	; 170
    0000253F AA                   10016 	.db #0xaa	; 170
    00002540 AA                   10017 	.db #0xaa	; 170
    00002541 AA                   10018 	.db #0xaa	; 170
    00002542 AA                   10019 	.db #0xaa	; 170
    00002543 AA                   10020 	.db #0xaa	; 170
    00002544 AA                   10021 	.db #0xaa	; 170
    00002545 11                   10022 	.db #0x11	; 17
    00002546 11                   10023 	.db #0x11	; 17
    00002547 11                   10024 	.db #0x11	; 17
    00002548 11                   10025 	.db #0x11	; 17
    00002549 11                   10026 	.db #0x11	; 17
    0000254A 89                   10027 	.db #0x89	; 137
    0000254B 98                   10028 	.db #0x98	; 152
    0000254C 11                   10029 	.db #0x11	; 17
    0000254D 11                   10030 	.db #0x11	; 17
    0000254E 11                   10031 	.db #0x11	; 17
    0000254F 11                   10032 	.db #0x11	; 17
    00002550 11                   10033 	.db #0x11	; 17
    00002551 11                   10034 	.db #0x11	; 17
    00002552 11                   10035 	.db #0x11	; 17
    00002553 11                   10036 	.db #0x11	; 17
    00002554 11                   10037 	.db #0x11	; 17
    00002555 11                   10038 	.db #0x11	; 17
    00002556 11                   10039 	.db #0x11	; 17
    00002557 1A                   10040 	.db #0x1a	; 26
    00002558 AA                   10041 	.db #0xaa	; 170
    00002559 AA                   10042 	.db #0xaa	; 170
    0000255A AA                   10043 	.db #0xaa	; 170
    0000255B AA                   10044 	.db #0xaa	; 170
    0000255C AA                   10045 	.db #0xaa	; 170
    0000255D AA                   10046 	.db #0xaa	; 170
    0000255E AA                   10047 	.db #0xaa	; 170
    0000255F AA                   10048 	.db #0xaa	; 170
    00002560 AA                   10049 	.db #0xaa	; 170
    00002561 AA                   10050 	.db #0xaa	; 170
    00002562 11                   10051 	.db #0x11	; 17
    00002563 11                   10052 	.db #0x11	; 17
    00002564 11                   10053 	.db #0x11	; 17
    00002565 11                   10054 	.db #0x11	; 17
    00002566 89                   10055 	.db #0x89	; 137
    00002567 98                   10056 	.db #0x98	; 152
    00002568 11                   10057 	.db #0x11	; 17
    00002569 11                   10058 	.db #0x11	; 17
    0000256A 11                   10059 	.db #0x11	; 17
    0000256B 11                   10060 	.db #0x11	; 17
    0000256C 11                   10061 	.db #0x11	; 17
    0000256D 11                   10062 	.db #0x11	; 17
    0000256E 11                   10063 	.db #0x11	; 17
    0000256F 11                   10064 	.db #0x11	; 17
    00002570 11                   10065 	.db #0x11	; 17
    00002571 11                   10066 	.db #0x11	; 17
    00002572 11                   10067 	.db #0x11	; 17
    00002573 11                   10068 	.db #0x11	; 17
    00002574 11                   10069 	.db #0x11	; 17
    00002575 11                   10070 	.db #0x11	; 17
    00002576 11                   10071 	.db #0x11	; 17
    00002577 11                   10072 	.db #0x11	; 17
    00002578 11                   10073 	.db #0x11	; 17
    00002579 11                   10074 	.db #0x11	; 17
    0000257A 11                   10075 	.db #0x11	; 17
    0000257B 11                   10076 	.db #0x11	; 17
    0000257C 11                   10077 	.db #0x11	; 17
    0000257D 11                   10078 	.db #0x11	; 17
    0000257E 11                   10079 	.db #0x11	; 17
    0000257F 11                   10080 	.db #0x11	; 17
    00002580 11                   10081 	.db #0x11	; 17
    00002581 11                   10082 	.db #0x11	; 17
    00002582 89                   10083 	.db #0x89	; 137
    00002583 98                   10084 	.db #0x98	; 152
    00002584 11                   10085 	.db #0x11	; 17
    00002585 11                   10086 	.db #0x11	; 17
    00002586 11                   10087 	.db #0x11	; 17
    00002587 11                   10088 	.db #0x11	; 17
    00002588 11                   10089 	.db #0x11	; 17
    00002589 11                   10090 	.db #0x11	; 17
    0000258A 11                   10091 	.db #0x11	; 17
    0000258B 11                   10092 	.db #0x11	; 17
    0000258C 11                   10093 	.db #0x11	; 17
    0000258D 11                   10094 	.db #0x11	; 17
    0000258E 11                   10095 	.db #0x11	; 17
    0000258F 11                   10096 	.db #0x11	; 17
    00002590 11                   10097 	.db #0x11	; 17
    00002591 11                   10098 	.db #0x11	; 17
    00002592 11                   10099 	.db #0x11	; 17
    00002593 11                   10100 	.db #0x11	; 17
    00002594 11                   10101 	.db #0x11	; 17
    00002595 11                   10102 	.db #0x11	; 17
    00002596 11                   10103 	.db #0x11	; 17
    00002597 11                   10104 	.db #0x11	; 17
    00002598 11                   10105 	.db #0x11	; 17
    00002599 11                   10106 	.db #0x11	; 17
    0000259A 11                   10107 	.db #0x11	; 17
    0000259B 11                   10108 	.db #0x11	; 17
    0000259C 11                   10109 	.db #0x11	; 17
    0000259D 11                   10110 	.db #0x11	; 17
    0000259E 89                   10111 	.db #0x89	; 137
    0000259F 98                   10112 	.db #0x98	; 152
    000025A0 11                   10113 	.db #0x11	; 17
    000025A1 11                   10114 	.db #0x11	; 17
    000025A2 11                   10115 	.db #0x11	; 17
    000025A3 11                   10116 	.db #0x11	; 17
    000025A4 11                   10117 	.db #0x11	; 17
    000025A5 AA                   10118 	.db #0xaa	; 170
    000025A6 AA                   10119 	.db #0xaa	; 170
    000025A7 AA                   10120 	.db #0xaa	; 170
    000025A8 AA                   10121 	.db #0xaa	; 170
    000025A9 AA                   10122 	.db #0xaa	; 170
    000025AA AA                   10123 	.db #0xaa	; 170
    000025AB AA                   10124 	.db #0xaa	; 170
    000025AC AA                   10125 	.db #0xaa	; 170
    000025AD AA                   10126 	.db #0xaa	; 170
    000025AE AA                   10127 	.db #0xaa	; 170
    000025AF AA                   10128 	.db #0xaa	; 170
    000025B0 AA                   10129 	.db #0xaa	; 170
    000025B1 AA                   10130 	.db #0xaa	; 170
    000025B2 AA                   10131 	.db #0xaa	; 170
    000025B3 A1                   10132 	.db #0xa1	; 161
    000025B4 11                   10133 	.db #0x11	; 17
    000025B5 11                   10134 	.db #0x11	; 17
    000025B6 11                   10135 	.db #0x11	; 17
    000025B7 11                   10136 	.db #0x11	; 17
    000025B8 11                   10137 	.db #0x11	; 17
    000025B9 11                   10138 	.db #0x11	; 17
    000025BA 89                   10139 	.db #0x89	; 137
    000025BB 98                   10140 	.db #0x98	; 152
    000025BC 11                   10141 	.db #0x11	; 17
    000025BD 11                   10142 	.db #0x11	; 17
    000025BE 11                   10143 	.db #0x11	; 17
    000025BF 11                   10144 	.db #0x11	; 17
    000025C0 11                   10145 	.db #0x11	; 17
    000025C1 11                   10146 	.db #0x11	; 17
    000025C2 11                   10147 	.db #0x11	; 17
    000025C3 11                   10148 	.db #0x11	; 17
    000025C4 11                   10149 	.db #0x11	; 17
    000025C5 11                   10150 	.db #0x11	; 17
    000025C6 11                   10151 	.db #0x11	; 17
    000025C7 11                   10152 	.db #0x11	; 17
    000025C8 11                   10153 	.db #0x11	; 17
    000025C9 1A                   10154 	.db #0x1a	; 26
    000025CA AA                   10155 	.db #0xaa	; 170
    000025CB AA                   10156 	.db #0xaa	; 170
    000025CC AA                   10157 	.db #0xaa	; 170
    000025CD AA                   10158 	.db #0xaa	; 170
    000025CE AA                   10159 	.db #0xaa	; 170
    000025CF AA                   10160 	.db #0xaa	; 170
    000025D0 11                   10161 	.db #0x11	; 17
    000025D1 11                   10162 	.db #0x11	; 17
    000025D2 11                   10163 	.db #0x11	; 17
    000025D3 11                   10164 	.db #0x11	; 17
    000025D4 11                   10165 	.db #0x11	; 17
    000025D5 11                   10166 	.db #0x11	; 17
    000025D6 89                   10167 	.db #0x89	; 137
    000025D7 98                   10168 	.db #0x98	; 152
    000025D8 11                   10169 	.db #0x11	; 17
    000025D9 11                   10170 	.db #0x11	; 17
    000025DA 11                   10171 	.db #0x11	; 17
    000025DB 11                   10172 	.db #0x11	; 17
    000025DC 11                   10173 	.db #0x11	; 17
    000025DD 11                   10174 	.db #0x11	; 17
    000025DE 11                   10175 	.db #0x11	; 17
    000025DF 11                   10176 	.db #0x11	; 17
    000025E0 11                   10177 	.db #0x11	; 17
    000025E1 11                   10178 	.db #0x11	; 17
    000025E2 11                   10179 	.db #0x11	; 17
    000025E3 11                   10180 	.db #0x11	; 17
    000025E4 11                   10181 	.db #0x11	; 17
    000025E5 11                   10182 	.db #0x11	; 17
    000025E6 11                   10183 	.db #0x11	; 17
    000025E7 11                   10184 	.db #0x11	; 17
    000025E8 11                   10185 	.db #0x11	; 17
    000025E9 11                   10186 	.db #0x11	; 17
    000025EA 11                   10187 	.db #0x11	; 17
    000025EB 11                   10188 	.db #0x11	; 17
    000025EC 11                   10189 	.db #0x11	; 17
    000025ED 11                   10190 	.db #0x11	; 17
    000025EE 11                   10191 	.db #0x11	; 17
    000025EF 11                   10192 	.db #0x11	; 17
    000025F0 11                   10193 	.db #0x11	; 17
    000025F1 11                   10194 	.db #0x11	; 17
    000025F2 89                   10195 	.db #0x89	; 137
    000025F3 98                   10196 	.db #0x98	; 152
    000025F4 11                   10197 	.db #0x11	; 17
    000025F5 11                   10198 	.db #0x11	; 17
    000025F6 11                   10199 	.db #0x11	; 17
    000025F7 11                   10200 	.db #0x11	; 17
    000025F8 11                   10201 	.db #0x11	; 17
    000025F9 11                   10202 	.db #0x11	; 17
    000025FA 11                   10203 	.db #0x11	; 17
    000025FB 11                   10204 	.db #0x11	; 17
    000025FC 11                   10205 	.db #0x11	; 17
    000025FD 11                   10206 	.db #0x11	; 17
    000025FE 11                   10207 	.db #0x11	; 17
    000025FF 11                   10208 	.db #0x11	; 17
    00002600 11                   10209 	.db #0x11	; 17
    00002601 11                   10210 	.db #0x11	; 17
    00002602 11                   10211 	.db #0x11	; 17
    00002603 11                   10212 	.db #0x11	; 17
    00002604 11                   10213 	.db #0x11	; 17
    00002605 11                   10214 	.db #0x11	; 17
    00002606 11                   10215 	.db #0x11	; 17
    00002607 11                   10216 	.db #0x11	; 17
    00002608 11                   10217 	.db #0x11	; 17
    00002609 11                   10218 	.db #0x11	; 17
    0000260A 11                   10219 	.db #0x11	; 17
    0000260B 11                   10220 	.db #0x11	; 17
    0000260C 11                   10221 	.db #0x11	; 17
    0000260D 11                   10222 	.db #0x11	; 17
    0000260E 89                   10223 	.db #0x89	; 137
    0000260F 98                   10224 	.db #0x98	; 152
    00002610 11                   10225 	.db #0x11	; 17
    00002611 11                   10226 	.db #0x11	; 17
    00002612 11                   10227 	.db #0x11	; 17
    00002613 11                   10228 	.db #0x11	; 17
    00002614 11                   10229 	.db #0x11	; 17
    00002615 11                   10230 	.db #0x11	; 17
    00002616 AA                   10231 	.db #0xaa	; 170
    00002617 AA                   10232 	.db #0xaa	; 170
    00002618 AA                   10233 	.db #0xaa	; 170
    00002619 AA                   10234 	.db #0xaa	; 170
    0000261A AA                   10235 	.db #0xaa	; 170
    0000261B AA                   10236 	.db #0xaa	; 170
    0000261C AA                   10237 	.db #0xaa	; 170
    0000261D AA                   10238 	.db #0xaa	; 170
    0000261E AA                   10239 	.db #0xaa	; 170
    0000261F AA                   10240 	.db #0xaa	; 170
    00002620 AA                   10241 	.db #0xaa	; 170
    00002621 AA                   10242 	.db #0xaa	; 170
    00002622 A1                   10243 	.db #0xa1	; 161
    00002623 11                   10244 	.db #0x11	; 17
    00002624 11                   10245 	.db #0x11	; 17
    00002625 11                   10246 	.db #0x11	; 17
    00002626 11                   10247 	.db #0x11	; 17
    00002627 11                   10248 	.db #0x11	; 17
    00002628 11                   10249 	.db #0x11	; 17
    00002629 11                   10250 	.db #0x11	; 17
    0000262A 89                   10251 	.db #0x89	; 137
    0000262B 98                   10252 	.db #0x98	; 152
    0000262C 11                   10253 	.db #0x11	; 17
    0000262D 11                   10254 	.db #0x11	; 17
    0000262E 11                   10255 	.db #0x11	; 17
    0000262F 11                   10256 	.db #0x11	; 17
    00002630 11                   10257 	.db #0x11	; 17
    00002631 11                   10258 	.db #0x11	; 17
    00002632 11                   10259 	.db #0x11	; 17
    00002633 11                   10260 	.db #0x11	; 17
    00002634 11                   10261 	.db #0x11	; 17
    00002635 11                   10262 	.db #0x11	; 17
    00002636 11                   10263 	.db #0x11	; 17
    00002637 11                   10264 	.db #0x11	; 17
    00002638 11                   10265 	.db #0x11	; 17
    00002639 11                   10266 	.db #0x11	; 17
    0000263A 11                   10267 	.db #0x11	; 17
    0000263B 11                   10268 	.db #0x11	; 17
    0000263C 11                   10269 	.db #0x11	; 17
    0000263D 11                   10270 	.db #0x11	; 17
    0000263E 11                   10271 	.db #0x11	; 17
    0000263F 11                   10272 	.db #0x11	; 17
    00002640 11                   10273 	.db #0x11	; 17
    00002641 11                   10274 	.db #0x11	; 17
    00002642 11                   10275 	.db #0x11	; 17
    00002643 11                   10276 	.db #0x11	; 17
    00002644 11                   10277 	.db #0x11	; 17
    00002645 11                   10278 	.db #0x11	; 17
    00002646 89                   10279 	.db #0x89	; 137
    00002647 98                   10280 	.db #0x98	; 152
    00002648 11                   10281 	.db #0x11	; 17
    00002649 11                   10282 	.db #0x11	; 17
    0000264A 11                   10283 	.db #0x11	; 17
    0000264B 11                   10284 	.db #0x11	; 17
    0000264C 11                   10285 	.db #0x11	; 17
    0000264D 11                   10286 	.db #0x11	; 17
    0000264E 11                   10287 	.db #0x11	; 17
    0000264F 11                   10288 	.db #0x11	; 17
    00002650 11                   10289 	.db #0x11	; 17
    00002651 11                   10290 	.db #0x11	; 17
    00002652 11                   10291 	.db #0x11	; 17
    00002653 11                   10292 	.db #0x11	; 17
    00002654 11                   10293 	.db #0x11	; 17
    00002655 11                   10294 	.db #0x11	; 17
    00002656 11                   10295 	.db #0x11	; 17
    00002657 11                   10296 	.db #0x11	; 17
    00002658 11                   10297 	.db #0x11	; 17
    00002659 11                   10298 	.db #0x11	; 17
    0000265A 11                   10299 	.db #0x11	; 17
    0000265B 11                   10300 	.db #0x11	; 17
    0000265C 11                   10301 	.db #0x11	; 17
    0000265D 11                   10302 	.db #0x11	; 17
    0000265E 11                   10303 	.db #0x11	; 17
    0000265F 11                   10304 	.db #0x11	; 17
    00002660 11                   10305 	.db #0x11	; 17
    00002661 11                   10306 	.db #0x11	; 17
    00002662 89                   10307 	.db #0x89	; 137
    00002663 98                   10308 	.db #0x98	; 152
    00002664 11                   10309 	.db #0x11	; 17
    00002665 11                   10310 	.db #0x11	; 17
    00002666 11                   10311 	.db #0x11	; 17
    00002667 11                   10312 	.db #0x11	; 17
    00002668 11                   10313 	.db #0x11	; 17
    00002669 11                   10314 	.db #0x11	; 17
    0000266A 11                   10315 	.db #0x11	; 17
    0000266B 11                   10316 	.db #0x11	; 17
    0000266C 11                   10317 	.db #0x11	; 17
    0000266D 11                   10318 	.db #0x11	; 17
    0000266E 11                   10319 	.db #0x11	; 17
    0000266F 11                   10320 	.db #0x11	; 17
    00002670 11                   10321 	.db #0x11	; 17
    00002671 11                   10322 	.db #0x11	; 17
    00002672 11                   10323 	.db #0x11	; 17
    00002673 11                   10324 	.db #0x11	; 17
    00002674 11                   10325 	.db #0x11	; 17
    00002675 11                   10326 	.db #0x11	; 17
    00002676 11                   10327 	.db #0x11	; 17
    00002677 11                   10328 	.db #0x11	; 17
    00002678 11                   10329 	.db #0x11	; 17
    00002679 11                   10330 	.db #0x11	; 17
    0000267A 11                   10331 	.db #0x11	; 17
    0000267B 11                   10332 	.db #0x11	; 17
    0000267C 11                   10333 	.db #0x11	; 17
    0000267D 11                   10334 	.db #0x11	; 17
    0000267E 89                   10335 	.db #0x89	; 137
    0000267F 98                   10336 	.db #0x98	; 152
    00002680 11                   10337 	.db #0x11	; 17
    00002681 11                   10338 	.db #0x11	; 17
    00002682 11                   10339 	.db #0x11	; 17
    00002683 11                   10340 	.db #0x11	; 17
    00002684 11                   10341 	.db #0x11	; 17
    00002685 11                   10342 	.db #0x11	; 17
    00002686 11                   10343 	.db #0x11	; 17
    00002687 AA                   10344 	.db #0xaa	; 170
    00002688 AA                   10345 	.db #0xaa	; 170
    00002689 AA                   10346 	.db #0xaa	; 170
    0000268A AA                   10347 	.db #0xaa	; 170
    0000268B AA                   10348 	.db #0xaa	; 170
    0000268C AA                   10349 	.db #0xaa	; 170
    0000268D AA                   10350 	.db #0xaa	; 170
    0000268E AA                   10351 	.db #0xaa	; 170
    0000268F AA                   10352 	.db #0xaa	; 170
    00002690 AA                   10353 	.db #0xaa	; 170
    00002691 A1                   10354 	.db #0xa1	; 161
    00002692 11                   10355 	.db #0x11	; 17
    00002693 11                   10356 	.db #0x11	; 17
    00002694 11                   10357 	.db #0x11	; 17
    00002695 11                   10358 	.db #0x11	; 17
    00002696 11                   10359 	.db #0x11	; 17
    00002697 11                   10360 	.db #0x11	; 17
    00002698 11                   10361 	.db #0x11	; 17
    00002699 11                   10362 	.db #0x11	; 17
    0000269A 89                   10363 	.db #0x89	; 137
    0000269B 98                   10364 	.db #0x98	; 152
    0000269C 11                   10365 	.db #0x11	; 17
    0000269D 11                   10366 	.db #0x11	; 17
    0000269E 11                   10367 	.db #0x11	; 17
    0000269F 11                   10368 	.db #0x11	; 17
    000026A0 11                   10369 	.db #0x11	; 17
    000026A1 11                   10370 	.db #0x11	; 17
    000026A2 11                   10371 	.db #0x11	; 17
    000026A3 11                   10372 	.db #0x11	; 17
    000026A4 11                   10373 	.db #0x11	; 17
    000026A5 11                   10374 	.db #0x11	; 17
    000026A6 11                   10375 	.db #0x11	; 17
    000026A7 11                   10376 	.db #0x11	; 17
    000026A8 11                   10377 	.db #0x11	; 17
    000026A9 11                   10378 	.db #0x11	; 17
    000026AA 11                   10379 	.db #0x11	; 17
    000026AB 11                   10380 	.db #0x11	; 17
    000026AC 11                   10381 	.db #0x11	; 17
    000026AD 11                   10382 	.db #0x11	; 17
    000026AE 11                   10383 	.db #0x11	; 17
    000026AF 11                   10384 	.db #0x11	; 17
    000026B0 11                   10385 	.db #0x11	; 17
    000026B1 11                   10386 	.db #0x11	; 17
    000026B2 11                   10387 	.db #0x11	; 17
    000026B3 11                   10388 	.db #0x11	; 17
    000026B4 11                   10389 	.db #0x11	; 17
    000026B5 11                   10390 	.db #0x11	; 17
    000026B6 89                   10391 	.db #0x89	; 137
    000026B7 98                   10392 	.db #0x98	; 152
    000026B8 11                   10393 	.db #0x11	; 17
    000026B9 11                   10394 	.db #0x11	; 17
    000026BA 11                   10395 	.db #0x11	; 17
    000026BB 11                   10396 	.db #0x11	; 17
    000026BC 11                   10397 	.db #0x11	; 17
    000026BD 11                   10398 	.db #0x11	; 17
    000026BE 11                   10399 	.db #0x11	; 17
    000026BF 11                   10400 	.db #0x11	; 17
    000026C0 11                   10401 	.db #0x11	; 17
    000026C1 11                   10402 	.db #0x11	; 17
    000026C2 11                   10403 	.db #0x11	; 17
    000026C3 11                   10404 	.db #0x11	; 17
    000026C4 11                   10405 	.db #0x11	; 17
    000026C5 11                   10406 	.db #0x11	; 17
    000026C6 11                   10407 	.db #0x11	; 17
    000026C7 11                   10408 	.db #0x11	; 17
    000026C8 11                   10409 	.db #0x11	; 17
    000026C9 11                   10410 	.db #0x11	; 17
    000026CA 11                   10411 	.db #0x11	; 17
    000026CB 11                   10412 	.db #0x11	; 17
    000026CC 11                   10413 	.db #0x11	; 17
    000026CD 11                   10414 	.db #0x11	; 17
    000026CE 11                   10415 	.db #0x11	; 17
    000026CF 11                   10416 	.db #0x11	; 17
    000026D0 11                   10417 	.db #0x11	; 17
    000026D1 11                   10418 	.db #0x11	; 17
    000026D2 89                   10419 	.db #0x89	; 137
    000026D3 98                   10420 	.db #0x98	; 152
    000026D4 11                   10421 	.db #0x11	; 17
    000026D5 11                   10422 	.db #0x11	; 17
    000026D6 11                   10423 	.db #0x11	; 17
    000026D7 11                   10424 	.db #0x11	; 17
    000026D8 11                   10425 	.db #0x11	; 17
    000026D9 11                   10426 	.db #0x11	; 17
    000026DA 11                   10427 	.db #0x11	; 17
    000026DB 11                   10428 	.db #0x11	; 17
    000026DC 11                   10429 	.db #0x11	; 17
    000026DD 11                   10430 	.db #0x11	; 17
    000026DE 11                   10431 	.db #0x11	; 17
    000026DF 11                   10432 	.db #0x11	; 17
    000026E0 11                   10433 	.db #0x11	; 17
    000026E1 11                   10434 	.db #0x11	; 17
    000026E2 11                   10435 	.db #0x11	; 17
    000026E3 11                   10436 	.db #0x11	; 17
    000026E4 11                   10437 	.db #0x11	; 17
    000026E5 11                   10438 	.db #0x11	; 17
    000026E6 11                   10439 	.db #0x11	; 17
    000026E7 11                   10440 	.db #0x11	; 17
    000026E8 11                   10441 	.db #0x11	; 17
    000026E9 11                   10442 	.db #0x11	; 17
    000026EA 11                   10443 	.db #0x11	; 17
    000026EB 11                   10444 	.db #0x11	; 17
    000026EC 11                   10445 	.db #0x11	; 17
    000026ED 11                   10446 	.db #0x11	; 17
    000026EE 89                   10447 	.db #0x89	; 137
    000026EF 98                   10448 	.db #0x98	; 152
    000026F0 11                   10449 	.db #0x11	; 17
    000026F1 11                   10450 	.db #0x11	; 17
    000026F2 11                   10451 	.db #0x11	; 17
    000026F3 11                   10452 	.db #0x11	; 17
    000026F4 11                   10453 	.db #0x11	; 17
    000026F5 11                   10454 	.db #0x11	; 17
    000026F6 11                   10455 	.db #0x11	; 17
    000026F7 11                   10456 	.db #0x11	; 17
    000026F8 11                   10457 	.db #0x11	; 17
    000026F9 AA                   10458 	.db #0xaa	; 170
    000026FA AA                   10459 	.db #0xaa	; 170
    000026FB AA                   10460 	.db #0xaa	; 170
    000026FC AA                   10461 	.db #0xaa	; 170
    000026FD AA                   10462 	.db #0xaa	; 170
    000026FE AA                   10463 	.db #0xaa	; 170
    000026FF 11                   10464 	.db #0x11	; 17
    00002700 11                   10465 	.db #0x11	; 17
    00002701 11                   10466 	.db #0x11	; 17
    00002702 11                   10467 	.db #0x11	; 17
    00002703 11                   10468 	.db #0x11	; 17
    00002704 11                   10469 	.db #0x11	; 17
    00002705 11                   10470 	.db #0x11	; 17
    00002706 11                   10471 	.db #0x11	; 17
    00002707 11                   10472 	.db #0x11	; 17
    00002708 11                   10473 	.db #0x11	; 17
    00002709 11                   10474 	.db #0x11	; 17
    0000270A                      10475 _Flags_palette:
    0000270A 07                   10476 	.db #0x07	; 7
    0000270B 05                   10477 	.db #0x05	; 5
    0000270C 00                   10478 	.db #0x00	; 0
    0000270D 00                   10479 	.db #0x00	; 0
    0000270E 22                   10480 	.db #0x22	; 34
    0000270F 02                   10481 	.db #0x02	; 2
    00002710 00                   10482 	.db #0x00	; 0
    00002711 05                   10483 	.db #0x05	; 5
    00002712 55                   10484 	.db #0x55	; 85	'U'
    00002713 05                   10485 	.db #0x05	; 5
    00002714 77                   10486 	.db #0x77	; 119	'w'
    00002715 07                   10487 	.db #0x07	; 7
    00002716 50                   10488 	.db #0x50	; 80	'P'
    00002717 00                   10489 	.db #0x00	; 0
    00002718 31                   10490 	.db #0x31	; 49	'1'
    00002719 01                   10491 	.db #0x01	; 1
    0000271A 73                   10492 	.db #0x73	; 115	's'
    0000271B 05                   10493 	.db #0x05	; 5
    0000271C 70                   10494 	.db #0x70	; 112	'p'
    0000271D 00                   10495 	.db #0x00	; 0
    0000271E 00                   10496 	.db #0x00	; 0
    0000271F 00                   10497 	.db #0x00	; 0
    00002720                      10498 _Dopefish:
    00002720 11                   10499 	.db #0x11	; 17
    00002721 11                   10500 	.db #0x11	; 17
    00002722 11                   10501 	.db #0x11	; 17
    00002723 11                   10502 	.db #0x11	; 17
    00002724 11                   10503 	.db #0x11	; 17
    00002725 11                   10504 	.db #0x11	; 17
    00002726 11                   10505 	.db #0x11	; 17
    00002727 11                   10506 	.db #0x11	; 17
    00002728 11                   10507 	.db #0x11	; 17
    00002729 11                   10508 	.db #0x11	; 17
    0000272A 11                   10509 	.db #0x11	; 17
    0000272B 11                   10510 	.db #0x11	; 17
    0000272C 11                   10511 	.db #0x11	; 17
    0000272D 11                   10512 	.db #0x11	; 17
    0000272E 11                   10513 	.db #0x11	; 17
    0000272F 11                   10514 	.db #0x11	; 17
    00002730 11                   10515 	.db #0x11	; 17
    00002731 11                   10516 	.db #0x11	; 17
    00002732 11                   10517 	.db #0x11	; 17
    00002733 12                   10518 	.db #0x12	; 18
    00002734 11                   10519 	.db #0x11	; 17
    00002735 11                   10520 	.db #0x11	; 17
    00002736 11                   10521 	.db #0x11	; 17
    00002737 11                   10522 	.db #0x11	; 17
    00002738 11                   10523 	.db #0x11	; 17
    00002739 11                   10524 	.db #0x11	; 17
    0000273A 11                   10525 	.db #0x11	; 17
    0000273B 11                   10526 	.db #0x11	; 17
    0000273C 11                   10527 	.db #0x11	; 17
    0000273D 11                   10528 	.db #0x11	; 17
    0000273E 11                   10529 	.db #0x11	; 17
    0000273F 11                   10530 	.db #0x11	; 17
    00002740 11                   10531 	.db #0x11	; 17
    00002741 11                   10532 	.db #0x11	; 17
    00002742 11                   10533 	.db #0x11	; 17
    00002743 11                   10534 	.db #0x11	; 17
    00002744 11                   10535 	.db #0x11	; 17
    00002745 11                   10536 	.db #0x11	; 17
    00002746 11                   10537 	.db #0x11	; 17
    00002747 11                   10538 	.db #0x11	; 17
    00002748 11                   10539 	.db #0x11	; 17
    00002749 11                   10540 	.db #0x11	; 17
    0000274A 11                   10541 	.db #0x11	; 17
    0000274B 11                   10542 	.db #0x11	; 17
    0000274C 11                   10543 	.db #0x11	; 17
    0000274D 11                   10544 	.db #0x11	; 17
    0000274E 11                   10545 	.db #0x11	; 17
    0000274F 11                   10546 	.db #0x11	; 17
    00002750 11                   10547 	.db #0x11	; 17
    00002751 11                   10548 	.db #0x11	; 17
    00002752 11                   10549 	.db #0x11	; 17
    00002753 11                   10550 	.db #0x11	; 17
    00002754 11                   10551 	.db #0x11	; 17
    00002755 11                   10552 	.db #0x11	; 17
    00002756 11                   10553 	.db #0x11	; 17
    00002757 11                   10554 	.db #0x11	; 17
    00002758 11                   10555 	.db #0x11	; 17
    00002759 11                   10556 	.db #0x11	; 17
    0000275A 11                   10557 	.db #0x11	; 17
    0000275B 24                   10558 	.db #0x24	; 36
    0000275C 21                   10559 	.db #0x21	; 33
    0000275D 11                   10560 	.db #0x11	; 17
    0000275E 11                   10561 	.db #0x11	; 17
    0000275F 11                   10562 	.db #0x11	; 17
    00002760 11                   10563 	.db #0x11	; 17
    00002761 11                   10564 	.db #0x11	; 17
    00002762 11                   10565 	.db #0x11	; 17
    00002763 11                   10566 	.db #0x11	; 17
    00002764 11                   10567 	.db #0x11	; 17
    00002765 11                   10568 	.db #0x11	; 17
    00002766 11                   10569 	.db #0x11	; 17
    00002767 11                   10570 	.db #0x11	; 17
    00002768 11                   10571 	.db #0x11	; 17
    00002769 11                   10572 	.db #0x11	; 17
    0000276A 11                   10573 	.db #0x11	; 17
    0000276B 11                   10574 	.db #0x11	; 17
    0000276C 11                   10575 	.db #0x11	; 17
    0000276D 11                   10576 	.db #0x11	; 17
    0000276E 11                   10577 	.db #0x11	; 17
    0000276F 11                   10578 	.db #0x11	; 17
    00002770 11                   10579 	.db #0x11	; 17
    00002771 11                   10580 	.db #0x11	; 17
    00002772 11                   10581 	.db #0x11	; 17
    00002773 11                   10582 	.db #0x11	; 17
    00002774 11                   10583 	.db #0x11	; 17
    00002775 11                   10584 	.db #0x11	; 17
    00002776 11                   10585 	.db #0x11	; 17
    00002777 11                   10586 	.db #0x11	; 17
    00002778 11                   10587 	.db #0x11	; 17
    00002779 11                   10588 	.db #0x11	; 17
    0000277A 11                   10589 	.db #0x11	; 17
    0000277B 11                   10590 	.db #0x11	; 17
    0000277C 11                   10591 	.db #0x11	; 17
    0000277D 11                   10592 	.db #0x11	; 17
    0000277E 11                   10593 	.db #0x11	; 17
    0000277F 11                   10594 	.db #0x11	; 17
    00002780 11                   10595 	.db #0x11	; 17
    00002781 11                   10596 	.db #0x11	; 17
    00002782 11                   10597 	.db #0x11	; 17
    00002783 24                   10598 	.db #0x24	; 36
    00002784 21                   10599 	.db #0x21	; 33
    00002785 11                   10600 	.db #0x11	; 17
    00002786 11                   10601 	.db #0x11	; 17
    00002787 11                   10602 	.db #0x11	; 17
    00002788 11                   10603 	.db #0x11	; 17
    00002789 11                   10604 	.db #0x11	; 17
    0000278A 11                   10605 	.db #0x11	; 17
    0000278B 11                   10606 	.db #0x11	; 17
    0000278C 11                   10607 	.db #0x11	; 17
    0000278D 11                   10608 	.db #0x11	; 17
    0000278E 11                   10609 	.db #0x11	; 17
    0000278F 11                   10610 	.db #0x11	; 17
    00002790 11                   10611 	.db #0x11	; 17
    00002791 11                   10612 	.db #0x11	; 17
    00002792 11                   10613 	.db #0x11	; 17
    00002793 11                   10614 	.db #0x11	; 17
    00002794 11                   10615 	.db #0x11	; 17
    00002795 11                   10616 	.db #0x11	; 17
    00002796 11                   10617 	.db #0x11	; 17
    00002797 11                   10618 	.db #0x11	; 17
    00002798 11                   10619 	.db #0x11	; 17
    00002799 11                   10620 	.db #0x11	; 17
    0000279A 11                   10621 	.db #0x11	; 17
    0000279B 11                   10622 	.db #0x11	; 17
    0000279C 11                   10623 	.db #0x11	; 17
    0000279D 11                   10624 	.db #0x11	; 17
    0000279E 11                   10625 	.db #0x11	; 17
    0000279F 11                   10626 	.db #0x11	; 17
    000027A0 11                   10627 	.db #0x11	; 17
    000027A1 11                   10628 	.db #0x11	; 17
    000027A2 11                   10629 	.db #0x11	; 17
    000027A3 11                   10630 	.db #0x11	; 17
    000027A4 11                   10631 	.db #0x11	; 17
    000027A5 11                   10632 	.db #0x11	; 17
    000027A6 11                   10633 	.db #0x11	; 17
    000027A7 11                   10634 	.db #0x11	; 17
    000027A8 11                   10635 	.db #0x11	; 17
    000027A9 11                   10636 	.db #0x11	; 17
    000027AA 12                   10637 	.db #0x12	; 18
    000027AB 44                   10638 	.db #0x44	; 68	'D'
    000027AC 42                   10639 	.db #0x42	; 66	'B'
    000027AD 11                   10640 	.db #0x11	; 17
    000027AE 11                   10641 	.db #0x11	; 17
    000027AF 11                   10642 	.db #0x11	; 17
    000027B0 11                   10643 	.db #0x11	; 17
    000027B1 11                   10644 	.db #0x11	; 17
    000027B2 11                   10645 	.db #0x11	; 17
    000027B3 11                   10646 	.db #0x11	; 17
    000027B4 11                   10647 	.db #0x11	; 17
    000027B5 11                   10648 	.db #0x11	; 17
    000027B6 11                   10649 	.db #0x11	; 17
    000027B7 11                   10650 	.db #0x11	; 17
    000027B8 11                   10651 	.db #0x11	; 17
    000027B9 11                   10652 	.db #0x11	; 17
    000027BA 11                   10653 	.db #0x11	; 17
    000027BB 11                   10654 	.db #0x11	; 17
    000027BC 11                   10655 	.db #0x11	; 17
    000027BD 11                   10656 	.db #0x11	; 17
    000027BE 11                   10657 	.db #0x11	; 17
    000027BF 11                   10658 	.db #0x11	; 17
    000027C0 11                   10659 	.db #0x11	; 17
    000027C1 11                   10660 	.db #0x11	; 17
    000027C2 11                   10661 	.db #0x11	; 17
    000027C3 11                   10662 	.db #0x11	; 17
    000027C4 11                   10663 	.db #0x11	; 17
    000027C5 11                   10664 	.db #0x11	; 17
    000027C6 11                   10665 	.db #0x11	; 17
    000027C7 11                   10666 	.db #0x11	; 17
    000027C8 11                   10667 	.db #0x11	; 17
    000027C9 11                   10668 	.db #0x11	; 17
    000027CA 11                   10669 	.db #0x11	; 17
    000027CB 11                   10670 	.db #0x11	; 17
    000027CC 11                   10671 	.db #0x11	; 17
    000027CD 11                   10672 	.db #0x11	; 17
    000027CE 11                   10673 	.db #0x11	; 17
    000027CF 11                   10674 	.db #0x11	; 17
    000027D0 11                   10675 	.db #0x11	; 17
    000027D1 11                   10676 	.db #0x11	; 17
    000027D2 12                   10677 	.db #0x12	; 18
    000027D3 44                   10678 	.db #0x44	; 68	'D'
    000027D4 42                   10679 	.db #0x42	; 66	'B'
    000027D5 11                   10680 	.db #0x11	; 17
    000027D6 11                   10681 	.db #0x11	; 17
    000027D7 11                   10682 	.db #0x11	; 17
    000027D8 11                   10683 	.db #0x11	; 17
    000027D9 11                   10684 	.db #0x11	; 17
    000027DA 11                   10685 	.db #0x11	; 17
    000027DB 11                   10686 	.db #0x11	; 17
    000027DC 11                   10687 	.db #0x11	; 17
    000027DD 11                   10688 	.db #0x11	; 17
    000027DE 11                   10689 	.db #0x11	; 17
    000027DF 11                   10690 	.db #0x11	; 17
    000027E0 11                   10691 	.db #0x11	; 17
    000027E1 11                   10692 	.db #0x11	; 17
    000027E2 11                   10693 	.db #0x11	; 17
    000027E3 11                   10694 	.db #0x11	; 17
    000027E4 11                   10695 	.db #0x11	; 17
    000027E5 11                   10696 	.db #0x11	; 17
    000027E6 11                   10697 	.db #0x11	; 17
    000027E7 11                   10698 	.db #0x11	; 17
    000027E8 11                   10699 	.db #0x11	; 17
    000027E9 11                   10700 	.db #0x11	; 17
    000027EA 11                   10701 	.db #0x11	; 17
    000027EB 11                   10702 	.db #0x11	; 17
    000027EC 11                   10703 	.db #0x11	; 17
    000027ED 11                   10704 	.db #0x11	; 17
    000027EE 11                   10705 	.db #0x11	; 17
    000027EF 11                   10706 	.db #0x11	; 17
    000027F0 11                   10707 	.db #0x11	; 17
    000027F1 11                   10708 	.db #0x11	; 17
    000027F2 11                   10709 	.db #0x11	; 17
    000027F3 11                   10710 	.db #0x11	; 17
    000027F4 11                   10711 	.db #0x11	; 17
    000027F5 11                   10712 	.db #0x11	; 17
    000027F6 11                   10713 	.db #0x11	; 17
    000027F7 11                   10714 	.db #0x11	; 17
    000027F8 11                   10715 	.db #0x11	; 17
    000027F9 11                   10716 	.db #0x11	; 17
    000027FA 12                   10717 	.db #0x12	; 18
    000027FB 44                   10718 	.db #0x44	; 68	'D'
    000027FC 42                   10719 	.db #0x42	; 66	'B'
    000027FD 11                   10720 	.db #0x11	; 17
    000027FE 11                   10721 	.db #0x11	; 17
    000027FF 11                   10722 	.db #0x11	; 17
    00002800 11                   10723 	.db #0x11	; 17
    00002801 11                   10724 	.db #0x11	; 17
    00002802 11                   10725 	.db #0x11	; 17
    00002803 11                   10726 	.db #0x11	; 17
    00002804 11                   10727 	.db #0x11	; 17
    00002805 11                   10728 	.db #0x11	; 17
    00002806 11                   10729 	.db #0x11	; 17
    00002807 11                   10730 	.db #0x11	; 17
    00002808 11                   10731 	.db #0x11	; 17
    00002809 11                   10732 	.db #0x11	; 17
    0000280A 11                   10733 	.db #0x11	; 17
    0000280B 11                   10734 	.db #0x11	; 17
    0000280C 11                   10735 	.db #0x11	; 17
    0000280D 11                   10736 	.db #0x11	; 17
    0000280E 11                   10737 	.db #0x11	; 17
    0000280F 11                   10738 	.db #0x11	; 17
    00002810 11                   10739 	.db #0x11	; 17
    00002811 11                   10740 	.db #0x11	; 17
    00002812 11                   10741 	.db #0x11	; 17
    00002813 11                   10742 	.db #0x11	; 17
    00002814 11                   10743 	.db #0x11	; 17
    00002815 11                   10744 	.db #0x11	; 17
    00002816 11                   10745 	.db #0x11	; 17
    00002817 11                   10746 	.db #0x11	; 17
    00002818 11                   10747 	.db #0x11	; 17
    00002819 11                   10748 	.db #0x11	; 17
    0000281A 11                   10749 	.db #0x11	; 17
    0000281B 11                   10750 	.db #0x11	; 17
    0000281C 11                   10751 	.db #0x11	; 17
    0000281D 11                   10752 	.db #0x11	; 17
    0000281E 11                   10753 	.db #0x11	; 17
    0000281F 11                   10754 	.db #0x11	; 17
    00002820 11                   10755 	.db #0x11	; 17
    00002821 11                   10756 	.db #0x11	; 17
    00002822 22                   10757 	.db #0x22	; 34
    00002823 44                   10758 	.db #0x44	; 68	'D'
    00002824 42                   10759 	.db #0x42	; 66	'B'
    00002825 21                   10760 	.db #0x21	; 33
    00002826 11                   10761 	.db #0x11	; 17
    00002827 11                   10762 	.db #0x11	; 17
    00002828 11                   10763 	.db #0x11	; 17
    00002829 11                   10764 	.db #0x11	; 17
    0000282A 11                   10765 	.db #0x11	; 17
    0000282B 11                   10766 	.db #0x11	; 17
    0000282C 11                   10767 	.db #0x11	; 17
    0000282D 11                   10768 	.db #0x11	; 17
    0000282E 11                   10769 	.db #0x11	; 17
    0000282F 11                   10770 	.db #0x11	; 17
    00002830 11                   10771 	.db #0x11	; 17
    00002831 11                   10772 	.db #0x11	; 17
    00002832 11                   10773 	.db #0x11	; 17
    00002833 11                   10774 	.db #0x11	; 17
    00002834 11                   10775 	.db #0x11	; 17
    00002835 11                   10776 	.db #0x11	; 17
    00002836 11                   10777 	.db #0x11	; 17
    00002837 11                   10778 	.db #0x11	; 17
    00002838 11                   10779 	.db #0x11	; 17
    00002839 11                   10780 	.db #0x11	; 17
    0000283A 11                   10781 	.db #0x11	; 17
    0000283B 11                   10782 	.db #0x11	; 17
    0000283C 11                   10783 	.db #0x11	; 17
    0000283D 11                   10784 	.db #0x11	; 17
    0000283E 11                   10785 	.db #0x11	; 17
    0000283F 11                   10786 	.db #0x11	; 17
    00002840 11                   10787 	.db #0x11	; 17
    00002841 11                   10788 	.db #0x11	; 17
    00002842 11                   10789 	.db #0x11	; 17
    00002843 11                   10790 	.db #0x11	; 17
    00002844 11                   10791 	.db #0x11	; 17
    00002845 11                   10792 	.db #0x11	; 17
    00002846 11                   10793 	.db #0x11	; 17
    00002847 11                   10794 	.db #0x11	; 17
    00002848 11                   10795 	.db #0x11	; 17
    00002849 11                   10796 	.db #0x11	; 17
    0000284A 24                   10797 	.db #0x24	; 36
    0000284B 44                   10798 	.db #0x44	; 68	'D'
    0000284C 44                   10799 	.db #0x44	; 68	'D'
    0000284D 21                   10800 	.db #0x21	; 33
    0000284E 11                   10801 	.db #0x11	; 17
    0000284F 11                   10802 	.db #0x11	; 17
    00002850 11                   10803 	.db #0x11	; 17
    00002851 11                   10804 	.db #0x11	; 17
    00002852 11                   10805 	.db #0x11	; 17
    00002853 11                   10806 	.db #0x11	; 17
    00002854 11                   10807 	.db #0x11	; 17
    00002855 11                   10808 	.db #0x11	; 17
    00002856 11                   10809 	.db #0x11	; 17
    00002857 11                   10810 	.db #0x11	; 17
    00002858 11                   10811 	.db #0x11	; 17
    00002859 11                   10812 	.db #0x11	; 17
    0000285A 11                   10813 	.db #0x11	; 17
    0000285B 11                   10814 	.db #0x11	; 17
    0000285C 11                   10815 	.db #0x11	; 17
    0000285D 11                   10816 	.db #0x11	; 17
    0000285E 11                   10817 	.db #0x11	; 17
    0000285F 11                   10818 	.db #0x11	; 17
    00002860 11                   10819 	.db #0x11	; 17
    00002861 11                   10820 	.db #0x11	; 17
    00002862 11                   10821 	.db #0x11	; 17
    00002863 11                   10822 	.db #0x11	; 17
    00002864 11                   10823 	.db #0x11	; 17
    00002865 11                   10824 	.db #0x11	; 17
    00002866 11                   10825 	.db #0x11	; 17
    00002867 11                   10826 	.db #0x11	; 17
    00002868 11                   10827 	.db #0x11	; 17
    00002869 11                   10828 	.db #0x11	; 17
    0000286A 11                   10829 	.db #0x11	; 17
    0000286B 11                   10830 	.db #0x11	; 17
    0000286C 11                   10831 	.db #0x11	; 17
    0000286D 11                   10832 	.db #0x11	; 17
    0000286E 11                   10833 	.db #0x11	; 17
    0000286F 11                   10834 	.db #0x11	; 17
    00002870 11                   10835 	.db #0x11	; 17
    00002871 11                   10836 	.db #0x11	; 17
    00002872 24                   10837 	.db #0x24	; 36
    00002873 44                   10838 	.db #0x44	; 68	'D'
    00002874 44                   10839 	.db #0x44	; 68	'D'
    00002875 21                   10840 	.db #0x21	; 33
    00002876 11                   10841 	.db #0x11	; 17
    00002877 11                   10842 	.db #0x11	; 17
    00002878 11                   10843 	.db #0x11	; 17
    00002879 11                   10844 	.db #0x11	; 17
    0000287A 11                   10845 	.db #0x11	; 17
    0000287B 11                   10846 	.db #0x11	; 17
    0000287C 11                   10847 	.db #0x11	; 17
    0000287D 11                   10848 	.db #0x11	; 17
    0000287E 11                   10849 	.db #0x11	; 17
    0000287F 11                   10850 	.db #0x11	; 17
    00002880 11                   10851 	.db #0x11	; 17
    00002881 11                   10852 	.db #0x11	; 17
    00002882 11                   10853 	.db #0x11	; 17
    00002883 11                   10854 	.db #0x11	; 17
    00002884 11                   10855 	.db #0x11	; 17
    00002885 11                   10856 	.db #0x11	; 17
    00002886 11                   10857 	.db #0x11	; 17
    00002887 11                   10858 	.db #0x11	; 17
    00002888 11                   10859 	.db #0x11	; 17
    00002889 11                   10860 	.db #0x11	; 17
    0000288A 11                   10861 	.db #0x11	; 17
    0000288B 11                   10862 	.db #0x11	; 17
    0000288C 11                   10863 	.db #0x11	; 17
    0000288D 11                   10864 	.db #0x11	; 17
    0000288E 11                   10865 	.db #0x11	; 17
    0000288F 11                   10866 	.db #0x11	; 17
    00002890 11                   10867 	.db #0x11	; 17
    00002891 11                   10868 	.db #0x11	; 17
    00002892 11                   10869 	.db #0x11	; 17
    00002893 11                   10870 	.db #0x11	; 17
    00002894 11                   10871 	.db #0x11	; 17
    00002895 11                   10872 	.db #0x11	; 17
    00002896 11                   10873 	.db #0x11	; 17
    00002897 11                   10874 	.db #0x11	; 17
    00002898 11                   10875 	.db #0x11	; 17
    00002899 22                   10876 	.db #0x22	; 34
    0000289A 22                   10877 	.db #0x22	; 34
    0000289B 22                   10878 	.db #0x22	; 34
    0000289C 22                   10879 	.db #0x22	; 34
    0000289D 22                   10880 	.db #0x22	; 34
    0000289E 21                   10881 	.db #0x21	; 33
    0000289F 11                   10882 	.db #0x11	; 17
    000028A0 11                   10883 	.db #0x11	; 17
    000028A1 11                   10884 	.db #0x11	; 17
    000028A2 11                   10885 	.db #0x11	; 17
    000028A3 11                   10886 	.db #0x11	; 17
    000028A4 11                   10887 	.db #0x11	; 17
    000028A5 11                   10888 	.db #0x11	; 17
    000028A6 11                   10889 	.db #0x11	; 17
    000028A7 11                   10890 	.db #0x11	; 17
    000028A8 11                   10891 	.db #0x11	; 17
    000028A9 11                   10892 	.db #0x11	; 17
    000028AA 11                   10893 	.db #0x11	; 17
    000028AB 11                   10894 	.db #0x11	; 17
    000028AC 11                   10895 	.db #0x11	; 17
    000028AD 11                   10896 	.db #0x11	; 17
    000028AE 11                   10897 	.db #0x11	; 17
    000028AF 11                   10898 	.db #0x11	; 17
    000028B0 11                   10899 	.db #0x11	; 17
    000028B1 11                   10900 	.db #0x11	; 17
    000028B2 11                   10901 	.db #0x11	; 17
    000028B3 11                   10902 	.db #0x11	; 17
    000028B4 11                   10903 	.db #0x11	; 17
    000028B5 11                   10904 	.db #0x11	; 17
    000028B6 11                   10905 	.db #0x11	; 17
    000028B7 11                   10906 	.db #0x11	; 17
    000028B8 11                   10907 	.db #0x11	; 17
    000028B9 11                   10908 	.db #0x11	; 17
    000028BA 11                   10909 	.db #0x11	; 17
    000028BB 11                   10910 	.db #0x11	; 17
    000028BC 11                   10911 	.db #0x11	; 17
    000028BD 11                   10912 	.db #0x11	; 17
    000028BE 11                   10913 	.db #0x11	; 17
    000028BF 22                   10914 	.db #0x22	; 34
    000028C0 22                   10915 	.db #0x22	; 34
    000028C1 33                   10916 	.db #0x33	; 51	'3'
    000028C2 44                   10917 	.db #0x44	; 68	'D'
    000028C3 44                   10918 	.db #0x44	; 68	'D'
    000028C4 44                   10919 	.db #0x44	; 68	'D'
    000028C5 43                   10920 	.db #0x43	; 67	'C'
    000028C6 22                   10921 	.db #0x22	; 34
    000028C7 22                   10922 	.db #0x22	; 34
    000028C8 21                   10923 	.db #0x21	; 33
    000028C9 11                   10924 	.db #0x11	; 17
    000028CA 11                   10925 	.db #0x11	; 17
    000028CB 11                   10926 	.db #0x11	; 17
    000028CC 11                   10927 	.db #0x11	; 17
    000028CD 11                   10928 	.db #0x11	; 17
    000028CE 11                   10929 	.db #0x11	; 17
    000028CF 11                   10930 	.db #0x11	; 17
    000028D0 11                   10931 	.db #0x11	; 17
    000028D1 11                   10932 	.db #0x11	; 17
    000028D2 11                   10933 	.db #0x11	; 17
    000028D3 11                   10934 	.db #0x11	; 17
    000028D4 11                   10935 	.db #0x11	; 17
    000028D5 11                   10936 	.db #0x11	; 17
    000028D6 11                   10937 	.db #0x11	; 17
    000028D7 11                   10938 	.db #0x11	; 17
    000028D8 11                   10939 	.db #0x11	; 17
    000028D9 11                   10940 	.db #0x11	; 17
    000028DA 11                   10941 	.db #0x11	; 17
    000028DB 11                   10942 	.db #0x11	; 17
    000028DC 11                   10943 	.db #0x11	; 17
    000028DD 11                   10944 	.db #0x11	; 17
    000028DE 11                   10945 	.db #0x11	; 17
    000028DF 11                   10946 	.db #0x11	; 17
    000028E0 11                   10947 	.db #0x11	; 17
    000028E1 11                   10948 	.db #0x11	; 17
    000028E2 11                   10949 	.db #0x11	; 17
    000028E3 11                   10950 	.db #0x11	; 17
    000028E4 11                   10951 	.db #0x11	; 17
    000028E5 11                   10952 	.db #0x11	; 17
    000028E6 22                   10953 	.db #0x22	; 34
    000028E7 34                   10954 	.db #0x34	; 52	'4'
    000028E8 44                   10955 	.db #0x44	; 68	'D'
    000028E9 44                   10956 	.db #0x44	; 68	'D'
    000028EA 44                   10957 	.db #0x44	; 68	'D'
    000028EB 44                   10958 	.db #0x44	; 68	'D'
    000028EC 44                   10959 	.db #0x44	; 68	'D'
    000028ED 44                   10960 	.db #0x44	; 68	'D'
    000028EE 44                   10961 	.db #0x44	; 68	'D'
    000028EF 44                   10962 	.db #0x44	; 68	'D'
    000028F0 32                   10963 	.db #0x32	; 50	'2'
    000028F1 21                   10964 	.db #0x21	; 33
    000028F2 11                   10965 	.db #0x11	; 17
    000028F3 11                   10966 	.db #0x11	; 17
    000028F4 11                   10967 	.db #0x11	; 17
    000028F5 11                   10968 	.db #0x11	; 17
    000028F6 11                   10969 	.db #0x11	; 17
    000028F7 11                   10970 	.db #0x11	; 17
    000028F8 11                   10971 	.db #0x11	; 17
    000028F9 11                   10972 	.db #0x11	; 17
    000028FA 11                   10973 	.db #0x11	; 17
    000028FB 11                   10974 	.db #0x11	; 17
    000028FC 11                   10975 	.db #0x11	; 17
    000028FD 11                   10976 	.db #0x11	; 17
    000028FE 11                   10977 	.db #0x11	; 17
    000028FF 11                   10978 	.db #0x11	; 17
    00002900 11                   10979 	.db #0x11	; 17
    00002901 11                   10980 	.db #0x11	; 17
    00002902 11                   10981 	.db #0x11	; 17
    00002903 11                   10982 	.db #0x11	; 17
    00002904 11                   10983 	.db #0x11	; 17
    00002905 11                   10984 	.db #0x11	; 17
    00002906 11                   10985 	.db #0x11	; 17
    00002907 11                   10986 	.db #0x11	; 17
    00002908 11                   10987 	.db #0x11	; 17
    00002909 11                   10988 	.db #0x11	; 17
    0000290A 11                   10989 	.db #0x11	; 17
    0000290B 11                   10990 	.db #0x11	; 17
    0000290C 12                   10991 	.db #0x12	; 18
    0000290D 22                   10992 	.db #0x22	; 34
    0000290E 34                   10993 	.db #0x34	; 52	'4'
    0000290F 44                   10994 	.db #0x44	; 68	'D'
    00002910 44                   10995 	.db #0x44	; 68	'D'
    00002911 44                   10996 	.db #0x44	; 68	'D'
    00002912 44                   10997 	.db #0x44	; 68	'D'
    00002913 44                   10998 	.db #0x44	; 68	'D'
    00002914 44                   10999 	.db #0x44	; 68	'D'
    00002915 44                   11000 	.db #0x44	; 68	'D'
    00002916 44                   11001 	.db #0x44	; 68	'D'
    00002917 44                   11002 	.db #0x44	; 68	'D'
    00002918 44                   11003 	.db #0x44	; 68	'D'
    00002919 32                   11004 	.db #0x32	; 50	'2'
    0000291A 22                   11005 	.db #0x22	; 34
    0000291B 11                   11006 	.db #0x11	; 17
    0000291C 11                   11007 	.db #0x11	; 17
    0000291D 11                   11008 	.db #0x11	; 17
    0000291E 11                   11009 	.db #0x11	; 17
    0000291F 11                   11010 	.db #0x11	; 17
    00002920 11                   11011 	.db #0x11	; 17
    00002921 11                   11012 	.db #0x11	; 17
    00002922 11                   11013 	.db #0x11	; 17
    00002923 11                   11014 	.db #0x11	; 17
    00002924 11                   11015 	.db #0x11	; 17
    00002925 11                   11016 	.db #0x11	; 17
    00002926 11                   11017 	.db #0x11	; 17
    00002927 11                   11018 	.db #0x11	; 17
    00002928 11                   11019 	.db #0x11	; 17
    00002929 11                   11020 	.db #0x11	; 17
    0000292A 11                   11021 	.db #0x11	; 17
    0000292B 11                   11022 	.db #0x11	; 17
    0000292C 11                   11023 	.db #0x11	; 17
    0000292D 11                   11024 	.db #0x11	; 17
    0000292E 11                   11025 	.db #0x11	; 17
    0000292F 11                   11026 	.db #0x11	; 17
    00002930 11                   11027 	.db #0x11	; 17
    00002931 11                   11028 	.db #0x11	; 17
    00002932 11                   11029 	.db #0x11	; 17
    00002933 11                   11030 	.db #0x11	; 17
    00002934 22                   11031 	.db #0x22	; 34
    00002935 44                   11032 	.db #0x44	; 68	'D'
    00002936 44                   11033 	.db #0x44	; 68	'D'
    00002937 44                   11034 	.db #0x44	; 68	'D'
    00002938 44                   11035 	.db #0x44	; 68	'D'
    00002939 44                   11036 	.db #0x44	; 68	'D'
    0000293A 44                   11037 	.db #0x44	; 68	'D'
    0000293B 44                   11038 	.db #0x44	; 68	'D'
    0000293C 44                   11039 	.db #0x44	; 68	'D'
    0000293D 44                   11040 	.db #0x44	; 68	'D'
    0000293E 44                   11041 	.db #0x44	; 68	'D'
    0000293F 44                   11042 	.db #0x44	; 68	'D'
    00002940 44                   11043 	.db #0x44	; 68	'D'
    00002941 44                   11044 	.db #0x44	; 68	'D'
    00002942 42                   11045 	.db #0x42	; 66	'B'
    00002943 21                   11046 	.db #0x21	; 33
    00002944 11                   11047 	.db #0x11	; 17
    00002945 11                   11048 	.db #0x11	; 17
    00002946 11                   11049 	.db #0x11	; 17
    00002947 11                   11050 	.db #0x11	; 17
    00002948 11                   11051 	.db #0x11	; 17
    00002949 11                   11052 	.db #0x11	; 17
    0000294A 11                   11053 	.db #0x11	; 17
    0000294B 11                   11054 	.db #0x11	; 17
    0000294C 11                   11055 	.db #0x11	; 17
    0000294D 11                   11056 	.db #0x11	; 17
    0000294E 11                   11057 	.db #0x11	; 17
    0000294F 11                   11058 	.db #0x11	; 17
    00002950 11                   11059 	.db #0x11	; 17
    00002951 11                   11060 	.db #0x11	; 17
    00002952 11                   11061 	.db #0x11	; 17
    00002953 11                   11062 	.db #0x11	; 17
    00002954 11                   11063 	.db #0x11	; 17
    00002955 11                   11064 	.db #0x11	; 17
    00002956 11                   11065 	.db #0x11	; 17
    00002957 11                   11066 	.db #0x11	; 17
    00002958 11                   11067 	.db #0x11	; 17
    00002959 11                   11068 	.db #0x11	; 17
    0000295A 11                   11069 	.db #0x11	; 17
    0000295B 22                   11070 	.db #0x22	; 34
    0000295C 34                   11071 	.db #0x34	; 52	'4'
    0000295D 44                   11072 	.db #0x44	; 68	'D'
    0000295E 44                   11073 	.db #0x44	; 68	'D'
    0000295F 44                   11074 	.db #0x44	; 68	'D'
    00002960 44                   11075 	.db #0x44	; 68	'D'
    00002961 44                   11076 	.db #0x44	; 68	'D'
    00002962 44                   11077 	.db #0x44	; 68	'D'
    00002963 44                   11078 	.db #0x44	; 68	'D'
    00002964 44                   11079 	.db #0x44	; 68	'D'
    00002965 44                   11080 	.db #0x44	; 68	'D'
    00002966 44                   11081 	.db #0x44	; 68	'D'
    00002967 44                   11082 	.db #0x44	; 68	'D'
    00002968 44                   11083 	.db #0x44	; 68	'D'
    00002969 44                   11084 	.db #0x44	; 68	'D'
    0000296A 44                   11085 	.db #0x44	; 68	'D'
    0000296B 32                   11086 	.db #0x32	; 50	'2'
    0000296C 21                   11087 	.db #0x21	; 33
    0000296D 11                   11088 	.db #0x11	; 17
    0000296E 11                   11089 	.db #0x11	; 17
    0000296F 11                   11090 	.db #0x11	; 17
    00002970 11                   11091 	.db #0x11	; 17
    00002971 11                   11092 	.db #0x11	; 17
    00002972 11                   11093 	.db #0x11	; 17
    00002973 11                   11094 	.db #0x11	; 17
    00002974 11                   11095 	.db #0x11	; 17
    00002975 11                   11096 	.db #0x11	; 17
    00002976 11                   11097 	.db #0x11	; 17
    00002977 11                   11098 	.db #0x11	; 17
    00002978 11                   11099 	.db #0x11	; 17
    00002979 11                   11100 	.db #0x11	; 17
    0000297A 11                   11101 	.db #0x11	; 17
    0000297B 11                   11102 	.db #0x11	; 17
    0000297C 11                   11103 	.db #0x11	; 17
    0000297D 11                   11104 	.db #0x11	; 17
    0000297E 11                   11105 	.db #0x11	; 17
    0000297F 11                   11106 	.db #0x11	; 17
    00002980 11                   11107 	.db #0x11	; 17
    00002981 11                   11108 	.db #0x11	; 17
    00002982 12                   11109 	.db #0x12	; 18
    00002983 24                   11110 	.db #0x24	; 36
    00002984 44                   11111 	.db #0x44	; 68	'D'
    00002985 44                   11112 	.db #0x44	; 68	'D'
    00002986 44                   11113 	.db #0x44	; 68	'D'
    00002987 44                   11114 	.db #0x44	; 68	'D'
    00002988 44                   11115 	.db #0x44	; 68	'D'
    00002989 44                   11116 	.db #0x44	; 68	'D'
    0000298A 44                   11117 	.db #0x44	; 68	'D'
    0000298B 44                   11118 	.db #0x44	; 68	'D'
    0000298C 44                   11119 	.db #0x44	; 68	'D'
    0000298D 44                   11120 	.db #0x44	; 68	'D'
    0000298E 44                   11121 	.db #0x44	; 68	'D'
    0000298F 44                   11122 	.db #0x44	; 68	'D'
    00002990 44                   11123 	.db #0x44	; 68	'D'
    00002991 44                   11124 	.db #0x44	; 68	'D'
    00002992 44                   11125 	.db #0x44	; 68	'D'
    00002993 44                   11126 	.db #0x44	; 68	'D'
    00002994 22                   11127 	.db #0x22	; 34
    00002995 11                   11128 	.db #0x11	; 17
    00002996 11                   11129 	.db #0x11	; 17
    00002997 11                   11130 	.db #0x11	; 17
    00002998 11                   11131 	.db #0x11	; 17
    00002999 11                   11132 	.db #0x11	; 17
    0000299A 11                   11133 	.db #0x11	; 17
    0000299B 11                   11134 	.db #0x11	; 17
    0000299C 11                   11135 	.db #0x11	; 17
    0000299D 11                   11136 	.db #0x11	; 17
    0000299E 11                   11137 	.db #0x11	; 17
    0000299F 11                   11138 	.db #0x11	; 17
    000029A0 11                   11139 	.db #0x11	; 17
    000029A1 11                   11140 	.db #0x11	; 17
    000029A2 11                   11141 	.db #0x11	; 17
    000029A3 11                   11142 	.db #0x11	; 17
    000029A4 11                   11143 	.db #0x11	; 17
    000029A5 11                   11144 	.db #0x11	; 17
    000029A6 11                   11145 	.db #0x11	; 17
    000029A7 11                   11146 	.db #0x11	; 17
    000029A8 11                   11147 	.db #0x11	; 17
    000029A9 11                   11148 	.db #0x11	; 17
    000029AA 22                   11149 	.db #0x22	; 34
    000029AB 44                   11150 	.db #0x44	; 68	'D'
    000029AC 44                   11151 	.db #0x44	; 68	'D'
    000029AD 44                   11152 	.db #0x44	; 68	'D'
    000029AE 44                   11153 	.db #0x44	; 68	'D'
    000029AF 44                   11154 	.db #0x44	; 68	'D'
    000029B0 44                   11155 	.db #0x44	; 68	'D'
    000029B1 44                   11156 	.db #0x44	; 68	'D'
    000029B2 44                   11157 	.db #0x44	; 68	'D'
    000029B3 44                   11158 	.db #0x44	; 68	'D'
    000029B4 44                   11159 	.db #0x44	; 68	'D'
    000029B5 44                   11160 	.db #0x44	; 68	'D'
    000029B6 44                   11161 	.db #0x44	; 68	'D'
    000029B7 44                   11162 	.db #0x44	; 68	'D'
    000029B8 44                   11163 	.db #0x44	; 68	'D'
    000029B9 44                   11164 	.db #0x44	; 68	'D'
    000029BA 44                   11165 	.db #0x44	; 68	'D'
    000029BB 44                   11166 	.db #0x44	; 68	'D'
    000029BC 42                   11167 	.db #0x42	; 66	'B'
    000029BD 21                   11168 	.db #0x21	; 33
    000029BE 11                   11169 	.db #0x11	; 17
    000029BF 11                   11170 	.db #0x11	; 17
    000029C0 11                   11171 	.db #0x11	; 17
    000029C1 11                   11172 	.db #0x11	; 17
    000029C2 11                   11173 	.db #0x11	; 17
    000029C3 11                   11174 	.db #0x11	; 17
    000029C4 11                   11175 	.db #0x11	; 17
    000029C5 11                   11176 	.db #0x11	; 17
    000029C6 11                   11177 	.db #0x11	; 17
    000029C7 11                   11178 	.db #0x11	; 17
    000029C8 11                   11179 	.db #0x11	; 17
    000029C9 11                   11180 	.db #0x11	; 17
    000029CA 11                   11181 	.db #0x11	; 17
    000029CB 11                   11182 	.db #0x11	; 17
    000029CC 11                   11183 	.db #0x11	; 17
    000029CD 11                   11184 	.db #0x11	; 17
    000029CE 11                   11185 	.db #0x11	; 17
    000029CF 11                   11186 	.db #0x11	; 17
    000029D0 11                   11187 	.db #0x11	; 17
    000029D1 12                   11188 	.db #0x12	; 18
    000029D2 24                   11189 	.db #0x24	; 36
    000029D3 44                   11190 	.db #0x44	; 68	'D'
    000029D4 44                   11191 	.db #0x44	; 68	'D'
    000029D5 44                   11192 	.db #0x44	; 68	'D'
    000029D6 44                   11193 	.db #0x44	; 68	'D'
    000029D7 44                   11194 	.db #0x44	; 68	'D'
    000029D8 44                   11195 	.db #0x44	; 68	'D'
    000029D9 44                   11196 	.db #0x44	; 68	'D'
    000029DA 44                   11197 	.db #0x44	; 68	'D'
    000029DB 44                   11198 	.db #0x44	; 68	'D'
    000029DC 44                   11199 	.db #0x44	; 68	'D'
    000029DD 44                   11200 	.db #0x44	; 68	'D'
    000029DE 44                   11201 	.db #0x44	; 68	'D'
    000029DF 44                   11202 	.db #0x44	; 68	'D'
    000029E0 44                   11203 	.db #0x44	; 68	'D'
    000029E1 44                   11204 	.db #0x44	; 68	'D'
    000029E2 44                   11205 	.db #0x44	; 68	'D'
    000029E3 44                   11206 	.db #0x44	; 68	'D'
    000029E4 44                   11207 	.db #0x44	; 68	'D'
    000029E5 22                   11208 	.db #0x22	; 34
    000029E6 11                   11209 	.db #0x11	; 17
    000029E7 11                   11210 	.db #0x11	; 17
    000029E8 11                   11211 	.db #0x11	; 17
    000029E9 11                   11212 	.db #0x11	; 17
    000029EA 11                   11213 	.db #0x11	; 17
    000029EB 11                   11214 	.db #0x11	; 17
    000029EC 11                   11215 	.db #0x11	; 17
    000029ED 11                   11216 	.db #0x11	; 17
    000029EE 11                   11217 	.db #0x11	; 17
    000029EF 11                   11218 	.db #0x11	; 17
    000029F0 11                   11219 	.db #0x11	; 17
    000029F1 11                   11220 	.db #0x11	; 17
    000029F2 11                   11221 	.db #0x11	; 17
    000029F3 11                   11222 	.db #0x11	; 17
    000029F4 11                   11223 	.db #0x11	; 17
    000029F5 11                   11224 	.db #0x11	; 17
    000029F6 11                   11225 	.db #0x11	; 17
    000029F7 11                   11226 	.db #0x11	; 17
    000029F8 11                   11227 	.db #0x11	; 17
    000029F9 22                   11228 	.db #0x22	; 34
    000029FA 44                   11229 	.db #0x44	; 68	'D'
    000029FB 44                   11230 	.db #0x44	; 68	'D'
    000029FC 44                   11231 	.db #0x44	; 68	'D'
    000029FD 44                   11232 	.db #0x44	; 68	'D'
    000029FE 44                   11233 	.db #0x44	; 68	'D'
    000029FF 44                   11234 	.db #0x44	; 68	'D'
    00002A00 44                   11235 	.db #0x44	; 68	'D'
    00002A01 44                   11236 	.db #0x44	; 68	'D'
    00002A02 44                   11237 	.db #0x44	; 68	'D'
    00002A03 44                   11238 	.db #0x44	; 68	'D'
    00002A04 44                   11239 	.db #0x44	; 68	'D'
    00002A05 44                   11240 	.db #0x44	; 68	'D'
    00002A06 44                   11241 	.db #0x44	; 68	'D'
    00002A07 44                   11242 	.db #0x44	; 68	'D'
    00002A08 44                   11243 	.db #0x44	; 68	'D'
    00002A09 44                   11244 	.db #0x44	; 68	'D'
    00002A0A 44                   11245 	.db #0x44	; 68	'D'
    00002A0B 44                   11246 	.db #0x44	; 68	'D'
    00002A0C 44                   11247 	.db #0x44	; 68	'D'
    00002A0D 42                   11248 	.db #0x42	; 66	'B'
    00002A0E 21                   11249 	.db #0x21	; 33
    00002A0F 11                   11250 	.db #0x11	; 17
    00002A10 11                   11251 	.db #0x11	; 17
    00002A11 11                   11252 	.db #0x11	; 17
    00002A12 11                   11253 	.db #0x11	; 17
    00002A13 11                   11254 	.db #0x11	; 17
    00002A14 11                   11255 	.db #0x11	; 17
    00002A15 11                   11256 	.db #0x11	; 17
    00002A16 11                   11257 	.db #0x11	; 17
    00002A17 11                   11258 	.db #0x11	; 17
    00002A18 11                   11259 	.db #0x11	; 17
    00002A19 11                   11260 	.db #0x11	; 17
    00002A1A 11                   11261 	.db #0x11	; 17
    00002A1B 11                   11262 	.db #0x11	; 17
    00002A1C 11                   11263 	.db #0x11	; 17
    00002A1D 11                   11264 	.db #0x11	; 17
    00002A1E 11                   11265 	.db #0x11	; 17
    00002A1F 11                   11266 	.db #0x11	; 17
    00002A20 12                   11267 	.db #0x12	; 18
    00002A21 24                   11268 	.db #0x24	; 36
    00002A22 44                   11269 	.db #0x44	; 68	'D'
    00002A23 44                   11270 	.db #0x44	; 68	'D'
    00002A24 44                   11271 	.db #0x44	; 68	'D'
    00002A25 44                   11272 	.db #0x44	; 68	'D'
    00002A26 44                   11273 	.db #0x44	; 68	'D'
    00002A27 22                   11274 	.db #0x22	; 34
    00002A28 22                   11275 	.db #0x22	; 34
    00002A29 22                   11276 	.db #0x22	; 34
    00002A2A 22                   11277 	.db #0x22	; 34
    00002A2B 44                   11278 	.db #0x44	; 68	'D'
    00002A2C 44                   11279 	.db #0x44	; 68	'D'
    00002A2D 22                   11280 	.db #0x22	; 34
    00002A2E 22                   11281 	.db #0x22	; 34
    00002A2F 22                   11282 	.db #0x22	; 34
    00002A30 22                   11283 	.db #0x22	; 34
    00002A31 44                   11284 	.db #0x44	; 68	'D'
    00002A32 44                   11285 	.db #0x44	; 68	'D'
    00002A33 44                   11286 	.db #0x44	; 68	'D'
    00002A34 44                   11287 	.db #0x44	; 68	'D'
    00002A35 44                   11288 	.db #0x44	; 68	'D'
    00002A36 22                   11289 	.db #0x22	; 34
    00002A37 11                   11290 	.db #0x11	; 17
    00002A38 11                   11291 	.db #0x11	; 17
    00002A39 11                   11292 	.db #0x11	; 17
    00002A3A 11                   11293 	.db #0x11	; 17
    00002A3B 11                   11294 	.db #0x11	; 17
    00002A3C 11                   11295 	.db #0x11	; 17
    00002A3D 11                   11296 	.db #0x11	; 17
    00002A3E 11                   11297 	.db #0x11	; 17
    00002A3F 11                   11298 	.db #0x11	; 17
    00002A40 11                   11299 	.db #0x11	; 17
    00002A41 11                   11300 	.db #0x11	; 17
    00002A42 11                   11301 	.db #0x11	; 17
    00002A43 11                   11302 	.db #0x11	; 17
    00002A44 11                   11303 	.db #0x11	; 17
    00002A45 11                   11304 	.db #0x11	; 17
    00002A46 11                   11305 	.db #0x11	; 17
    00002A47 11                   11306 	.db #0x11	; 17
    00002A48 22                   11307 	.db #0x22	; 34
    00002A49 44                   11308 	.db #0x44	; 68	'D'
    00002A4A 44                   11309 	.db #0x44	; 68	'D'
    00002A4B 44                   11310 	.db #0x44	; 68	'D'
    00002A4C 44                   11311 	.db #0x44	; 68	'D'
    00002A4D 44                   11312 	.db #0x44	; 68	'D'
    00002A4E 22                   11313 	.db #0x22	; 34
    00002A4F 56                   11314 	.db #0x56	; 86	'V'
    00002A50 66                   11315 	.db #0x66	; 102	'f'
    00002A51 66                   11316 	.db #0x66	; 102	'f'
    00002A52 53                   11317 	.db #0x53	; 83	'S'
    00002A53 24                   11318 	.db #0x24	; 36
    00002A54 42                   11319 	.db #0x42	; 66	'B'
    00002A55 35                   11320 	.db #0x35	; 53	'5'
    00002A56 66                   11321 	.db #0x66	; 102	'f'
    00002A57 66                   11322 	.db #0x66	; 102	'f'
    00002A58 65                   11323 	.db #0x65	; 101	'e'
    00002A59 22                   11324 	.db #0x22	; 34
    00002A5A 44                   11325 	.db #0x44	; 68	'D'
    00002A5B 44                   11326 	.db #0x44	; 68	'D'
    00002A5C 44                   11327 	.db #0x44	; 68	'D'
    00002A5D 44                   11328 	.db #0x44	; 68	'D'
    00002A5E 42                   11329 	.db #0x42	; 66	'B'
    00002A5F 21                   11330 	.db #0x21	; 33
    00002A60 11                   11331 	.db #0x11	; 17
    00002A61 11                   11332 	.db #0x11	; 17
    00002A62 11                   11333 	.db #0x11	; 17
    00002A63 11                   11334 	.db #0x11	; 17
    00002A64 11                   11335 	.db #0x11	; 17
    00002A65 11                   11336 	.db #0x11	; 17
    00002A66 11                   11337 	.db #0x11	; 17
    00002A67 11                   11338 	.db #0x11	; 17
    00002A68 11                   11339 	.db #0x11	; 17
    00002A69 11                   11340 	.db #0x11	; 17
    00002A6A 11                   11341 	.db #0x11	; 17
    00002A6B 11                   11342 	.db #0x11	; 17
    00002A6C 11                   11343 	.db #0x11	; 17
    00002A6D 11                   11344 	.db #0x11	; 17
    00002A6E 11                   11345 	.db #0x11	; 17
    00002A6F 12                   11346 	.db #0x12	; 18
    00002A70 24                   11347 	.db #0x24	; 36
    00002A71 44                   11348 	.db #0x44	; 68	'D'
    00002A72 44                   11349 	.db #0x44	; 68	'D'
    00002A73 44                   11350 	.db #0x44	; 68	'D'
    00002A74 44                   11351 	.db #0x44	; 68	'D'
    00002A75 42                   11352 	.db #0x42	; 66	'B'
    00002A76 56                   11353 	.db #0x56	; 86	'V'
    00002A77 66                   11354 	.db #0x66	; 102	'f'
    00002A78 66                   11355 	.db #0x66	; 102	'f'
    00002A79 66                   11356 	.db #0x66	; 102	'f'
    00002A7A 66                   11357 	.db #0x66	; 102	'f'
    00002A7B 52                   11358 	.db #0x52	; 82	'R'
    00002A7C 25                   11359 	.db #0x25	; 37
    00002A7D 66                   11360 	.db #0x66	; 102	'f'
    00002A7E 66                   11361 	.db #0x66	; 102	'f'
    00002A7F 66                   11362 	.db #0x66	; 102	'f'
    00002A80 66                   11363 	.db #0x66	; 102	'f'
    00002A81 65                   11364 	.db #0x65	; 101	'e'
    00002A82 24                   11365 	.db #0x24	; 36
    00002A83 44                   11366 	.db #0x44	; 68	'D'
    00002A84 44                   11367 	.db #0x44	; 68	'D'
    00002A85 44                   11368 	.db #0x44	; 68	'D'
    00002A86 44                   11369 	.db #0x44	; 68	'D'
    00002A87 22                   11370 	.db #0x22	; 34
    00002A88 11                   11371 	.db #0x11	; 17
    00002A89 11                   11372 	.db #0x11	; 17
    00002A8A 11                   11373 	.db #0x11	; 17
    00002A8B 11                   11374 	.db #0x11	; 17
    00002A8C 11                   11375 	.db #0x11	; 17
    00002A8D 11                   11376 	.db #0x11	; 17
    00002A8E 11                   11377 	.db #0x11	; 17
    00002A8F 11                   11378 	.db #0x11	; 17
    00002A90 11                   11379 	.db #0x11	; 17
    00002A91 11                   11380 	.db #0x11	; 17
    00002A92 11                   11381 	.db #0x11	; 17
    00002A93 11                   11382 	.db #0x11	; 17
    00002A94 11                   11383 	.db #0x11	; 17
    00002A95 11                   11384 	.db #0x11	; 17
    00002A96 11                   11385 	.db #0x11	; 17
    00002A97 22                   11386 	.db #0x22	; 34
    00002A98 44                   11387 	.db #0x44	; 68	'D'
    00002A99 44                   11388 	.db #0x44	; 68	'D'
    00002A9A 44                   11389 	.db #0x44	; 68	'D'
    00002A9B 44                   11390 	.db #0x44	; 68	'D'
    00002A9C 44                   11391 	.db #0x44	; 68	'D'
    00002A9D 26                   11392 	.db #0x26	; 38
    00002A9E 66                   11393 	.db #0x66	; 102	'f'
    00002A9F 66                   11394 	.db #0x66	; 102	'f'
    00002AA0 66                   11395 	.db #0x66	; 102	'f'
    00002AA1 66                   11396 	.db #0x66	; 102	'f'
    00002AA2 66                   11397 	.db #0x66	; 102	'f'
    00002AA3 65                   11398 	.db #0x65	; 101	'e'
    00002AA4 26                   11399 	.db #0x26	; 38
    00002AA5 66                   11400 	.db #0x66	; 102	'f'
    00002AA6 66                   11401 	.db #0x66	; 102	'f'
    00002AA7 66                   11402 	.db #0x66	; 102	'f'
    00002AA8 66                   11403 	.db #0x66	; 102	'f'
    00002AA9 66                   11404 	.db #0x66	; 102	'f'
    00002AAA 62                   11405 	.db #0x62	; 98	'b'
    00002AAB 44                   11406 	.db #0x44	; 68	'D'
    00002AAC 44                   11407 	.db #0x44	; 68	'D'
    00002AAD 44                   11408 	.db #0x44	; 68	'D'
    00002AAE 44                   11409 	.db #0x44	; 68	'D'
    00002AAF 42                   11410 	.db #0x42	; 66	'B'
    00002AB0 21                   11411 	.db #0x21	; 33
    00002AB1 11                   11412 	.db #0x11	; 17
    00002AB2 11                   11413 	.db #0x11	; 17
    00002AB3 11                   11414 	.db #0x11	; 17
    00002AB4 11                   11415 	.db #0x11	; 17
    00002AB5 11                   11416 	.db #0x11	; 17
    00002AB6 11                   11417 	.db #0x11	; 17
    00002AB7 11                   11418 	.db #0x11	; 17
    00002AB8 11                   11419 	.db #0x11	; 17
    00002AB9 11                   11420 	.db #0x11	; 17
    00002ABA 11                   11421 	.db #0x11	; 17
    00002ABB 11                   11422 	.db #0x11	; 17
    00002ABC 11                   11423 	.db #0x11	; 17
    00002ABD 11                   11424 	.db #0x11	; 17
    00002ABE 11                   11425 	.db #0x11	; 17
    00002ABF 24                   11426 	.db #0x24	; 36
    00002AC0 44                   11427 	.db #0x44	; 68	'D'
    00002AC1 44                   11428 	.db #0x44	; 68	'D'
    00002AC2 44                   11429 	.db #0x44	; 68	'D'
    00002AC3 44                   11430 	.db #0x44	; 68	'D'
    00002AC4 42                   11431 	.db #0x42	; 66	'B'
    00002AC5 66                   11432 	.db #0x66	; 102	'f'
    00002AC6 66                   11433 	.db #0x66	; 102	'f'
    00002AC7 66                   11434 	.db #0x66	; 102	'f'
    00002AC8 66                   11435 	.db #0x66	; 102	'f'
    00002AC9 66                   11436 	.db #0x66	; 102	'f'
    00002ACA 66                   11437 	.db #0x66	; 102	'f'
    00002ACB 62                   11438 	.db #0x62	; 98	'b'
    00002ACC 56                   11439 	.db #0x56	; 86	'V'
    00002ACD 66                   11440 	.db #0x66	; 102	'f'
    00002ACE 66                   11441 	.db #0x66	; 102	'f'
    00002ACF 66                   11442 	.db #0x66	; 102	'f'
    00002AD0 66                   11443 	.db #0x66	; 102	'f'
    00002AD1 66                   11444 	.db #0x66	; 102	'f'
    00002AD2 66                   11445 	.db #0x66	; 102	'f'
    00002AD3 24                   11446 	.db #0x24	; 36
    00002AD4 44                   11447 	.db #0x44	; 68	'D'
    00002AD5 44                   11448 	.db #0x44	; 68	'D'
    00002AD6 44                   11449 	.db #0x44	; 68	'D'
    00002AD7 44                   11450 	.db #0x44	; 68	'D'
    00002AD8 21                   11451 	.db #0x21	; 33
    00002AD9 11                   11452 	.db #0x11	; 17
    00002ADA 11                   11453 	.db #0x11	; 17
    00002ADB 11                   11454 	.db #0x11	; 17
    00002ADC 11                   11455 	.db #0x11	; 17
    00002ADD 11                   11456 	.db #0x11	; 17
    00002ADE 11                   11457 	.db #0x11	; 17
    00002ADF 11                   11458 	.db #0x11	; 17
    00002AE0 11                   11459 	.db #0x11	; 17
    00002AE1 11                   11460 	.db #0x11	; 17
    00002AE2 11                   11461 	.db #0x11	; 17
    00002AE3 11                   11462 	.db #0x11	; 17
    00002AE4 11                   11463 	.db #0x11	; 17
    00002AE5 11                   11464 	.db #0x11	; 17
    00002AE6 12                   11465 	.db #0x12	; 18
    00002AE7 34                   11466 	.db #0x34	; 52	'4'
    00002AE8 44                   11467 	.db #0x44	; 68	'D'
    00002AE9 44                   11468 	.db #0x44	; 68	'D'
    00002AEA 44                   11469 	.db #0x44	; 68	'D'
    00002AEB 44                   11470 	.db #0x44	; 68	'D'
    00002AEC 26                   11471 	.db #0x26	; 38
    00002AED 66                   11472 	.db #0x66	; 102	'f'
    00002AEE 66                   11473 	.db #0x66	; 102	'f'
    00002AEF 66                   11474 	.db #0x66	; 102	'f'
    00002AF0 66                   11475 	.db #0x66	; 102	'f'
    00002AF1 66                   11476 	.db #0x66	; 102	'f'
    00002AF2 66                   11477 	.db #0x66	; 102	'f'
    00002AF3 66                   11478 	.db #0x66	; 102	'f'
    00002AF4 66                   11479 	.db #0x66	; 102	'f'
    00002AF5 66                   11480 	.db #0x66	; 102	'f'
    00002AF6 66                   11481 	.db #0x66	; 102	'f'
    00002AF7 66                   11482 	.db #0x66	; 102	'f'
    00002AF8 66                   11483 	.db #0x66	; 102	'f'
    00002AF9 66                   11484 	.db #0x66	; 102	'f'
    00002AFA 66                   11485 	.db #0x66	; 102	'f'
    00002AFB 62                   11486 	.db #0x62	; 98	'b'
    00002AFC 44                   11487 	.db #0x44	; 68	'D'
    00002AFD 44                   11488 	.db #0x44	; 68	'D'
    00002AFE 44                   11489 	.db #0x44	; 68	'D'
    00002AFF 44                   11490 	.db #0x44	; 68	'D'
    00002B00 32                   11491 	.db #0x32	; 50	'2'
    00002B01 11                   11492 	.db #0x11	; 17
    00002B02 11                   11493 	.db #0x11	; 17
    00002B03 11                   11494 	.db #0x11	; 17
    00002B04 11                   11495 	.db #0x11	; 17
    00002B05 11                   11496 	.db #0x11	; 17
    00002B06 11                   11497 	.db #0x11	; 17
    00002B07 11                   11498 	.db #0x11	; 17
    00002B08 11                   11499 	.db #0x11	; 17
    00002B09 11                   11500 	.db #0x11	; 17
    00002B0A 11                   11501 	.db #0x11	; 17
    00002B0B 11                   11502 	.db #0x11	; 17
    00002B0C 11                   11503 	.db #0x11	; 17
    00002B0D 11                   11504 	.db #0x11	; 17
    00002B0E 12                   11505 	.db #0x12	; 18
    00002B0F 44                   11506 	.db #0x44	; 68	'D'
    00002B10 44                   11507 	.db #0x44	; 68	'D'
    00002B11 44                   11508 	.db #0x44	; 68	'D'
    00002B12 44                   11509 	.db #0x44	; 68	'D'
    00002B13 42                   11510 	.db #0x42	; 66	'B'
    00002B14 66                   11511 	.db #0x66	; 102	'f'
    00002B15 66                   11512 	.db #0x66	; 102	'f'
    00002B16 66                   11513 	.db #0x66	; 102	'f'
    00002B17 66                   11514 	.db #0x66	; 102	'f'
    00002B18 66                   11515 	.db #0x66	; 102	'f'
    00002B19 66                   11516 	.db #0x66	; 102	'f'
    00002B1A 66                   11517 	.db #0x66	; 102	'f'
    00002B1B 66                   11518 	.db #0x66	; 102	'f'
    00002B1C 66                   11519 	.db #0x66	; 102	'f'
    00002B1D 66                   11520 	.db #0x66	; 102	'f'
    00002B1E 66                   11521 	.db #0x66	; 102	'f'
    00002B1F 66                   11522 	.db #0x66	; 102	'f'
    00002B20 66                   11523 	.db #0x66	; 102	'f'
    00002B21 66                   11524 	.db #0x66	; 102	'f'
    00002B22 66                   11525 	.db #0x66	; 102	'f'
    00002B23 65                   11526 	.db #0x65	; 101	'e'
    00002B24 24                   11527 	.db #0x24	; 36
    00002B25 44                   11528 	.db #0x44	; 68	'D'
    00002B26 44                   11529 	.db #0x44	; 68	'D'
    00002B27 44                   11530 	.db #0x44	; 68	'D'
    00002B28 42                   11531 	.db #0x42	; 66	'B'
    00002B29 11                   11532 	.db #0x11	; 17
    00002B2A 11                   11533 	.db #0x11	; 17
    00002B2B 11                   11534 	.db #0x11	; 17
    00002B2C 11                   11535 	.db #0x11	; 17
    00002B2D 11                   11536 	.db #0x11	; 17
    00002B2E 11                   11537 	.db #0x11	; 17
    00002B2F 11                   11538 	.db #0x11	; 17
    00002B30 11                   11539 	.db #0x11	; 17
    00002B31 11                   11540 	.db #0x11	; 17
    00002B32 11                   11541 	.db #0x11	; 17
    00002B33 11                   11542 	.db #0x11	; 17
    00002B34 11                   11543 	.db #0x11	; 17
    00002B35 11                   11544 	.db #0x11	; 17
    00002B36 23                   11545 	.db #0x23	; 35
    00002B37 44                   11546 	.db #0x44	; 68	'D'
    00002B38 44                   11547 	.db #0x44	; 68	'D'
    00002B39 44                   11548 	.db #0x44	; 68	'D'
    00002B3A 44                   11549 	.db #0x44	; 68	'D'
    00002B3B 42                   11550 	.db #0x42	; 66	'B'
    00002B3C 66                   11551 	.db #0x66	; 102	'f'
    00002B3D 66                   11552 	.db #0x66	; 102	'f'
    00002B3E 66                   11553 	.db #0x66	; 102	'f'
    00002B3F 66                   11554 	.db #0x66	; 102	'f'
    00002B40 66                   11555 	.db #0x66	; 102	'f'
    00002B41 66                   11556 	.db #0x66	; 102	'f'
    00002B42 66                   11557 	.db #0x66	; 102	'f'
    00002B43 66                   11558 	.db #0x66	; 102	'f'
    00002B44 66                   11559 	.db #0x66	; 102	'f'
    00002B45 66                   11560 	.db #0x66	; 102	'f'
    00002B46 66                   11561 	.db #0x66	; 102	'f'
    00002B47 66                   11562 	.db #0x66	; 102	'f'
    00002B48 66                   11563 	.db #0x66	; 102	'f'
    00002B49 66                   11564 	.db #0x66	; 102	'f'
    00002B4A 66                   11565 	.db #0x66	; 102	'f'
    00002B4B 66                   11566 	.db #0x66	; 102	'f'
    00002B4C 24                   11567 	.db #0x24	; 36
    00002B4D 44                   11568 	.db #0x44	; 68	'D'
    00002B4E 44                   11569 	.db #0x44	; 68	'D'
    00002B4F 44                   11570 	.db #0x44	; 68	'D'
    00002B50 43                   11571 	.db #0x43	; 67	'C'
    00002B51 21                   11572 	.db #0x21	; 33
    00002B52 11                   11573 	.db #0x11	; 17
    00002B53 11                   11574 	.db #0x11	; 17
    00002B54 11                   11575 	.db #0x11	; 17
    00002B55 11                   11576 	.db #0x11	; 17
    00002B56 11                   11577 	.db #0x11	; 17
    00002B57 11                   11578 	.db #0x11	; 17
    00002B58 12                   11579 	.db #0x12	; 18
    00002B59 22                   11580 	.db #0x22	; 34
    00002B5A 11                   11581 	.db #0x11	; 17
    00002B5B 11                   11582 	.db #0x11	; 17
    00002B5C 11                   11583 	.db #0x11	; 17
    00002B5D 11                   11584 	.db #0x11	; 17
    00002B5E 24                   11585 	.db #0x24	; 36
    00002B5F 44                   11586 	.db #0x44	; 68	'D'
    00002B60 44                   11587 	.db #0x44	; 68	'D'
    00002B61 44                   11588 	.db #0x44	; 68	'D'
    00002B62 44                   11589 	.db #0x44	; 68	'D'
    00002B63 25                   11590 	.db #0x25	; 37
    00002B64 66                   11591 	.db #0x66	; 102	'f'
    00002B65 66                   11592 	.db #0x66	; 102	'f'
    00002B66 66                   11593 	.db #0x66	; 102	'f'
    00002B67 66                   11594 	.db #0x66	; 102	'f'
    00002B68 53                   11595 	.db #0x53	; 83	'S'
    00002B69 22                   11596 	.db #0x22	; 34
    00002B6A 23                   11597 	.db #0x23	; 35
    00002B6B 56                   11598 	.db #0x56	; 86	'V'
    00002B6C 65                   11599 	.db #0x65	; 101	'e'
    00002B6D 32                   11600 	.db #0x32	; 50	'2'
    00002B6E 22                   11601 	.db #0x22	; 34
    00002B6F 35                   11602 	.db #0x35	; 53	'5'
    00002B70 66                   11603 	.db #0x66	; 102	'f'
    00002B71 66                   11604 	.db #0x66	; 102	'f'
    00002B72 66                   11605 	.db #0x66	; 102	'f'
    00002B73 66                   11606 	.db #0x66	; 102	'f'
    00002B74 52                   11607 	.db #0x52	; 82	'R'
    00002B75 44                   11608 	.db #0x44	; 68	'D'
    00002B76 44                   11609 	.db #0x44	; 68	'D'
    00002B77 44                   11610 	.db #0x44	; 68	'D'
    00002B78 43                   11611 	.db #0x43	; 67	'C'
    00002B79 21                   11612 	.db #0x21	; 33
    00002B7A 11                   11613 	.db #0x11	; 17
    00002B7B 11                   11614 	.db #0x11	; 17
    00002B7C 11                   11615 	.db #0x11	; 17
    00002B7D 11                   11616 	.db #0x11	; 17
    00002B7E 12                   11617 	.db #0x12	; 18
    00002B7F 11                   11618 	.db #0x11	; 17
    00002B80 12                   11619 	.db #0x12	; 18
    00002B81 24                   11620 	.db #0x24	; 36
    00002B82 21                   11621 	.db #0x21	; 33
    00002B83 11                   11622 	.db #0x11	; 17
    00002B84 11                   11623 	.db #0x11	; 17
    00002B85 12                   11624 	.db #0x12	; 18
    00002B86 24                   11625 	.db #0x24	; 36
    00002B87 44                   11626 	.db #0x44	; 68	'D'
    00002B88 44                   11627 	.db #0x44	; 68	'D'
    00002B89 44                   11628 	.db #0x44	; 68	'D'
    00002B8A 44                   11629 	.db #0x44	; 68	'D'
    00002B8B 26                   11630 	.db #0x26	; 38
    00002B8C 66                   11631 	.db #0x66	; 102	'f'
    00002B8D 66                   11632 	.db #0x66	; 102	'f'
    00002B8E 66                   11633 	.db #0x66	; 102	'f'
    00002B8F 65                   11634 	.db #0x65	; 101	'e'
    00002B90 22                   11635 	.db #0x22	; 34
    00002B91 22                   11636 	.db #0x22	; 34
    00002B92 22                   11637 	.db #0x22	; 34
    00002B93 25                   11638 	.db #0x25	; 37
    00002B94 52                   11639 	.db #0x52	; 82	'R'
    00002B95 22                   11640 	.db #0x22	; 34
    00002B96 22                   11641 	.db #0x22	; 34
    00002B97 22                   11642 	.db #0x22	; 34
    00002B98 56                   11643 	.db #0x56	; 86	'V'
    00002B99 66                   11644 	.db #0x66	; 102	'f'
    00002B9A 66                   11645 	.db #0x66	; 102	'f'
    00002B9B 66                   11646 	.db #0x66	; 102	'f'
    00002B9C 62                   11647 	.db #0x62	; 98	'b'
    00002B9D 44                   11648 	.db #0x44	; 68	'D'
    00002B9E 44                   11649 	.db #0x44	; 68	'D'
    00002B9F 44                   11650 	.db #0x44	; 68	'D'
    00002BA0 44                   11651 	.db #0x44	; 68	'D'
    00002BA1 21                   11652 	.db #0x21	; 33
    00002BA2 11                   11653 	.db #0x11	; 17
    00002BA3 11                   11654 	.db #0x11	; 17
    00002BA4 11                   11655 	.db #0x11	; 17
    00002BA5 12                   11656 	.db #0x12	; 18
    00002BA6 22                   11657 	.db #0x22	; 34
    00002BA7 11                   11658 	.db #0x11	; 17
    00002BA8 12                   11659 	.db #0x12	; 18
    00002BA9 24                   11660 	.db #0x24	; 36
    00002BAA 42                   11661 	.db #0x42	; 66	'B'
    00002BAB 11                   11662 	.db #0x11	; 17
    00002BAC 11                   11663 	.db #0x11	; 17
    00002BAD 12                   11664 	.db #0x12	; 18
    00002BAE 34                   11665 	.db #0x34	; 52	'4'
    00002BAF 44                   11666 	.db #0x44	; 68	'D'
    00002BB0 44                   11667 	.db #0x44	; 68	'D'
    00002BB1 44                   11668 	.db #0x44	; 68	'D'
    00002BB2 44                   11669 	.db #0x44	; 68	'D'
    00002BB3 26                   11670 	.db #0x26	; 38
    00002BB4 66                   11671 	.db #0x66	; 102	'f'
    00002BB5 66                   11672 	.db #0x66	; 102	'f'
    00002BB6 66                   11673 	.db #0x66	; 102	'f'
    00002BB7 63                   11674 	.db #0x63	; 99	'c'
    00002BB8 22                   11675 	.db #0x22	; 34
    00002BB9 22                   11676 	.db #0x22	; 34
    00002BBA 66                   11677 	.db #0x66	; 102	'f'
    00002BBB 22                   11678 	.db #0x22	; 34
    00002BBC 22                   11679 	.db #0x22	; 34
    00002BBD 22                   11680 	.db #0x22	; 34
    00002BBE 26                   11681 	.db #0x26	; 38
    00002BBF 62                   11682 	.db #0x62	; 98	'b'
    00002BC0 36                   11683 	.db #0x36	; 54	'6'
    00002BC1 66                   11684 	.db #0x66	; 102	'f'
    00002BC2 66                   11685 	.db #0x66	; 102	'f'
    00002BC3 66                   11686 	.db #0x66	; 102	'f'
    00002BC4 62                   11687 	.db #0x62	; 98	'b'
    00002BC5 44                   11688 	.db #0x44	; 68	'D'
    00002BC6 44                   11689 	.db #0x44	; 68	'D'
    00002BC7 44                   11690 	.db #0x44	; 68	'D'
    00002BC8 44                   11691 	.db #0x44	; 68	'D'
    00002BC9 32                   11692 	.db #0x32	; 50	'2'
    00002BCA 11                   11693 	.db #0x11	; 17
    00002BCB 11                   11694 	.db #0x11	; 17
    00002BCC 11                   11695 	.db #0x11	; 17
    00002BCD 24                   11696 	.db #0x24	; 36
    00002BCE 22                   11697 	.db #0x22	; 34
    00002BCF 21                   11698 	.db #0x21	; 33
    00002BD0 22                   11699 	.db #0x22	; 34
    00002BD1 24                   11700 	.db #0x24	; 36
    00002BD2 44                   11701 	.db #0x44	; 68	'D'
    00002BD3 22                   11702 	.db #0x22	; 34
    00002BD4 11                   11703 	.db #0x11	; 17
    00002BD5 12                   11704 	.db #0x12	; 18
    00002BD6 44                   11705 	.db #0x44	; 68	'D'
    00002BD7 44                   11706 	.db #0x44	; 68	'D'
    00002BD8 44                   11707 	.db #0x44	; 68	'D'
    00002BD9 44                   11708 	.db #0x44	; 68	'D'
    00002BDA 44                   11709 	.db #0x44	; 68	'D'
    00002BDB 26                   11710 	.db #0x26	; 38
    00002BDC 66                   11711 	.db #0x66	; 102	'f'
    00002BDD 66                   11712 	.db #0x66	; 102	'f'
    00002BDE 66                   11713 	.db #0x66	; 102	'f'
    00002BDF 62                   11714 	.db #0x62	; 98	'b'
    00002BE0 22                   11715 	.db #0x22	; 34
    00002BE1 22                   11716 	.db #0x22	; 34
    00002BE2 66                   11717 	.db #0x66	; 102	'f'
    00002BE3 22                   11718 	.db #0x22	; 34
    00002BE4 22                   11719 	.db #0x22	; 34
    00002BE5 22                   11720 	.db #0x22	; 34
    00002BE6 26                   11721 	.db #0x26	; 38
    00002BE7 62                   11722 	.db #0x62	; 98	'b'
    00002BE8 26                   11723 	.db #0x26	; 38
    00002BE9 66                   11724 	.db #0x66	; 102	'f'
    00002BEA 66                   11725 	.db #0x66	; 102	'f'
    00002BEB 66                   11726 	.db #0x66	; 102	'f'
    00002BEC 62                   11727 	.db #0x62	; 98	'b'
    00002BED 44                   11728 	.db #0x44	; 68	'D'
    00002BEE 44                   11729 	.db #0x44	; 68	'D'
    00002BEF 44                   11730 	.db #0x44	; 68	'D'
    00002BF0 44                   11731 	.db #0x44	; 68	'D'
    00002BF1 32                   11732 	.db #0x32	; 50	'2'
    00002BF2 11                   11733 	.db #0x11	; 17
    00002BF3 11                   11734 	.db #0x11	; 17
    00002BF4 22                   11735 	.db #0x22	; 34
    00002BF5 44                   11736 	.db #0x44	; 68	'D'
    00002BF6 32                   11737 	.db #0x32	; 50	'2'
    00002BF7 21                   11738 	.db #0x21	; 33
    00002BF8 22                   11739 	.db #0x22	; 34
    00002BF9 34                   11740 	.db #0x34	; 52	'4'
    00002BFA 44                   11741 	.db #0x44	; 68	'D'
    00002BFB 44                   11742 	.db #0x44	; 68	'D'
    00002BFC 21                   11743 	.db #0x21	; 33
    00002BFD 12                   11744 	.db #0x12	; 18
    00002BFE 44                   11745 	.db #0x44	; 68	'D'
    00002BFF 44                   11746 	.db #0x44	; 68	'D'
    00002C00 44                   11747 	.db #0x44	; 68	'D'
    00002C01 44                   11748 	.db #0x44	; 68	'D'
    00002C02 44                   11749 	.db #0x44	; 68	'D'
    00002C03 25                   11750 	.db #0x25	; 37
    00002C04 66                   11751 	.db #0x66	; 102	'f'
    00002C05 66                   11752 	.db #0x66	; 102	'f'
    00002C06 66                   11753 	.db #0x66	; 102	'f'
    00002C07 62                   11754 	.db #0x62	; 98	'b'
    00002C08 22                   11755 	.db #0x22	; 34
    00002C09 22                   11756 	.db #0x22	; 34
    00002C0A 22                   11757 	.db #0x22	; 34
    00002C0B 22                   11758 	.db #0x22	; 34
    00002C0C 22                   11759 	.db #0x22	; 34
    00002C0D 22                   11760 	.db #0x22	; 34
    00002C0E 22                   11761 	.db #0x22	; 34
    00002C0F 22                   11762 	.db #0x22	; 34
    00002C10 26                   11763 	.db #0x26	; 38
    00002C11 66                   11764 	.db #0x66	; 102	'f'
    00002C12 66                   11765 	.db #0x66	; 102	'f'
    00002C13 66                   11766 	.db #0x66	; 102	'f'
    00002C14 52                   11767 	.db #0x52	; 82	'R'
    00002C15 44                   11768 	.db #0x44	; 68	'D'
    00002C16 44                   11769 	.db #0x44	; 68	'D'
    00002C17 44                   11770 	.db #0x44	; 68	'D'
    00002C18 44                   11771 	.db #0x44	; 68	'D'
    00002C19 42                   11772 	.db #0x42	; 66	'B'
    00002C1A 11                   11773 	.db #0x11	; 17
    00002C1B 12                   11774 	.db #0x12	; 18
    00002C1C 44                   11775 	.db #0x44	; 68	'D'
    00002C1D 44                   11776 	.db #0x44	; 68	'D'
    00002C1E 42                   11777 	.db #0x42	; 66	'B'
    00002C1F 21                   11778 	.db #0x21	; 33
    00002C20 22                   11779 	.db #0x22	; 34
    00002C21 44                   11780 	.db #0x44	; 68	'D'
    00002C22 44                   11781 	.db #0x44	; 68	'D'
    00002C23 44                   11782 	.db #0x44	; 68	'D'
    00002C24 42                   11783 	.db #0x42	; 66	'B'
    00002C25 12                   11784 	.db #0x12	; 18
    00002C26 44                   11785 	.db #0x44	; 68	'D'
    00002C27 44                   11786 	.db #0x44	; 68	'D'
    00002C28 44                   11787 	.db #0x44	; 68	'D'
    00002C29 44                   11788 	.db #0x44	; 68	'D'
    00002C2A 44                   11789 	.db #0x44	; 68	'D'
    00002C2B 22                   11790 	.db #0x22	; 34
    00002C2C 66                   11791 	.db #0x66	; 102	'f'
    00002C2D 66                   11792 	.db #0x66	; 102	'f'
    00002C2E 66                   11793 	.db #0x66	; 102	'f'
    00002C2F 62                   11794 	.db #0x62	; 98	'b'
    00002C30 22                   11795 	.db #0x22	; 34
    00002C31 22                   11796 	.db #0x22	; 34
    00002C32 22                   11797 	.db #0x22	; 34
    00002C33 22                   11798 	.db #0x22	; 34
    00002C34 22                   11799 	.db #0x22	; 34
    00002C35 22                   11800 	.db #0x22	; 34
    00002C36 22                   11801 	.db #0x22	; 34
    00002C37 22                   11802 	.db #0x22	; 34
    00002C38 26                   11803 	.db #0x26	; 38
    00002C39 66                   11804 	.db #0x66	; 102	'f'
    00002C3A 66                   11805 	.db #0x66	; 102	'f'
    00002C3B 66                   11806 	.db #0x66	; 102	'f'
    00002C3C 22                   11807 	.db #0x22	; 34
    00002C3D 44                   11808 	.db #0x44	; 68	'D'
    00002C3E 44                   11809 	.db #0x44	; 68	'D'
    00002C3F 44                   11810 	.db #0x44	; 68	'D'
    00002C40 44                   11811 	.db #0x44	; 68	'D'
    00002C41 42                   11812 	.db #0x42	; 66	'B'
    00002C42 12                   11813 	.db #0x12	; 18
    00002C43 24                   11814 	.db #0x24	; 36
    00002C44 44                   11815 	.db #0x44	; 68	'D'
    00002C45 44                   11816 	.db #0x44	; 68	'D'
    00002C46 42                   11817 	.db #0x42	; 66	'B'
    00002C47 21                   11818 	.db #0x21	; 33
    00002C48 22                   11819 	.db #0x22	; 34
    00002C49 44                   11820 	.db #0x44	; 68	'D'
    00002C4A 44                   11821 	.db #0x44	; 68	'D'
    00002C4B 44                   11822 	.db #0x44	; 68	'D'
    00002C4C 44                   11823 	.db #0x44	; 68	'D'
    00002C4D 22                   11824 	.db #0x22	; 34
    00002C4E 44                   11825 	.db #0x44	; 68	'D'
    00002C4F 44                   11826 	.db #0x44	; 68	'D'
    00002C50 42                   11827 	.db #0x42	; 66	'B'
    00002C51 44                   11828 	.db #0x44	; 68	'D'
    00002C52 44                   11829 	.db #0x44	; 68	'D'
    00002C53 42                   11830 	.db #0x42	; 66	'B'
    00002C54 56                   11831 	.db #0x56	; 86	'V'
    00002C55 66                   11832 	.db #0x66	; 102	'f'
    00002C56 66                   11833 	.db #0x66	; 102	'f'
    00002C57 62                   11834 	.db #0x62	; 98	'b'
    00002C58 22                   11835 	.db #0x22	; 34
    00002C59 22                   11836 	.db #0x22	; 34
    00002C5A 22                   11837 	.db #0x22	; 34
    00002C5B 22                   11838 	.db #0x22	; 34
    00002C5C 22                   11839 	.db #0x22	; 34
    00002C5D 22                   11840 	.db #0x22	; 34
    00002C5E 22                   11841 	.db #0x22	; 34
    00002C5F 22                   11842 	.db #0x22	; 34
    00002C60 36                   11843 	.db #0x36	; 54	'6'
    00002C61 66                   11844 	.db #0x66	; 102	'f'
    00002C62 66                   11845 	.db #0x66	; 102	'f'
    00002C63 65                   11846 	.db #0x65	; 101	'e'
    00002C64 24                   11847 	.db #0x24	; 36
    00002C65 44                   11848 	.db #0x44	; 68	'D'
    00002C66 44                   11849 	.db #0x44	; 68	'D'
    00002C67 44                   11850 	.db #0x44	; 68	'D'
    00002C68 44                   11851 	.db #0x44	; 68	'D'
    00002C69 42                   11852 	.db #0x42	; 66	'B'
    00002C6A 24                   11853 	.db #0x24	; 36
    00002C6B 44                   11854 	.db #0x44	; 68	'D'
    00002C6C 44                   11855 	.db #0x44	; 68	'D'
    00002C6D 44                   11856 	.db #0x44	; 68	'D'
    00002C6E 42                   11857 	.db #0x42	; 66	'B'
    00002C6F 22                   11858 	.db #0x22	; 34
    00002C70 22                   11859 	.db #0x22	; 34
    00002C71 44                   11860 	.db #0x44	; 68	'D'
    00002C72 44                   11861 	.db #0x44	; 68	'D'
    00002C73 44                   11862 	.db #0x44	; 68	'D'
    00002C74 44                   11863 	.db #0x44	; 68	'D'
    00002C75 42                   11864 	.db #0x42	; 66	'B'
    00002C76 24                   11865 	.db #0x24	; 36
    00002C77 44                   11866 	.db #0x44	; 68	'D'
    00002C78 22                   11867 	.db #0x22	; 34
    00002C79 44                   11868 	.db #0x44	; 68	'D'
    00002C7A 44                   11869 	.db #0x44	; 68	'D'
    00002C7B 42                   11870 	.db #0x42	; 66	'B'
    00002C7C 25                   11871 	.db #0x25	; 37
    00002C7D 66                   11872 	.db #0x66	; 102	'f'
    00002C7E 66                   11873 	.db #0x66	; 102	'f'
    00002C7F 65                   11874 	.db #0x65	; 101	'e'
    00002C80 22                   11875 	.db #0x22	; 34
    00002C81 22                   11876 	.db #0x22	; 34
    00002C82 22                   11877 	.db #0x22	; 34
    00002C83 22                   11878 	.db #0x22	; 34
    00002C84 22                   11879 	.db #0x22	; 34
    00002C85 22                   11880 	.db #0x22	; 34
    00002C86 22                   11881 	.db #0x22	; 34
    00002C87 22                   11882 	.db #0x22	; 34
    00002C88 56                   11883 	.db #0x56	; 86	'V'
    00002C89 66                   11884 	.db #0x66	; 102	'f'
    00002C8A 66                   11885 	.db #0x66	; 102	'f'
    00002C8B 62                   11886 	.db #0x62	; 98	'b'
    00002C8C 24                   11887 	.db #0x24	; 36
    00002C8D 44                   11888 	.db #0x44	; 68	'D'
    00002C8E 22                   11889 	.db #0x22	; 34
    00002C8F 44                   11890 	.db #0x44	; 68	'D'
    00002C90 44                   11891 	.db #0x44	; 68	'D'
    00002C91 22                   11892 	.db #0x22	; 34
    00002C92 44                   11893 	.db #0x44	; 68	'D'
    00002C93 44                   11894 	.db #0x44	; 68	'D'
    00002C94 44                   11895 	.db #0x44	; 68	'D'
    00002C95 44                   11896 	.db #0x44	; 68	'D'
    00002C96 43                   11897 	.db #0x43	; 67	'C'
    00002C97 22                   11898 	.db #0x22	; 34
    00002C98 22                   11899 	.db #0x22	; 34
    00002C99 44                   11900 	.db #0x44	; 68	'D'
    00002C9A 44                   11901 	.db #0x44	; 68	'D'
    00002C9B 44                   11902 	.db #0x44	; 68	'D'
    00002C9C 44                   11903 	.db #0x44	; 68	'D'
    00002C9D 44                   11904 	.db #0x44	; 68	'D'
    00002C9E 24                   11905 	.db #0x24	; 36
    00002C9F 42                   11906 	.db #0x42	; 66	'B'
    00002CA0 24                   11907 	.db #0x24	; 36
    00002CA1 44                   11908 	.db #0x44	; 68	'D'
    00002CA2 44                   11909 	.db #0x44	; 68	'D'
    00002CA3 44                   11910 	.db #0x44	; 68	'D'
    00002CA4 22                   11911 	.db #0x22	; 34
    00002CA5 56                   11912 	.db #0x56	; 86	'V'
    00002CA6 66                   11913 	.db #0x66	; 102	'f'
    00002CA7 66                   11914 	.db #0x66	; 102	'f'
    00002CA8 53                   11915 	.db #0x53	; 83	'S'
    00002CA9 22                   11916 	.db #0x22	; 34
    00002CAA 23                   11917 	.db #0x23	; 35
    00002CAB 52                   11918 	.db #0x52	; 82	'R'
    00002CAC 25                   11919 	.db #0x25	; 37
    00002CAD 32                   11920 	.db #0x32	; 50	'2'
    00002CAE 22                   11921 	.db #0x22	; 34
    00002CAF 35                   11922 	.db #0x35	; 53	'5'
    00002CB0 66                   11923 	.db #0x66	; 102	'f'
    00002CB1 66                   11924 	.db #0x66	; 102	'f'
    00002CB2 66                   11925 	.db #0x66	; 102	'f'
    00002CB3 22                   11926 	.db #0x22	; 34
    00002CB4 44                   11927 	.db #0x44	; 68	'D'
    00002CB5 44                   11928 	.db #0x44	; 68	'D'
    00002CB6 42                   11929 	.db #0x42	; 66	'B'
    00002CB7 24                   11930 	.db #0x24	; 36
    00002CB8 44                   11931 	.db #0x44	; 68	'D'
    00002CB9 24                   11932 	.db #0x24	; 36
    00002CBA 44                   11933 	.db #0x44	; 68	'D'
    00002CBB 44                   11934 	.db #0x44	; 68	'D'
    00002CBC 44                   11935 	.db #0x44	; 68	'D'
    00002CBD 44                   11936 	.db #0x44	; 68	'D'
    00002CBE 44                   11937 	.db #0x44	; 68	'D'
    00002CBF 22                   11938 	.db #0x22	; 34
    00002CC0 22                   11939 	.db #0x22	; 34
    00002CC1 44                   11940 	.db #0x44	; 68	'D'
    00002CC2 44                   11941 	.db #0x44	; 68	'D'
    00002CC3 44                   11942 	.db #0x44	; 68	'D'
    00002CC4 44                   11943 	.db #0x44	; 68	'D'
    00002CC5 44                   11944 	.db #0x44	; 68	'D'
    00002CC6 24                   11945 	.db #0x24	; 36
    00002CC7 42                   11946 	.db #0x42	; 66	'B'
    00002CC8 44                   11947 	.db #0x44	; 68	'D'
    00002CC9 42                   11948 	.db #0x42	; 66	'B'
    00002CCA 24                   11949 	.db #0x24	; 36
    00002CCB 44                   11950 	.db #0x44	; 68	'D'
    00002CCC 42                   11951 	.db #0x42	; 66	'B'
    00002CCD 25                   11952 	.db #0x25	; 37
    00002CCE 66                   11953 	.db #0x66	; 102	'f'
    00002CCF 66                   11954 	.db #0x66	; 102	'f'
    00002CD0 66                   11955 	.db #0x66	; 102	'f'
    00002CD1 66                   11956 	.db #0x66	; 102	'f'
    00002CD2 66                   11957 	.db #0x66	; 102	'f'
    00002CD3 62                   11958 	.db #0x62	; 98	'b'
    00002CD4 26                   11959 	.db #0x26	; 38
    00002CD5 66                   11960 	.db #0x66	; 102	'f'
    00002CD6 66                   11961 	.db #0x66	; 102	'f'
    00002CD7 66                   11962 	.db #0x66	; 102	'f'
    00002CD8 66                   11963 	.db #0x66	; 102	'f'
    00002CD9 66                   11964 	.db #0x66	; 102	'f'
    00002CDA 62                   11965 	.db #0x62	; 98	'b'
    00002CDB 24                   11966 	.db #0x24	; 36
    00002CDC 44                   11967 	.db #0x44	; 68	'D'
    00002CDD 44                   11968 	.db #0x44	; 68	'D'
    00002CDE 44                   11969 	.db #0x44	; 68	'D'
    00002CDF 22                   11970 	.db #0x22	; 34
    00002CE0 44                   11971 	.db #0x44	; 68	'D'
    00002CE1 24                   11972 	.db #0x24	; 36
    00002CE2 44                   11973 	.db #0x44	; 68	'D'
    00002CE3 44                   11974 	.db #0x44	; 68	'D'
    00002CE4 44                   11975 	.db #0x44	; 68	'D'
    00002CE5 44                   11976 	.db #0x44	; 68	'D'
    00002CE6 44                   11977 	.db #0x44	; 68	'D'
    00002CE7 22                   11978 	.db #0x22	; 34
    00002CE8 22                   11979 	.db #0x22	; 34
    00002CE9 44                   11980 	.db #0x44	; 68	'D'
    00002CEA 44                   11981 	.db #0x44	; 68	'D'
    00002CEB 44                   11982 	.db #0x44	; 68	'D'
    00002CEC 44                   11983 	.db #0x44	; 68	'D'
    00002CED 44                   11984 	.db #0x44	; 68	'D'
    00002CEE 24                   11985 	.db #0x24	; 36
    00002CEF 24                   11986 	.db #0x24	; 36
    00002CF0 44                   11987 	.db #0x44	; 68	'D'
    00002CF1 22                   11988 	.db #0x22	; 34
    00002CF2 34                   11989 	.db #0x34	; 52	'4'
    00002CF3 44                   11990 	.db #0x44	; 68	'D'
    00002CF4 44                   11991 	.db #0x44	; 68	'D'
    00002CF5 22                   11992 	.db #0x22	; 34
    00002CF6 35                   11993 	.db #0x35	; 53	'5'
    00002CF7 66                   11994 	.db #0x66	; 102	'f'
    00002CF8 66                   11995 	.db #0x66	; 102	'f'
    00002CF9 66                   11996 	.db #0x66	; 102	'f'
    00002CFA 65                   11997 	.db #0x65	; 101	'e'
    00002CFB 24                   11998 	.db #0x24	; 36
    00002CFC 42                   11999 	.db #0x42	; 66	'B'
    00002CFD 56                   12000 	.db #0x56	; 86	'V'
    00002CFE 66                   12001 	.db #0x66	; 102	'f'
    00002CFF 66                   12002 	.db #0x66	; 102	'f'
    00002D00 66                   12003 	.db #0x66	; 102	'f'
    00002D01 65                   12004 	.db #0x65	; 101	'e'
    00002D02 22                   12005 	.db #0x22	; 34
    00002D03 44                   12006 	.db #0x44	; 68	'D'
    00002D04 44                   12007 	.db #0x44	; 68	'D'
    00002D05 32                   12008 	.db #0x32	; 50	'2'
    00002D06 24                   12009 	.db #0x24	; 36
    00002D07 42                   12010 	.db #0x42	; 66	'B'
    00002D08 44                   12011 	.db #0x44	; 68	'D'
    00002D09 24                   12012 	.db #0x24	; 36
    00002D0A 44                   12013 	.db #0x44	; 68	'D'
    00002D0B 44                   12014 	.db #0x44	; 68	'D'
    00002D0C 44                   12015 	.db #0x44	; 68	'D'
    00002D0D 44                   12016 	.db #0x44	; 68	'D'
    00002D0E 44                   12017 	.db #0x44	; 68	'D'
    00002D0F 22                   12018 	.db #0x22	; 34
    00002D10 22                   12019 	.db #0x22	; 34
    00002D11 44                   12020 	.db #0x44	; 68	'D'
    00002D12 44                   12021 	.db #0x44	; 68	'D'
    00002D13 44                   12022 	.db #0x44	; 68	'D'
    00002D14 44                   12023 	.db #0x44	; 68	'D'
    00002D15 44                   12024 	.db #0x44	; 68	'D'
    00002D16 24                   12025 	.db #0x24	; 36
    00002D17 24                   12026 	.db #0x24	; 36
    00002D18 42                   12027 	.db #0x42	; 66	'B'
    00002D19 22                   12028 	.db #0x22	; 34
    00002D1A 23                   12029 	.db #0x23	; 35
    00002D1B 44                   12030 	.db #0x44	; 68	'D'
    00002D1C 44                   12031 	.db #0x44	; 68	'D'
    00002D1D 42                   12032 	.db #0x42	; 66	'B'
    00002D1E 22                   12033 	.db #0x22	; 34
    00002D1F 35                   12034 	.db #0x35	; 53	'5'
    00002D20 66                   12035 	.db #0x66	; 102	'f'
    00002D21 65                   12036 	.db #0x65	; 101	'e'
    00002D22 22                   12037 	.db #0x22	; 34
    00002D23 44                   12038 	.db #0x44	; 68	'D'
    00002D24 44                   12039 	.db #0x44	; 68	'D'
    00002D25 22                   12040 	.db #0x22	; 34
    00002D26 56                   12041 	.db #0x56	; 86	'V'
    00002D27 66                   12042 	.db #0x66	; 102	'f'
    00002D28 53                   12043 	.db #0x53	; 83	'S'
    00002D29 22                   12044 	.db #0x22	; 34
    00002D2A 24                   12045 	.db #0x24	; 36
    00002D2B 44                   12046 	.db #0x44	; 68	'D'
    00002D2C 43                   12047 	.db #0x43	; 67	'C'
    00002D2D 22                   12048 	.db #0x22	; 34
    00002D2E 22                   12049 	.db #0x22	; 34
    00002D2F 44                   12050 	.db #0x44	; 68	'D'
    00002D30 44                   12051 	.db #0x44	; 68	'D'
    00002D31 24                   12052 	.db #0x24	; 36
    00002D32 44                   12053 	.db #0x44	; 68	'D'
    00002D33 44                   12054 	.db #0x44	; 68	'D'
    00002D34 44                   12055 	.db #0x44	; 68	'D'
    00002D35 44                   12056 	.db #0x44	; 68	'D'
    00002D36 44                   12057 	.db #0x44	; 68	'D'
    00002D37 22                   12058 	.db #0x22	; 34
    00002D38 22                   12059 	.db #0x22	; 34
    00002D39 44                   12060 	.db #0x44	; 68	'D'
    00002D3A 44                   12061 	.db #0x44	; 68	'D'
    00002D3B 44                   12062 	.db #0x44	; 68	'D'
    00002D3C 44                   12063 	.db #0x44	; 68	'D'
    00002D3D 44                   12064 	.db #0x44	; 68	'D'
    00002D3E 24                   12065 	.db #0x24	; 36
    00002D3F 24                   12066 	.db #0x24	; 36
    00002D40 42                   12067 	.db #0x42	; 66	'B'
    00002D41 22                   12068 	.db #0x22	; 34
    00002D42 72                   12069 	.db #0x72	; 114	'r'
    00002D43 24                   12070 	.db #0x24	; 36
    00002D44 44                   12071 	.db #0x44	; 68	'D'
    00002D45 44                   12072 	.db #0x44	; 68	'D'
    00002D46 42                   12073 	.db #0x42	; 66	'B'
    00002D47 22                   12074 	.db #0x22	; 34
    00002D48 22                   12075 	.db #0x22	; 34
    00002D49 22                   12076 	.db #0x22	; 34
    00002D4A 24                   12077 	.db #0x24	; 36
    00002D4B 44                   12078 	.db #0x44	; 68	'D'
    00002D4C 44                   12079 	.db #0x44	; 68	'D'
    00002D4D 44                   12080 	.db #0x44	; 68	'D'
    00002D4E 22                   12081 	.db #0x22	; 34
    00002D4F 22                   12082 	.db #0x22	; 34
    00002D50 22                   12083 	.db #0x22	; 34
    00002D51 24                   12084 	.db #0x24	; 36
    00002D52 44                   12085 	.db #0x44	; 68	'D'
    00002D53 44                   12086 	.db #0x44	; 68	'D'
    00002D54 22                   12087 	.db #0x22	; 34
    00002D55 22                   12088 	.db #0x22	; 34
    00002D56 22                   12089 	.db #0x22	; 34
    00002D57 44                   12090 	.db #0x44	; 68	'D'
    00002D58 44                   12091 	.db #0x44	; 68	'D'
    00002D59 24                   12092 	.db #0x24	; 36
    00002D5A 44                   12093 	.db #0x44	; 68	'D'
    00002D5B 44                   12094 	.db #0x44	; 68	'D'
    00002D5C 44                   12095 	.db #0x44	; 68	'D'
    00002D5D 44                   12096 	.db #0x44	; 68	'D'
    00002D5E 44                   12097 	.db #0x44	; 68	'D'
    00002D5F 22                   12098 	.db #0x22	; 34
    00002D60 22                   12099 	.db #0x22	; 34
    00002D61 44                   12100 	.db #0x44	; 68	'D'
    00002D62 44                   12101 	.db #0x44	; 68	'D'
    00002D63 44                   12102 	.db #0x44	; 68	'D'
    00002D64 44                   12103 	.db #0x44	; 68	'D'
    00002D65 42                   12104 	.db #0x42	; 66	'B'
    00002D66 24                   12105 	.db #0x24	; 36
    00002D67 44                   12106 	.db #0x44	; 68	'D'
    00002D68 22                   12107 	.db #0x22	; 34
    00002D69 22                   12108 	.db #0x22	; 34
    00002D6A 27                   12109 	.db #0x27	; 39
    00002D6B 22                   12110 	.db #0x22	; 34
    00002D6C 22                   12111 	.db #0x22	; 34
    00002D6D 34                   12112 	.db #0x34	; 52	'4'
    00002D6E 44                   12113 	.db #0x44	; 68	'D'
    00002D6F 44                   12114 	.db #0x44	; 68	'D'
    00002D70 44                   12115 	.db #0x44	; 68	'D'
    00002D71 44                   12116 	.db #0x44	; 68	'D'
    00002D72 44                   12117 	.db #0x44	; 68	'D'
    00002D73 44                   12118 	.db #0x44	; 68	'D'
    00002D74 44                   12119 	.db #0x44	; 68	'D'
    00002D75 44                   12120 	.db #0x44	; 68	'D'
    00002D76 44                   12121 	.db #0x44	; 68	'D'
    00002D77 44                   12122 	.db #0x44	; 68	'D'
    00002D78 44                   12123 	.db #0x44	; 68	'D'
    00002D79 44                   12124 	.db #0x44	; 68	'D'
    00002D7A 32                   12125 	.db #0x32	; 50	'2'
    00002D7B 22                   12126 	.db #0x22	; 34
    00002D7C 27                   12127 	.db #0x27	; 39
    00002D7D 22                   12128 	.db #0x22	; 34
    00002D7E 22                   12129 	.db #0x22	; 34
    00002D7F 24                   12130 	.db #0x24	; 36
    00002D80 44                   12131 	.db #0x44	; 68	'D'
    00002D81 22                   12132 	.db #0x22	; 34
    00002D82 44                   12133 	.db #0x44	; 68	'D'
    00002D83 44                   12134 	.db #0x44	; 68	'D'
    00002D84 44                   12135 	.db #0x44	; 68	'D'
    00002D85 44                   12136 	.db #0x44	; 68	'D'
    00002D86 44                   12137 	.db #0x44	; 68	'D'
    00002D87 22                   12138 	.db #0x22	; 34
    00002D88 22                   12139 	.db #0x22	; 34
    00002D89 34                   12140 	.db #0x34	; 52	'4'
    00002D8A 44                   12141 	.db #0x44	; 68	'D'
    00002D8B 44                   12142 	.db #0x44	; 68	'D'
    00002D8C 44                   12143 	.db #0x44	; 68	'D'
    00002D8D 22                   12144 	.db #0x22	; 34
    00002D8E 44                   12145 	.db #0x44	; 68	'D'
    00002D8F 44                   12146 	.db #0x44	; 68	'D'
    00002D90 22                   12147 	.db #0x22	; 34
    00002D91 22                   12148 	.db #0x22	; 34
    00002D92 72                   12149 	.db #0x72	; 114	'r'
    00002D93 72                   12150 	.db #0x72	; 114	'r'
    00002D94 72                   12151 	.db #0x72	; 114	'r'
    00002D95 22                   12152 	.db #0x22	; 34
    00002D96 22                   12153 	.db #0x22	; 34
    00002D97 22                   12154 	.db #0x22	; 34
    00002D98 22                   12155 	.db #0x22	; 34
    00002D99 22                   12156 	.db #0x22	; 34
    00002D9A 22                   12157 	.db #0x22	; 34
    00002D9B 22                   12158 	.db #0x22	; 34
    00002D9C 22                   12159 	.db #0x22	; 34
    00002D9D 22                   12160 	.db #0x22	; 34
    00002D9E 22                   12161 	.db #0x22	; 34
    00002D9F 22                   12162 	.db #0x22	; 34
    00002DA0 22                   12163 	.db #0x22	; 34
    00002DA1 22                   12164 	.db #0x22	; 34
    00002DA2 22                   12165 	.db #0x22	; 34
    00002DA3 72                   12166 	.db #0x72	; 114	'r'
    00002DA4 72                   12167 	.db #0x72	; 114	'r'
    00002DA5 22                   12168 	.db #0x22	; 34
    00002DA6 22                   12169 	.db #0x22	; 34
    00002DA7 24                   12170 	.db #0x24	; 36
    00002DA8 44                   12171 	.db #0x44	; 68	'D'
    00002DA9 42                   12172 	.db #0x42	; 66	'B'
    00002DAA 22                   12173 	.db #0x22	; 34
    00002DAB 44                   12174 	.db #0x44	; 68	'D'
    00002DAC 44                   12175 	.db #0x44	; 68	'D'
    00002DAD 44                   12176 	.db #0x44	; 68	'D'
    00002DAE 43                   12177 	.db #0x43	; 67	'C'
    00002DAF 21                   12178 	.db #0x21	; 33
    00002DB0 22                   12179 	.db #0x22	; 34
    00002DB1 24                   12180 	.db #0x24	; 36
    00002DB2 44                   12181 	.db #0x44	; 68	'D'
    00002DB3 44                   12182 	.db #0x44	; 68	'D'
    00002DB4 22                   12183 	.db #0x22	; 34
    00002DB5 22                   12184 	.db #0x22	; 34
    00002DB6 44                   12185 	.db #0x44	; 68	'D'
    00002DB7 44                   12186 	.db #0x44	; 68	'D'
    00002DB8 22                   12187 	.db #0x22	; 34
    00002DB9 42                   12188 	.db #0x42	; 66	'B'
    00002DBA 27                   12189 	.db #0x27	; 39
    00002DBB 27                   12190 	.db #0x27	; 39
    00002DBC 27                   12191 	.db #0x27	; 39
    00002DBD 22                   12192 	.db #0x22	; 34
    00002DBE 55                   12193 	.db #0x55	; 85	'U'
    00002DBF 55                   12194 	.db #0x55	; 85	'U'
    00002DC0 55                   12195 	.db #0x55	; 85	'U'
    00002DC1 55                   12196 	.db #0x55	; 85	'U'
    00002DC2 55                   12197 	.db #0x55	; 85	'U'
    00002DC3 52                   12198 	.db #0x52	; 82	'R'
    00002DC4 55                   12199 	.db #0x55	; 85	'U'
    00002DC5 55                   12200 	.db #0x55	; 85	'U'
    00002DC6 55                   12201 	.db #0x55	; 85	'U'
    00002DC7 55                   12202 	.db #0x55	; 85	'U'
    00002DC8 55                   12203 	.db #0x55	; 85	'U'
    00002DC9 52                   12204 	.db #0x52	; 82	'R'
    00002DCA 27                   12205 	.db #0x27	; 39
    00002DCB 27                   12206 	.db #0x27	; 39
    00002DCC 27                   12207 	.db #0x27	; 39
    00002DCD 22                   12208 	.db #0x22	; 34
    00002DCE 42                   12209 	.db #0x42	; 66	'B'
    00002DCF 24                   12210 	.db #0x24	; 36
    00002DD0 44                   12211 	.db #0x44	; 68	'D'
    00002DD1 42                   12212 	.db #0x42	; 66	'B'
    00002DD2 12                   12213 	.db #0x12	; 18
    00002DD3 22                   12214 	.db #0x22	; 34
    00002DD4 44                   12215 	.db #0x44	; 68	'D'
    00002DD5 44                   12216 	.db #0x44	; 68	'D'
    00002DD6 42                   12217 	.db #0x42	; 66	'B'
    00002DD7 21                   12218 	.db #0x21	; 33
    00002DD8 22                   12219 	.db #0x22	; 34
    00002DD9 24                   12220 	.db #0x24	; 36
    00002DDA 44                   12221 	.db #0x44	; 68	'D'
    00002DDB 22                   12222 	.db #0x22	; 34
    00002DDC 21                   12223 	.db #0x21	; 33
    00002DDD 12                   12224 	.db #0x12	; 18
    00002DDE 44                   12225 	.db #0x44	; 68	'D'
    00002DDF 44                   12226 	.db #0x44	; 68	'D'
    00002DE0 22                   12227 	.db #0x22	; 34
    00002DE1 42                   12228 	.db #0x42	; 66	'B'
    00002DE2 22                   12229 	.db #0x22	; 34
    00002DE3 72                   12230 	.db #0x72	; 114	'r'
    00002DE4 72                   12231 	.db #0x72	; 114	'r'
    00002DE5 72                   12232 	.db #0x72	; 114	'r'
    00002DE6 56                   12233 	.db #0x56	; 86	'V'
    00002DE7 66                   12234 	.db #0x66	; 102	'f'
    00002DE8 66                   12235 	.db #0x66	; 102	'f'
    00002DE9 66                   12236 	.db #0x66	; 102	'f'
    00002DEA 66                   12237 	.db #0x66	; 102	'f'
    00002DEB 52                   12238 	.db #0x52	; 82	'R'
    00002DEC 56                   12239 	.db #0x56	; 86	'V'
    00002DED 66                   12240 	.db #0x66	; 102	'f'
    00002DEE 66                   12241 	.db #0x66	; 102	'f'
    00002DEF 66                   12242 	.db #0x66	; 102	'f'
    00002DF0 66                   12243 	.db #0x66	; 102	'f'
    00002DF1 52                   12244 	.db #0x52	; 82	'R'
    00002DF2 72                   12245 	.db #0x72	; 114	'r'
    00002DF3 72                   12246 	.db #0x72	; 114	'r'
    00002DF4 72                   12247 	.db #0x72	; 114	'r'
    00002DF5 24                   12248 	.db #0x24	; 36
    00002DF6 42                   12249 	.db #0x42	; 66	'B'
    00002DF7 24                   12250 	.db #0x24	; 36
    00002DF8 44                   12251 	.db #0x44	; 68	'D'
    00002DF9 42                   12252 	.db #0x42	; 66	'B'
    00002DFA 11                   12253 	.db #0x11	; 17
    00002DFB 12                   12254 	.db #0x12	; 18
    00002DFC 22                   12255 	.db #0x22	; 34
    00002DFD 44                   12256 	.db #0x44	; 68	'D'
    00002DFE 42                   12257 	.db #0x42	; 66	'B'
    00002DFF 21                   12258 	.db #0x21	; 33
    00002E00 12                   12259 	.db #0x12	; 18
    00002E01 22                   12260 	.db #0x22	; 34
    00002E02 42                   12261 	.db #0x42	; 66	'B'
    00002E03 21                   12262 	.db #0x21	; 33
    00002E04 11                   12263 	.db #0x11	; 17
    00002E05 12                   12264 	.db #0x12	; 18
    00002E06 44                   12265 	.db #0x44	; 68	'D'
    00002E07 44                   12266 	.db #0x44	; 68	'D'
    00002E08 24                   12267 	.db #0x24	; 36
    00002E09 44                   12268 	.db #0x44	; 68	'D'
    00002E0A 22                   12269 	.db #0x22	; 34
    00002E0B 27                   12270 	.db #0x27	; 39
    00002E0C 27                   12271 	.db #0x27	; 39
    00002E0D 22                   12272 	.db #0x22	; 34
    00002E0E 56                   12273 	.db #0x56	; 86	'V'
    00002E0F 66                   12274 	.db #0x66	; 102	'f'
    00002E10 66                   12275 	.db #0x66	; 102	'f'
    00002E11 66                   12276 	.db #0x66	; 102	'f'
    00002E12 66                   12277 	.db #0x66	; 102	'f'
    00002E13 52                   12278 	.db #0x52	; 82	'R'
    00002E14 56                   12279 	.db #0x56	; 86	'V'
    00002E15 66                   12280 	.db #0x66	; 102	'f'
    00002E16 66                   12281 	.db #0x66	; 102	'f'
    00002E17 66                   12282 	.db #0x66	; 102	'f'
    00002E18 66                   12283 	.db #0x66	; 102	'f'
    00002E19 52                   12284 	.db #0x52	; 82	'R'
    00002E1A 27                   12285 	.db #0x27	; 39
    00002E1B 27                   12286 	.db #0x27	; 39
    00002E1C 22                   12287 	.db #0x22	; 34
    00002E1D 24                   12288 	.db #0x24	; 36
    00002E1E 44                   12289 	.db #0x44	; 68	'D'
    00002E1F 24                   12290 	.db #0x24	; 36
    00002E20 44                   12291 	.db #0x44	; 68	'D'
    00002E21 42                   12292 	.db #0x42	; 66	'B'
    00002E22 11                   12293 	.db #0x11	; 17
    00002E23 11                   12294 	.db #0x11	; 17
    00002E24 12                   12295 	.db #0x12	; 18
    00002E25 22                   12296 	.db #0x22	; 34
    00002E26 32                   12297 	.db #0x32	; 50	'2'
    00002E27 21                   12298 	.db #0x21	; 33
    00002E28 12                   12299 	.db #0x12	; 18
    00002E29 22                   12300 	.db #0x22	; 34
    00002E2A 21                   12301 	.db #0x21	; 33
    00002E2B 11                   12302 	.db #0x11	; 17
    00002E2C 11                   12303 	.db #0x11	; 17
    00002E2D 22                   12304 	.db #0x22	; 34
    00002E2E 44                   12305 	.db #0x44	; 68	'D'
    00002E2F 44                   12306 	.db #0x44	; 68	'D'
    00002E30 24                   12307 	.db #0x24	; 36
    00002E31 44                   12308 	.db #0x44	; 68	'D'
    00002E32 42                   12309 	.db #0x42	; 66	'B'
    00002E33 22                   12310 	.db #0x22	; 34
    00002E34 72                   12311 	.db #0x72	; 114	'r'
    00002E35 72                   12312 	.db #0x72	; 114	'r'
    00002E36 56                   12313 	.db #0x56	; 86	'V'
    00002E37 66                   12314 	.db #0x66	; 102	'f'
    00002E38 66                   12315 	.db #0x66	; 102	'f'
    00002E39 66                   12316 	.db #0x66	; 102	'f'
    00002E3A 66                   12317 	.db #0x66	; 102	'f'
    00002E3B 52                   12318 	.db #0x52	; 82	'R'
    00002E3C 56                   12319 	.db #0x56	; 86	'V'
    00002E3D 66                   12320 	.db #0x66	; 102	'f'
    00002E3E 66                   12321 	.db #0x66	; 102	'f'
    00002E3F 66                   12322 	.db #0x66	; 102	'f'
    00002E40 66                   12323 	.db #0x66	; 102	'f'
    00002E41 52                   12324 	.db #0x52	; 82	'R'
    00002E42 72                   12325 	.db #0x72	; 114	'r'
    00002E43 72                   12326 	.db #0x72	; 114	'r'
    00002E44 22                   12327 	.db #0x22	; 34
    00002E45 44                   12328 	.db #0x44	; 68	'D'
    00002E46 44                   12329 	.db #0x44	; 68	'D'
    00002E47 24                   12330 	.db #0x24	; 36
    00002E48 44                   12331 	.db #0x44	; 68	'D'
    00002E49 42                   12332 	.db #0x42	; 66	'B'
    00002E4A 21                   12333 	.db #0x21	; 33
    00002E4B 11                   12334 	.db #0x11	; 17
    00002E4C 11                   12335 	.db #0x11	; 17
    00002E4D 12                   12336 	.db #0x12	; 18
    00002E4E 22                   12337 	.db #0x22	; 34
    00002E4F 21                   12338 	.db #0x21	; 33
    00002E50 12                   12339 	.db #0x12	; 18
    00002E51 22                   12340 	.db #0x22	; 34
    00002E52 11                   12341 	.db #0x11	; 17
    00002E53 22                   12342 	.db #0x22	; 34
    00002E54 22                   12343 	.db #0x22	; 34
    00002E55 22                   12344 	.db #0x22	; 34
    00002E56 44                   12345 	.db #0x44	; 68	'D'
    00002E57 44                   12346 	.db #0x44	; 68	'D'
    00002E58 44                   12347 	.db #0x44	; 68	'D'
    00002E59 44                   12348 	.db #0x44	; 68	'D'
    00002E5A 44                   12349 	.db #0x44	; 68	'D'
    00002E5B 22                   12350 	.db #0x22	; 34
    00002E5C 27                   12351 	.db #0x27	; 39
    00002E5D 22                   12352 	.db #0x22	; 34
    00002E5E 56                   12353 	.db #0x56	; 86	'V'
    00002E5F 66                   12354 	.db #0x66	; 102	'f'
    00002E60 66                   12355 	.db #0x66	; 102	'f'
    00002E61 66                   12356 	.db #0x66	; 102	'f'
    00002E62 66                   12357 	.db #0x66	; 102	'f'
    00002E63 52                   12358 	.db #0x52	; 82	'R'
    00002E64 56                   12359 	.db #0x56	; 86	'V'
    00002E65 66                   12360 	.db #0x66	; 102	'f'
    00002E66 66                   12361 	.db #0x66	; 102	'f'
    00002E67 66                   12362 	.db #0x66	; 102	'f'
    00002E68 66                   12363 	.db #0x66	; 102	'f'
    00002E69 52                   12364 	.db #0x52	; 82	'R'
    00002E6A 27                   12365 	.db #0x27	; 39
    00002E6B 22                   12366 	.db #0x22	; 34
    00002E6C 24                   12367 	.db #0x24	; 36
    00002E6D 44                   12368 	.db #0x44	; 68	'D'
    00002E6E 44                   12369 	.db #0x44	; 68	'D'
    00002E6F 24                   12370 	.db #0x24	; 36
    00002E70 44                   12371 	.db #0x44	; 68	'D'
    00002E71 42                   12372 	.db #0x42	; 66	'B'
    00002E72 22                   12373 	.db #0x22	; 34
    00002E73 22                   12374 	.db #0x22	; 34
    00002E74 21                   12375 	.db #0x21	; 33
    00002E75 11                   12376 	.db #0x11	; 17
    00002E76 12                   12377 	.db #0x12	; 18
    00002E77 11                   12378 	.db #0x11	; 17
    00002E78 11                   12379 	.db #0x11	; 17
    00002E79 21                   12380 	.db #0x21	; 33
    00002E7A 22                   12381 	.db #0x22	; 34
    00002E7B 22                   12382 	.db #0x22	; 34
    00002E7C 44                   12383 	.db #0x44	; 68	'D'
    00002E7D 42                   12384 	.db #0x42	; 66	'B'
    00002E7E 24                   12385 	.db #0x24	; 36
    00002E7F 44                   12386 	.db #0x44	; 68	'D'
    00002E80 42                   12387 	.db #0x42	; 66	'B'
    00002E81 44                   12388 	.db #0x44	; 68	'D'
    00002E82 44                   12389 	.db #0x44	; 68	'D'
    00002E83 43                   12390 	.db #0x43	; 67	'C'
    00002E84 22                   12391 	.db #0x22	; 34
    00002E85 22                   12392 	.db #0x22	; 34
    00002E86 56                   12393 	.db #0x56	; 86	'V'
    00002E87 66                   12394 	.db #0x66	; 102	'f'
    00002E88 66                   12395 	.db #0x66	; 102	'f'
    00002E89 66                   12396 	.db #0x66	; 102	'f'
    00002E8A 66                   12397 	.db #0x66	; 102	'f'
    00002E8B 52                   12398 	.db #0x52	; 82	'R'
    00002E8C 56                   12399 	.db #0x56	; 86	'V'
    00002E8D 66                   12400 	.db #0x66	; 102	'f'
    00002E8E 66                   12401 	.db #0x66	; 102	'f'
    00002E8F 66                   12402 	.db #0x66	; 102	'f'
    00002E90 66                   12403 	.db #0x66	; 102	'f'
    00002E91 52                   12404 	.db #0x52	; 82	'R'
    00002E92 22                   12405 	.db #0x22	; 34
    00002E93 22                   12406 	.db #0x22	; 34
    00002E94 44                   12407 	.db #0x44	; 68	'D'
    00002E95 44                   12408 	.db #0x44	; 68	'D'
    00002E96 44                   12409 	.db #0x44	; 68	'D'
    00002E97 44                   12410 	.db #0x44	; 68	'D'
    00002E98 44                   12411 	.db #0x44	; 68	'D'
    00002E99 42                   12412 	.db #0x42	; 66	'B'
    00002E9A 44                   12413 	.db #0x44	; 68	'D'
    00002E9B 42                   12414 	.db #0x42	; 66	'B'
    00002E9C 22                   12415 	.db #0x22	; 34
    00002E9D 22                   12416 	.db #0x22	; 34
    00002E9E 11                   12417 	.db #0x11	; 17
    00002E9F 11                   12418 	.db #0x11	; 17
    00002EA0 11                   12419 	.db #0x11	; 17
    00002EA1 11                   12420 	.db #0x11	; 17
    00002EA2 22                   12421 	.db #0x22	; 34
    00002EA3 44                   12422 	.db #0x44	; 68	'D'
    00002EA4 44                   12423 	.db #0x44	; 68	'D'
    00002EA5 44                   12424 	.db #0x44	; 68	'D'
    00002EA6 24                   12425 	.db #0x24	; 36
    00002EA7 44                   12426 	.db #0x44	; 68	'D'
    00002EA8 44                   12427 	.db #0x44	; 68	'D'
    00002EA9 44                   12428 	.db #0x44	; 68	'D'
    00002EAA 44                   12429 	.db #0x44	; 68	'D'
    00002EAB 44                   12430 	.db #0x44	; 68	'D'
    00002EAC 43                   12431 	.db #0x43	; 67	'C'
    00002EAD 22                   12432 	.db #0x22	; 34
    00002EAE 56                   12433 	.db #0x56	; 86	'V'
    00002EAF 66                   12434 	.db #0x66	; 102	'f'
    00002EB0 66                   12435 	.db #0x66	; 102	'f'
    00002EB1 66                   12436 	.db #0x66	; 102	'f'
    00002EB2 66                   12437 	.db #0x66	; 102	'f'
    00002EB3 52                   12438 	.db #0x52	; 82	'R'
    00002EB4 56                   12439 	.db #0x56	; 86	'V'
    00002EB5 66                   12440 	.db #0x66	; 102	'f'
    00002EB6 66                   12441 	.db #0x66	; 102	'f'
    00002EB7 66                   12442 	.db #0x66	; 102	'f'
    00002EB8 66                   12443 	.db #0x66	; 102	'f'
    00002EB9 52                   12444 	.db #0x52	; 82	'R'
    00002EBA 22                   12445 	.db #0x22	; 34
    00002EBB 34                   12446 	.db #0x34	; 52	'4'
    00002EBC 44                   12447 	.db #0x44	; 68	'D'
    00002EBD 44                   12448 	.db #0x44	; 68	'D'
    00002EBE 44                   12449 	.db #0x44	; 68	'D'
    00002EBF 44                   12450 	.db #0x44	; 68	'D'
    00002EC0 44                   12451 	.db #0x44	; 68	'D'
    00002EC1 24                   12452 	.db #0x24	; 36
    00002EC2 44                   12453 	.db #0x44	; 68	'D'
    00002EC3 44                   12454 	.db #0x44	; 68	'D'
    00002EC4 42                   12455 	.db #0x42	; 66	'B'
    00002EC5 21                   12456 	.db #0x21	; 33
    00002EC6 11                   12457 	.db #0x11	; 17
    00002EC7 11                   12458 	.db #0x11	; 17
    00002EC8 11                   12459 	.db #0x11	; 17
    00002EC9 11                   12460 	.db #0x11	; 17
    00002ECA 12                   12461 	.db #0x12	; 18
    00002ECB 22                   12462 	.db #0x22	; 34
    00002ECC 44                   12463 	.db #0x44	; 68	'D'
    00002ECD 44                   12464 	.db #0x44	; 68	'D'
    00002ECE 24                   12465 	.db #0x24	; 36
    00002ECF 44                   12466 	.db #0x44	; 68	'D'
    00002ED0 44                   12467 	.db #0x44	; 68	'D'
    00002ED1 44                   12468 	.db #0x44	; 68	'D'
    00002ED2 44                   12469 	.db #0x44	; 68	'D'
    00002ED3 44                   12470 	.db #0x44	; 68	'D'
    00002ED4 44                   12471 	.db #0x44	; 68	'D'
    00002ED5 42                   12472 	.db #0x42	; 66	'B'
    00002ED6 56                   12473 	.db #0x56	; 86	'V'
    00002ED7 66                   12474 	.db #0x66	; 102	'f'
    00002ED8 66                   12475 	.db #0x66	; 102	'f'
    00002ED9 66                   12476 	.db #0x66	; 102	'f'
    00002EDA 66                   12477 	.db #0x66	; 102	'f'
    00002EDB 52                   12478 	.db #0x52	; 82	'R'
    00002EDC 56                   12479 	.db #0x56	; 86	'V'
    00002EDD 66                   12480 	.db #0x66	; 102	'f'
    00002EDE 66                   12481 	.db #0x66	; 102	'f'
    00002EDF 66                   12482 	.db #0x66	; 102	'f'
    00002EE0 66                   12483 	.db #0x66	; 102	'f'
    00002EE1 52                   12484 	.db #0x52	; 82	'R'
    00002EE2 44                   12485 	.db #0x44	; 68	'D'
    00002EE3 44                   12486 	.db #0x44	; 68	'D'
    00002EE4 44                   12487 	.db #0x44	; 68	'D'
    00002EE5 44                   12488 	.db #0x44	; 68	'D'
    00002EE6 42                   12489 	.db #0x42	; 66	'B'
    00002EE7 44                   12490 	.db #0x44	; 68	'D'
    00002EE8 44                   12491 	.db #0x44	; 68	'D'
    00002EE9 24                   12492 	.db #0x24	; 36
    00002EEA 44                   12493 	.db #0x44	; 68	'D'
    00002EEB 42                   12494 	.db #0x42	; 66	'B'
    00002EEC 22                   12495 	.db #0x22	; 34
    00002EED 11                   12496 	.db #0x11	; 17
    00002EEE 11                   12497 	.db #0x11	; 17
    00002EEF 11                   12498 	.db #0x11	; 17
    00002EF0 11                   12499 	.db #0x11	; 17
    00002EF1 11                   12500 	.db #0x11	; 17
    00002EF2 11                   12501 	.db #0x11	; 17
    00002EF3 22                   12502 	.db #0x22	; 34
    00002EF4 24                   12503 	.db #0x24	; 36
    00002EF5 44                   12504 	.db #0x44	; 68	'D'
    00002EF6 23                   12505 	.db #0x23	; 35
    00002EF7 44                   12506 	.db #0x44	; 68	'D'
    00002EF8 44                   12507 	.db #0x44	; 68	'D'
    00002EF9 44                   12508 	.db #0x44	; 68	'D'
    00002EFA 44                   12509 	.db #0x44	; 68	'D'
    00002EFB 44                   12510 	.db #0x44	; 68	'D'
    00002EFC 44                   12511 	.db #0x44	; 68	'D'
    00002EFD 42                   12512 	.db #0x42	; 66	'B'
    00002EFE 56                   12513 	.db #0x56	; 86	'V'
    00002EFF 66                   12514 	.db #0x66	; 102	'f'
    00002F00 66                   12515 	.db #0x66	; 102	'f'
    00002F01 66                   12516 	.db #0x66	; 102	'f'
    00002F02 66                   12517 	.db #0x66	; 102	'f'
    00002F03 52                   12518 	.db #0x52	; 82	'R'
    00002F04 56                   12519 	.db #0x56	; 86	'V'
    00002F05 66                   12520 	.db #0x66	; 102	'f'
    00002F06 66                   12521 	.db #0x66	; 102	'f'
    00002F07 66                   12522 	.db #0x66	; 102	'f'
    00002F08 66                   12523 	.db #0x66	; 102	'f'
    00002F09 52                   12524 	.db #0x52	; 82	'R'
    00002F0A 44                   12525 	.db #0x44	; 68	'D'
    00002F0B 44                   12526 	.db #0x44	; 68	'D'
    00002F0C 44                   12527 	.db #0x44	; 68	'D'
    00002F0D 44                   12528 	.db #0x44	; 68	'D'
    00002F0E 44                   12529 	.db #0x44	; 68	'D'
    00002F0F 44                   12530 	.db #0x44	; 68	'D'
    00002F10 44                   12531 	.db #0x44	; 68	'D'
    00002F11 24                   12532 	.db #0x24	; 36
    00002F12 44                   12533 	.db #0x44	; 68	'D'
    00002F13 22                   12534 	.db #0x22	; 34
    00002F14 21                   12535 	.db #0x21	; 33
    00002F15 11                   12536 	.db #0x11	; 17
    00002F16 11                   12537 	.db #0x11	; 17
    00002F17 11                   12538 	.db #0x11	; 17
    00002F18 11                   12539 	.db #0x11	; 17
    00002F19 11                   12540 	.db #0x11	; 17
    00002F1A 11                   12541 	.db #0x11	; 17
    00002F1B 12                   12542 	.db #0x12	; 18
    00002F1C 22                   12543 	.db #0x22	; 34
    00002F1D 44                   12544 	.db #0x44	; 68	'D'
    00002F1E 22                   12545 	.db #0x22	; 34
    00002F1F 44                   12546 	.db #0x44	; 68	'D'
    00002F20 44                   12547 	.db #0x44	; 68	'D'
    00002F21 44                   12548 	.db #0x44	; 68	'D'
    00002F22 44                   12549 	.db #0x44	; 68	'D'
    00002F23 24                   12550 	.db #0x24	; 36
    00002F24 44                   12551 	.db #0x44	; 68	'D'
    00002F25 42                   12552 	.db #0x42	; 66	'B'
    00002F26 56                   12553 	.db #0x56	; 86	'V'
    00002F27 66                   12554 	.db #0x66	; 102	'f'
    00002F28 66                   12555 	.db #0x66	; 102	'f'
    00002F29 66                   12556 	.db #0x66	; 102	'f'
    00002F2A 66                   12557 	.db #0x66	; 102	'f'
    00002F2B 52                   12558 	.db #0x52	; 82	'R'
    00002F2C 56                   12559 	.db #0x56	; 86	'V'
    00002F2D 66                   12560 	.db #0x66	; 102	'f'
    00002F2E 66                   12561 	.db #0x66	; 102	'f'
    00002F2F 66                   12562 	.db #0x66	; 102	'f'
    00002F30 66                   12563 	.db #0x66	; 102	'f'
    00002F31 52                   12564 	.db #0x52	; 82	'R'
    00002F32 44                   12565 	.db #0x44	; 68	'D'
    00002F33 44                   12566 	.db #0x44	; 68	'D'
    00002F34 42                   12567 	.db #0x42	; 66	'B'
    00002F35 44                   12568 	.db #0x44	; 68	'D'
    00002F36 44                   12569 	.db #0x44	; 68	'D'
    00002F37 44                   12570 	.db #0x44	; 68	'D'
    00002F38 44                   12571 	.db #0x44	; 68	'D'
    00002F39 24                   12572 	.db #0x24	; 36
    00002F3A 42                   12573 	.db #0x42	; 66	'B'
    00002F3B 22                   12574 	.db #0x22	; 34
    00002F3C 11                   12575 	.db #0x11	; 17
    00002F3D 11                   12576 	.db #0x11	; 17
    00002F3E 11                   12577 	.db #0x11	; 17
    00002F3F 11                   12578 	.db #0x11	; 17
    00002F40 11                   12579 	.db #0x11	; 17
    00002F41 11                   12580 	.db #0x11	; 17
    00002F42 11                   12581 	.db #0x11	; 17
    00002F43 11                   12582 	.db #0x11	; 17
    00002F44 22                   12583 	.db #0x22	; 34
    00002F45 24                   12584 	.db #0x24	; 36
    00002F46 22                   12585 	.db #0x22	; 34
    00002F47 44                   12586 	.db #0x44	; 68	'D'
    00002F48 44                   12587 	.db #0x44	; 68	'D'
    00002F49 44                   12588 	.db #0x44	; 68	'D'
    00002F4A 44                   12589 	.db #0x44	; 68	'D'
    00002F4B 42                   12590 	.db #0x42	; 66	'B'
    00002F4C 24                   12591 	.db #0x24	; 36
    00002F4D 42                   12592 	.db #0x42	; 66	'B'
    00002F4E 56                   12593 	.db #0x56	; 86	'V'
    00002F4F 66                   12594 	.db #0x66	; 102	'f'
    00002F50 66                   12595 	.db #0x66	; 102	'f'
    00002F51 66                   12596 	.db #0x66	; 102	'f'
    00002F52 66                   12597 	.db #0x66	; 102	'f'
    00002F53 52                   12598 	.db #0x52	; 82	'R'
    00002F54 56                   12599 	.db #0x56	; 86	'V'
    00002F55 66                   12600 	.db #0x66	; 102	'f'
    00002F56 66                   12601 	.db #0x66	; 102	'f'
    00002F57 66                   12602 	.db #0x66	; 102	'f'
    00002F58 66                   12603 	.db #0x66	; 102	'f'
    00002F59 52                   12604 	.db #0x52	; 82	'R'
    00002F5A 44                   12605 	.db #0x44	; 68	'D'
    00002F5B 44                   12606 	.db #0x44	; 68	'D'
    00002F5C 22                   12607 	.db #0x22	; 34
    00002F5D 44                   12608 	.db #0x44	; 68	'D'
    00002F5E 44                   12609 	.db #0x44	; 68	'D'
    00002F5F 44                   12610 	.db #0x44	; 68	'D'
    00002F60 42                   12611 	.db #0x42	; 66	'B'
    00002F61 24                   12612 	.db #0x24	; 36
    00002F62 22                   12613 	.db #0x22	; 34
    00002F63 21                   12614 	.db #0x21	; 33
    00002F64 11                   12615 	.db #0x11	; 17
    00002F65 11                   12616 	.db #0x11	; 17
    00002F66 11                   12617 	.db #0x11	; 17
    00002F67 11                   12618 	.db #0x11	; 17
    00002F68 11                   12619 	.db #0x11	; 17
    00002F69 11                   12620 	.db #0x11	; 17
    00002F6A 11                   12621 	.db #0x11	; 17
    00002F6B 11                   12622 	.db #0x11	; 17
    00002F6C 12                   12623 	.db #0x12	; 18
    00002F6D 22                   12624 	.db #0x22	; 34
    00002F6E 22                   12625 	.db #0x22	; 34
    00002F6F 34                   12626 	.db #0x34	; 52	'4'
    00002F70 44                   12627 	.db #0x44	; 68	'D'
    00002F71 44                   12628 	.db #0x44	; 68	'D'
    00002F72 44                   12629 	.db #0x44	; 68	'D'
    00002F73 42                   12630 	.db #0x42	; 66	'B'
    00002F74 22                   12631 	.db #0x22	; 34
    00002F75 22                   12632 	.db #0x22	; 34
    00002F76 56                   12633 	.db #0x56	; 86	'V'
    00002F77 66                   12634 	.db #0x66	; 102	'f'
    00002F78 66                   12635 	.db #0x66	; 102	'f'
    00002F79 66                   12636 	.db #0x66	; 102	'f'
    00002F7A 66                   12637 	.db #0x66	; 102	'f'
    00002F7B 52                   12638 	.db #0x52	; 82	'R'
    00002F7C 56                   12639 	.db #0x56	; 86	'V'
    00002F7D 66                   12640 	.db #0x66	; 102	'f'
    00002F7E 66                   12641 	.db #0x66	; 102	'f'
    00002F7F 66                   12642 	.db #0x66	; 102	'f'
    00002F80 66                   12643 	.db #0x66	; 102	'f'
    00002F81 52                   12644 	.db #0x52	; 82	'R'
    00002F82 44                   12645 	.db #0x44	; 68	'D'
    00002F83 22                   12646 	.db #0x22	; 34
    00002F84 24                   12647 	.db #0x24	; 36
    00002F85 44                   12648 	.db #0x44	; 68	'D'
    00002F86 44                   12649 	.db #0x44	; 68	'D'
    00002F87 44                   12650 	.db #0x44	; 68	'D'
    00002F88 42                   12651 	.db #0x42	; 66	'B'
    00002F89 22                   12652 	.db #0x22	; 34
    00002F8A 22                   12653 	.db #0x22	; 34
    00002F8B 11                   12654 	.db #0x11	; 17
    00002F8C 11                   12655 	.db #0x11	; 17
    00002F8D 11                   12656 	.db #0x11	; 17
    00002F8E 11                   12657 	.db #0x11	; 17
    00002F8F 11                   12658 	.db #0x11	; 17
    00002F90 11                   12659 	.db #0x11	; 17
    00002F91 11                   12660 	.db #0x11	; 17
    00002F92 11                   12661 	.db #0x11	; 17
    00002F93 11                   12662 	.db #0x11	; 17
    00002F94 11                   12663 	.db #0x11	; 17
    00002F95 22                   12664 	.db #0x22	; 34
    00002F96 11                   12665 	.db #0x11	; 17
    00002F97 24                   12666 	.db #0x24	; 36
    00002F98 44                   12667 	.db #0x44	; 68	'D'
    00002F99 44                   12668 	.db #0x44	; 68	'D'
    00002F9A 44                   12669 	.db #0x44	; 68	'D'
    00002F9B 44                   12670 	.db #0x44	; 68	'D'
    00002F9C 22                   12671 	.db #0x22	; 34
    00002F9D 22                   12672 	.db #0x22	; 34
    00002F9E 56                   12673 	.db #0x56	; 86	'V'
    00002F9F 66                   12674 	.db #0x66	; 102	'f'
    00002FA0 66                   12675 	.db #0x66	; 102	'f'
    00002FA1 66                   12676 	.db #0x66	; 102	'f'
    00002FA2 66                   12677 	.db #0x66	; 102	'f'
    00002FA3 52                   12678 	.db #0x52	; 82	'R'
    00002FA4 56                   12679 	.db #0x56	; 86	'V'
    00002FA5 66                   12680 	.db #0x66	; 102	'f'
    00002FA6 66                   12681 	.db #0x66	; 102	'f'
    00002FA7 66                   12682 	.db #0x66	; 102	'f'
    00002FA8 66                   12683 	.db #0x66	; 102	'f'
    00002FA9 52                   12684 	.db #0x52	; 82	'R'
    00002FAA 22                   12685 	.db #0x22	; 34
    00002FAB 22                   12686 	.db #0x22	; 34
    00002FAC 44                   12687 	.db #0x44	; 68	'D'
    00002FAD 44                   12688 	.db #0x44	; 68	'D'
    00002FAE 44                   12689 	.db #0x44	; 68	'D'
    00002FAF 44                   12690 	.db #0x44	; 68	'D'
    00002FB0 22                   12691 	.db #0x22	; 34
    00002FB1 12                   12692 	.db #0x12	; 18
    00002FB2 21                   12693 	.db #0x21	; 33
    00002FB3 11                   12694 	.db #0x11	; 17
    00002FB4 11                   12695 	.db #0x11	; 17
    00002FB5 11                   12696 	.db #0x11	; 17
    00002FB6 11                   12697 	.db #0x11	; 17
    00002FB7 11                   12698 	.db #0x11	; 17
    00002FB8 11                   12699 	.db #0x11	; 17
    00002FB9 11                   12700 	.db #0x11	; 17
    00002FBA 11                   12701 	.db #0x11	; 17
    00002FBB 11                   12702 	.db #0x11	; 17
    00002FBC 11                   12703 	.db #0x11	; 17
    00002FBD 11                   12704 	.db #0x11	; 17
    00002FBE 11                   12705 	.db #0x11	; 17
    00002FBF 23                   12706 	.db #0x23	; 35
    00002FC0 44                   12707 	.db #0x44	; 68	'D'
    00002FC1 44                   12708 	.db #0x44	; 68	'D'
    00002FC2 44                   12709 	.db #0x44	; 68	'D'
    00002FC3 44                   12710 	.db #0x44	; 68	'D'
    00002FC4 42                   12711 	.db #0x42	; 66	'B'
    00002FC5 22                   12712 	.db #0x22	; 34
    00002FC6 56                   12713 	.db #0x56	; 86	'V'
    00002FC7 66                   12714 	.db #0x66	; 102	'f'
    00002FC8 66                   12715 	.db #0x66	; 102	'f'
    00002FC9 66                   12716 	.db #0x66	; 102	'f'
    00002FCA 66                   12717 	.db #0x66	; 102	'f'
    00002FCB 52                   12718 	.db #0x52	; 82	'R'
    00002FCC 56                   12719 	.db #0x56	; 86	'V'
    00002FCD 66                   12720 	.db #0x66	; 102	'f'
    00002FCE 66                   12721 	.db #0x66	; 102	'f'
    00002FCF 66                   12722 	.db #0x66	; 102	'f'
    00002FD0 66                   12723 	.db #0x66	; 102	'f'
    00002FD1 52                   12724 	.db #0x52	; 82	'R'
    00002FD2 22                   12725 	.db #0x22	; 34
    00002FD3 34                   12726 	.db #0x34	; 52	'4'
    00002FD4 44                   12727 	.db #0x44	; 68	'D'
    00002FD5 44                   12728 	.db #0x44	; 68	'D'
    00002FD6 44                   12729 	.db #0x44	; 68	'D'
    00002FD7 44                   12730 	.db #0x44	; 68	'D'
    00002FD8 22                   12731 	.db #0x22	; 34
    00002FD9 11                   12732 	.db #0x11	; 17
    00002FDA 11                   12733 	.db #0x11	; 17
    00002FDB 11                   12734 	.db #0x11	; 17
    00002FDC 11                   12735 	.db #0x11	; 17
    00002FDD 11                   12736 	.db #0x11	; 17
    00002FDE 11                   12737 	.db #0x11	; 17
    00002FDF 11                   12738 	.db #0x11	; 17
    00002FE0 11                   12739 	.db #0x11	; 17
    00002FE1 11                   12740 	.db #0x11	; 17
    00002FE2 11                   12741 	.db #0x11	; 17
    00002FE3 11                   12742 	.db #0x11	; 17
    00002FE4 11                   12743 	.db #0x11	; 17
    00002FE5 11                   12744 	.db #0x11	; 17
    00002FE6 11                   12745 	.db #0x11	; 17
    00002FE7 12                   12746 	.db #0x12	; 18
    00002FE8 44                   12747 	.db #0x44	; 68	'D'
    00002FE9 44                   12748 	.db #0x44	; 68	'D'
    00002FEA 44                   12749 	.db #0x44	; 68	'D'
    00002FEB 24                   12750 	.db #0x24	; 36
    00002FEC 44                   12751 	.db #0x44	; 68	'D'
    00002FED 22                   12752 	.db #0x22	; 34
    00002FEE 55                   12753 	.db #0x55	; 85	'U'
    00002FEF 55                   12754 	.db #0x55	; 85	'U'
    00002FF0 55                   12755 	.db #0x55	; 85	'U'
    00002FF1 55                   12756 	.db #0x55	; 85	'U'
    00002FF2 55                   12757 	.db #0x55	; 85	'U'
    00002FF3 52                   12758 	.db #0x52	; 82	'R'
    00002FF4 55                   12759 	.db #0x55	; 85	'U'
    00002FF5 55                   12760 	.db #0x55	; 85	'U'
    00002FF6 55                   12761 	.db #0x55	; 85	'U'
    00002FF7 55                   12762 	.db #0x55	; 85	'U'
    00002FF8 55                   12763 	.db #0x55	; 85	'U'
    00002FF9 52                   12764 	.db #0x52	; 82	'R'
    00002FFA 24                   12765 	.db #0x24	; 36
    00002FFB 44                   12766 	.db #0x44	; 68	'D'
    00002FFC 42                   12767 	.db #0x42	; 66	'B'
    00002FFD 44                   12768 	.db #0x44	; 68	'D'
    00002FFE 44                   12769 	.db #0x44	; 68	'D'
    00002FFF 42                   12770 	.db #0x42	; 66	'B'
    00003000 21                   12771 	.db #0x21	; 33
    00003001 11                   12772 	.db #0x11	; 17
    00003002 11                   12773 	.db #0x11	; 17
    00003003 11                   12774 	.db #0x11	; 17
    00003004 11                   12775 	.db #0x11	; 17
    00003005 11                   12776 	.db #0x11	; 17
    00003006 11                   12777 	.db #0x11	; 17
    00003007 11                   12778 	.db #0x11	; 17
    00003008 11                   12779 	.db #0x11	; 17
    00003009 11                   12780 	.db #0x11	; 17
    0000300A 11                   12781 	.db #0x11	; 17
    0000300B 11                   12782 	.db #0x11	; 17
    0000300C 11                   12783 	.db #0x11	; 17
    0000300D 11                   12784 	.db #0x11	; 17
    0000300E 11                   12785 	.db #0x11	; 17
    0000300F 12                   12786 	.db #0x12	; 18
    00003010 24                   12787 	.db #0x24	; 36
    00003011 44                   12788 	.db #0x44	; 68	'D'
    00003012 44                   12789 	.db #0x44	; 68	'D'
    00003013 42                   12790 	.db #0x42	; 66	'B'
    00003014 44                   12791 	.db #0x44	; 68	'D'
    00003015 43                   12792 	.db #0x43	; 67	'C'
    00003016 22                   12793 	.db #0x22	; 34
    00003017 22                   12794 	.db #0x22	; 34
    00003018 22                   12795 	.db #0x22	; 34
    00003019 22                   12796 	.db #0x22	; 34
    0000301A 22                   12797 	.db #0x22	; 34
    0000301B 22                   12798 	.db #0x22	; 34
    0000301C 22                   12799 	.db #0x22	; 34
    0000301D 22                   12800 	.db #0x22	; 34
    0000301E 22                   12801 	.db #0x22	; 34
    0000301F 22                   12802 	.db #0x22	; 34
    00003020 22                   12803 	.db #0x22	; 34
    00003021 24                   12804 	.db #0x24	; 36
    00003022 44                   12805 	.db #0x44	; 68	'D'
    00003023 44                   12806 	.db #0x44	; 68	'D'
    00003024 24                   12807 	.db #0x24	; 36
    00003025 44                   12808 	.db #0x44	; 68	'D'
    00003026 44                   12809 	.db #0x44	; 68	'D'
    00003027 42                   12810 	.db #0x42	; 66	'B'
    00003028 21                   12811 	.db #0x21	; 33
    00003029 11                   12812 	.db #0x11	; 17
    0000302A 11                   12813 	.db #0x11	; 17
    0000302B 11                   12814 	.db #0x11	; 17
    0000302C 11                   12815 	.db #0x11	; 17
    0000302D 11                   12816 	.db #0x11	; 17
    0000302E 11                   12817 	.db #0x11	; 17
    0000302F 11                   12818 	.db #0x11	; 17
    00003030 11                   12819 	.db #0x11	; 17
    00003031 11                   12820 	.db #0x11	; 17
    00003032 11                   12821 	.db #0x11	; 17
    00003033 11                   12822 	.db #0x11	; 17
    00003034 11                   12823 	.db #0x11	; 17
    00003035 11                   12824 	.db #0x11	; 17
    00003036 11                   12825 	.db #0x11	; 17
    00003037 11                   12826 	.db #0x11	; 17
    00003038 22                   12827 	.db #0x22	; 34
    00003039 44                   12828 	.db #0x44	; 68	'D'
    0000303A 44                   12829 	.db #0x44	; 68	'D'
    0000303B 44                   12830 	.db #0x44	; 68	'D'
    0000303C 44                   12831 	.db #0x44	; 68	'D'
    0000303D 44                   12832 	.db #0x44	; 68	'D'
    0000303E 44                   12833 	.db #0x44	; 68	'D'
    0000303F 32                   12834 	.db #0x32	; 50	'2'
    00003040 22                   12835 	.db #0x22	; 34
    00003041 22                   12836 	.db #0x22	; 34
    00003042 22                   12837 	.db #0x22	; 34
    00003043 22                   12838 	.db #0x22	; 34
    00003044 22                   12839 	.db #0x22	; 34
    00003045 22                   12840 	.db #0x22	; 34
    00003046 22                   12841 	.db #0x22	; 34
    00003047 22                   12842 	.db #0x22	; 34
    00003048 44                   12843 	.db #0x44	; 68	'D'
    00003049 44                   12844 	.db #0x44	; 68	'D'
    0000304A 44                   12845 	.db #0x44	; 68	'D'
    0000304B 44                   12846 	.db #0x44	; 68	'D'
    0000304C 44                   12847 	.db #0x44	; 68	'D'
    0000304D 44                   12848 	.db #0x44	; 68	'D'
    0000304E 44                   12849 	.db #0x44	; 68	'D'
    0000304F 22                   12850 	.db #0x22	; 34
    00003050 11                   12851 	.db #0x11	; 17
    00003051 11                   12852 	.db #0x11	; 17
    00003052 11                   12853 	.db #0x11	; 17
    00003053 11                   12854 	.db #0x11	; 17
    00003054 11                   12855 	.db #0x11	; 17
    00003055 11                   12856 	.db #0x11	; 17
    00003056 11                   12857 	.db #0x11	; 17
    00003057 11                   12858 	.db #0x11	; 17
    00003058 11                   12859 	.db #0x11	; 17
    00003059 11                   12860 	.db #0x11	; 17
    0000305A 11                   12861 	.db #0x11	; 17
    0000305B 11                   12862 	.db #0x11	; 17
    0000305C 11                   12863 	.db #0x11	; 17
    0000305D 11                   12864 	.db #0x11	; 17
    0000305E 11                   12865 	.db #0x11	; 17
    0000305F 11                   12866 	.db #0x11	; 17
    00003060 12                   12867 	.db #0x12	; 18
    00003061 34                   12868 	.db #0x34	; 52	'4'
    00003062 44                   12869 	.db #0x44	; 68	'D'
    00003063 44                   12870 	.db #0x44	; 68	'D'
    00003064 42                   12871 	.db #0x42	; 66	'B'
    00003065 44                   12872 	.db #0x44	; 68	'D'
    00003066 44                   12873 	.db #0x44	; 68	'D'
    00003067 44                   12874 	.db #0x44	; 68	'D'
    00003068 43                   12875 	.db #0x43	; 67	'C'
    00003069 22                   12876 	.db #0x22	; 34
    0000306A 22                   12877 	.db #0x22	; 34
    0000306B 22                   12878 	.db #0x22	; 34
    0000306C 22                   12879 	.db #0x22	; 34
    0000306D 22                   12880 	.db #0x22	; 34
    0000306E 22                   12881 	.db #0x22	; 34
    0000306F 34                   12882 	.db #0x34	; 52	'4'
    00003070 44                   12883 	.db #0x44	; 68	'D'
    00003071 44                   12884 	.db #0x44	; 68	'D'
    00003072 44                   12885 	.db #0x44	; 68	'D'
    00003073 24                   12886 	.db #0x24	; 36
    00003074 44                   12887 	.db #0x44	; 68	'D'
    00003075 44                   12888 	.db #0x44	; 68	'D'
    00003076 44                   12889 	.db #0x44	; 68	'D'
    00003077 22                   12890 	.db #0x22	; 34
    00003078 11                   12891 	.db #0x11	; 17
    00003079 11                   12892 	.db #0x11	; 17
    0000307A 11                   12893 	.db #0x11	; 17
    0000307B 11                   12894 	.db #0x11	; 17
    0000307C 11                   12895 	.db #0x11	; 17
    0000307D 11                   12896 	.db #0x11	; 17
    0000307E 11                   12897 	.db #0x11	; 17
    0000307F 11                   12898 	.db #0x11	; 17
    00003080 11                   12899 	.db #0x11	; 17
    00003081 11                   12900 	.db #0x11	; 17
    00003082 11                   12901 	.db #0x11	; 17
    00003083 11                   12902 	.db #0x11	; 17
    00003084 11                   12903 	.db #0x11	; 17
    00003085 11                   12904 	.db #0x11	; 17
    00003086 11                   12905 	.db #0x11	; 17
    00003087 11                   12906 	.db #0x11	; 17
    00003088 11                   12907 	.db #0x11	; 17
    00003089 24                   12908 	.db #0x24	; 36
    0000308A 44                   12909 	.db #0x44	; 68	'D'
    0000308B 44                   12910 	.db #0x44	; 68	'D'
    0000308C 42                   12911 	.db #0x42	; 66	'B'
    0000308D 24                   12912 	.db #0x24	; 36
    0000308E 44                   12913 	.db #0x44	; 68	'D'
    0000308F 44                   12914 	.db #0x44	; 68	'D'
    00003090 44                   12915 	.db #0x44	; 68	'D'
    00003091 44                   12916 	.db #0x44	; 68	'D'
    00003092 44                   12917 	.db #0x44	; 68	'D'
    00003093 44                   12918 	.db #0x44	; 68	'D'
    00003094 44                   12919 	.db #0x44	; 68	'D'
    00003095 44                   12920 	.db #0x44	; 68	'D'
    00003096 44                   12921 	.db #0x44	; 68	'D'
    00003097 44                   12922 	.db #0x44	; 68	'D'
    00003098 44                   12923 	.db #0x44	; 68	'D'
    00003099 44                   12924 	.db #0x44	; 68	'D'
    0000309A 42                   12925 	.db #0x42	; 66	'B'
    0000309B 24                   12926 	.db #0x24	; 36
    0000309C 44                   12927 	.db #0x44	; 68	'D'
    0000309D 44                   12928 	.db #0x44	; 68	'D'
    0000309E 42                   12929 	.db #0x42	; 66	'B'
    0000309F 21                   12930 	.db #0x21	; 33
    000030A0 11                   12931 	.db #0x11	; 17
    000030A1 11                   12932 	.db #0x11	; 17
    000030A2 11                   12933 	.db #0x11	; 17
    000030A3 11                   12934 	.db #0x11	; 17
    000030A4 11                   12935 	.db #0x11	; 17
    000030A5 11                   12936 	.db #0x11	; 17
    000030A6 11                   12937 	.db #0x11	; 17
    000030A7 11                   12938 	.db #0x11	; 17
    000030A8 11                   12939 	.db #0x11	; 17
    000030A9 11                   12940 	.db #0x11	; 17
    000030AA 11                   12941 	.db #0x11	; 17
    000030AB 11                   12942 	.db #0x11	; 17
    000030AC 11                   12943 	.db #0x11	; 17
    000030AD 11                   12944 	.db #0x11	; 17
    000030AE 11                   12945 	.db #0x11	; 17
    000030AF 11                   12946 	.db #0x11	; 17
    000030B0 11                   12947 	.db #0x11	; 17
    000030B1 22                   12948 	.db #0x22	; 34
    000030B2 44                   12949 	.db #0x44	; 68	'D'
    000030B3 44                   12950 	.db #0x44	; 68	'D'
    000030B4 44                   12951 	.db #0x44	; 68	'D'
    000030B5 22                   12952 	.db #0x22	; 34
    000030B6 44                   12953 	.db #0x44	; 68	'D'
    000030B7 44                   12954 	.db #0x44	; 68	'D'
    000030B8 44                   12955 	.db #0x44	; 68	'D'
    000030B9 44                   12956 	.db #0x44	; 68	'D'
    000030BA 44                   12957 	.db #0x44	; 68	'D'
    000030BB 44                   12958 	.db #0x44	; 68	'D'
    000030BC 44                   12959 	.db #0x44	; 68	'D'
    000030BD 44                   12960 	.db #0x44	; 68	'D'
    000030BE 44                   12961 	.db #0x44	; 68	'D'
    000030BF 44                   12962 	.db #0x44	; 68	'D'
    000030C0 44                   12963 	.db #0x44	; 68	'D'
    000030C1 44                   12964 	.db #0x44	; 68	'D'
    000030C2 22                   12965 	.db #0x22	; 34
    000030C3 44                   12966 	.db #0x44	; 68	'D'
    000030C4 44                   12967 	.db #0x44	; 68	'D'
    000030C5 44                   12968 	.db #0x44	; 68	'D'
    000030C6 22                   12969 	.db #0x22	; 34
    000030C7 11                   12970 	.db #0x11	; 17
    000030C8 11                   12971 	.db #0x11	; 17
    000030C9 11                   12972 	.db #0x11	; 17
    000030CA 11                   12973 	.db #0x11	; 17
    000030CB 11                   12974 	.db #0x11	; 17
    000030CC 11                   12975 	.db #0x11	; 17
    000030CD 11                   12976 	.db #0x11	; 17
    000030CE 11                   12977 	.db #0x11	; 17
    000030CF 11                   12978 	.db #0x11	; 17
    000030D0 11                   12979 	.db #0x11	; 17
    000030D1 11                   12980 	.db #0x11	; 17
    000030D2 11                   12981 	.db #0x11	; 17
    000030D3 11                   12982 	.db #0x11	; 17
    000030D4 11                   12983 	.db #0x11	; 17
    000030D5 11                   12984 	.db #0x11	; 17
    000030D6 11                   12985 	.db #0x11	; 17
    000030D7 11                   12986 	.db #0x11	; 17
    000030D8 11                   12987 	.db #0x11	; 17
    000030D9 12                   12988 	.db #0x12	; 18
    000030DA 24                   12989 	.db #0x24	; 36
    000030DB 44                   12990 	.db #0x44	; 68	'D'
    000030DC 44                   12991 	.db #0x44	; 68	'D'
    000030DD 42                   12992 	.db #0x42	; 66	'B'
    000030DE 22                   12993 	.db #0x22	; 34
    000030DF 34                   12994 	.db #0x34	; 52	'4'
    000030E0 44                   12995 	.db #0x44	; 68	'D'
    000030E1 44                   12996 	.db #0x44	; 68	'D'
    000030E2 44                   12997 	.db #0x44	; 68	'D'
    000030E3 44                   12998 	.db #0x44	; 68	'D'
    000030E4 44                   12999 	.db #0x44	; 68	'D'
    000030E5 44                   13000 	.db #0x44	; 68	'D'
    000030E6 44                   13001 	.db #0x44	; 68	'D'
    000030E7 44                   13002 	.db #0x44	; 68	'D'
    000030E8 43                   13003 	.db #0x43	; 67	'C'
    000030E9 22                   13004 	.db #0x22	; 34
    000030EA 24                   13005 	.db #0x24	; 36
    000030EB 44                   13006 	.db #0x44	; 68	'D'
    000030EC 44                   13007 	.db #0x44	; 68	'D'
    000030ED 42                   13008 	.db #0x42	; 66	'B'
    000030EE 21                   13009 	.db #0x21	; 33
    000030EF 11                   13010 	.db #0x11	; 17
    000030F0 11                   13011 	.db #0x11	; 17
    000030F1 11                   13012 	.db #0x11	; 17
    000030F2 11                   13013 	.db #0x11	; 17
    000030F3 11                   13014 	.db #0x11	; 17
    000030F4 11                   13015 	.db #0x11	; 17
    000030F5 11                   13016 	.db #0x11	; 17
    000030F6 11                   13017 	.db #0x11	; 17
    000030F7 11                   13018 	.db #0x11	; 17
    000030F8 11                   13019 	.db #0x11	; 17
    000030F9 11                   13020 	.db #0x11	; 17
    000030FA 11                   13021 	.db #0x11	; 17
    000030FB 11                   13022 	.db #0x11	; 17
    000030FC 11                   13023 	.db #0x11	; 17
    000030FD 11                   13024 	.db #0x11	; 17
    000030FE 11                   13025 	.db #0x11	; 17
    000030FF 11                   13026 	.db #0x11	; 17
    00003100 11                   13027 	.db #0x11	; 17
    00003101 11                   13028 	.db #0x11	; 17
    00003102 22                   13029 	.db #0x22	; 34
    00003103 44                   13030 	.db #0x44	; 68	'D'
    00003104 44                   13031 	.db #0x44	; 68	'D'
    00003105 44                   13032 	.db #0x44	; 68	'D'
    00003106 22                   13033 	.db #0x22	; 34
    00003107 22                   13034 	.db #0x22	; 34
    00003108 23                   13035 	.db #0x23	; 35
    00003109 44                   13036 	.db #0x44	; 68	'D'
    0000310A 44                   13037 	.db #0x44	; 68	'D'
    0000310B 44                   13038 	.db #0x44	; 68	'D'
    0000310C 44                   13039 	.db #0x44	; 68	'D'
    0000310D 44                   13040 	.db #0x44	; 68	'D'
    0000310E 44                   13041 	.db #0x44	; 68	'D'
    0000310F 32                   13042 	.db #0x32	; 50	'2'
    00003110 22                   13043 	.db #0x22	; 34
    00003111 22                   13044 	.db #0x22	; 34
    00003112 44                   13045 	.db #0x44	; 68	'D'
    00003113 44                   13046 	.db #0x44	; 68	'D'
    00003114 44                   13047 	.db #0x44	; 68	'D'
    00003115 22                   13048 	.db #0x22	; 34
    00003116 11                   13049 	.db #0x11	; 17
    00003117 11                   13050 	.db #0x11	; 17
    00003118 11                   13051 	.db #0x11	; 17
    00003119 11                   13052 	.db #0x11	; 17
    0000311A 11                   13053 	.db #0x11	; 17
    0000311B 11                   13054 	.db #0x11	; 17
    0000311C 11                   13055 	.db #0x11	; 17
    0000311D 11                   13056 	.db #0x11	; 17
    0000311E 11                   13057 	.db #0x11	; 17
    0000311F 11                   13058 	.db #0x11	; 17
    00003120 11                   13059 	.db #0x11	; 17
    00003121 11                   13060 	.db #0x11	; 17
    00003122 11                   13061 	.db #0x11	; 17
    00003123 11                   13062 	.db #0x11	; 17
    00003124 11                   13063 	.db #0x11	; 17
    00003125 11                   13064 	.db #0x11	; 17
    00003126 11                   13065 	.db #0x11	; 17
    00003127 11                   13066 	.db #0x11	; 17
    00003128 11                   13067 	.db #0x11	; 17
    00003129 11                   13068 	.db #0x11	; 17
    0000312A 12                   13069 	.db #0x12	; 18
    0000312B 24                   13070 	.db #0x24	; 36
    0000312C 44                   13071 	.db #0x44	; 68	'D'
    0000312D 44                   13072 	.db #0x44	; 68	'D'
    0000312E 43                   13073 	.db #0x43	; 67	'C'
    0000312F 22                   13074 	.db #0x22	; 34
    00003130 22                   13075 	.db #0x22	; 34
    00003131 22                   13076 	.db #0x22	; 34
    00003132 22                   13077 	.db #0x22	; 34
    00003133 22                   13078 	.db #0x22	; 34
    00003134 22                   13079 	.db #0x22	; 34
    00003135 22                   13080 	.db #0x22	; 34
    00003136 22                   13081 	.db #0x22	; 34
    00003137 22                   13082 	.db #0x22	; 34
    00003138 22                   13083 	.db #0x22	; 34
    00003139 34                   13084 	.db #0x34	; 52	'4'
    0000313A 44                   13085 	.db #0x44	; 68	'D'
    0000313B 44                   13086 	.db #0x44	; 68	'D'
    0000313C 42                   13087 	.db #0x42	; 66	'B'
    0000313D 21                   13088 	.db #0x21	; 33
    0000313E 11                   13089 	.db #0x11	; 17
    0000313F 11                   13090 	.db #0x11	; 17
    00003140 11                   13091 	.db #0x11	; 17
    00003141 11                   13092 	.db #0x11	; 17
    00003142 11                   13093 	.db #0x11	; 17
    00003143 11                   13094 	.db #0x11	; 17
    00003144 11                   13095 	.db #0x11	; 17
    00003145 11                   13096 	.db #0x11	; 17
    00003146 11                   13097 	.db #0x11	; 17
    00003147 11                   13098 	.db #0x11	; 17
    00003148 11                   13099 	.db #0x11	; 17
    00003149 11                   13100 	.db #0x11	; 17
    0000314A 11                   13101 	.db #0x11	; 17
    0000314B 11                   13102 	.db #0x11	; 17
    0000314C 11                   13103 	.db #0x11	; 17
    0000314D 11                   13104 	.db #0x11	; 17
    0000314E 11                   13105 	.db #0x11	; 17
    0000314F 11                   13106 	.db #0x11	; 17
    00003150 11                   13107 	.db #0x11	; 17
    00003151 11                   13108 	.db #0x11	; 17
    00003152 11                   13109 	.db #0x11	; 17
    00003153 22                   13110 	.db #0x22	; 34
    00003154 34                   13111 	.db #0x34	; 52	'4'
    00003155 44                   13112 	.db #0x44	; 68	'D'
    00003156 44                   13113 	.db #0x44	; 68	'D'
    00003157 44                   13114 	.db #0x44	; 68	'D'
    00003158 32                   13115 	.db #0x32	; 50	'2'
    00003159 22                   13116 	.db #0x22	; 34
    0000315A 22                   13117 	.db #0x22	; 34
    0000315B 22                   13118 	.db #0x22	; 34
    0000315C 22                   13119 	.db #0x22	; 34
    0000315D 22                   13120 	.db #0x22	; 34
    0000315E 22                   13121 	.db #0x22	; 34
    0000315F 23                   13122 	.db #0x23	; 35
    00003160 44                   13123 	.db #0x44	; 68	'D'
    00003161 44                   13124 	.db #0x44	; 68	'D'
    00003162 44                   13125 	.db #0x44	; 68	'D'
    00003163 44                   13126 	.db #0x44	; 68	'D'
    00003164 22                   13127 	.db #0x22	; 34
    00003165 11                   13128 	.db #0x11	; 17
    00003166 11                   13129 	.db #0x11	; 17
    00003167 11                   13130 	.db #0x11	; 17
    00003168 11                   13131 	.db #0x11	; 17
    00003169 11                   13132 	.db #0x11	; 17
    0000316A 11                   13133 	.db #0x11	; 17
    0000316B 11                   13134 	.db #0x11	; 17
    0000316C 11                   13135 	.db #0x11	; 17
    0000316D 11                   13136 	.db #0x11	; 17
    0000316E 11                   13137 	.db #0x11	; 17
    0000316F 11                   13138 	.db #0x11	; 17
    00003170 11                   13139 	.db #0x11	; 17
    00003171 11                   13140 	.db #0x11	; 17
    00003172 11                   13141 	.db #0x11	; 17
    00003173 11                   13142 	.db #0x11	; 17
    00003174 11                   13143 	.db #0x11	; 17
    00003175 11                   13144 	.db #0x11	; 17
    00003176 11                   13145 	.db #0x11	; 17
    00003177 11                   13146 	.db #0x11	; 17
    00003178 11                   13147 	.db #0x11	; 17
    00003179 11                   13148 	.db #0x11	; 17
    0000317A 11                   13149 	.db #0x11	; 17
    0000317B 12                   13150 	.db #0x12	; 18
    0000317C 22                   13151 	.db #0x22	; 34
    0000317D 44                   13152 	.db #0x44	; 68	'D'
    0000317E 44                   13153 	.db #0x44	; 68	'D'
    0000317F 44                   13154 	.db #0x44	; 68	'D'
    00003180 44                   13155 	.db #0x44	; 68	'D'
    00003181 44                   13156 	.db #0x44	; 68	'D'
    00003182 44                   13157 	.db #0x44	; 68	'D'
    00003183 44                   13158 	.db #0x44	; 68	'D'
    00003184 44                   13159 	.db #0x44	; 68	'D'
    00003185 44                   13160 	.db #0x44	; 68	'D'
    00003186 44                   13161 	.db #0x44	; 68	'D'
    00003187 44                   13162 	.db #0x44	; 68	'D'
    00003188 44                   13163 	.db #0x44	; 68	'D'
    00003189 44                   13164 	.db #0x44	; 68	'D'
    0000318A 44                   13165 	.db #0x44	; 68	'D'
    0000318B 32                   13166 	.db #0x32	; 50	'2'
    0000318C 21                   13167 	.db #0x21	; 33
    0000318D 11                   13168 	.db #0x11	; 17
    0000318E 11                   13169 	.db #0x11	; 17
    0000318F 11                   13170 	.db #0x11	; 17
    00003190 11                   13171 	.db #0x11	; 17
    00003191 11                   13172 	.db #0x11	; 17
    00003192 11                   13173 	.db #0x11	; 17
    00003193 11                   13174 	.db #0x11	; 17
    00003194 11                   13175 	.db #0x11	; 17
    00003195 11                   13176 	.db #0x11	; 17
    00003196 11                   13177 	.db #0x11	; 17
    00003197 11                   13178 	.db #0x11	; 17
    00003198 11                   13179 	.db #0x11	; 17
    00003199 11                   13180 	.db #0x11	; 17
    0000319A 11                   13181 	.db #0x11	; 17
    0000319B 11                   13182 	.db #0x11	; 17
    0000319C 11                   13183 	.db #0x11	; 17
    0000319D 11                   13184 	.db #0x11	; 17
    0000319E 11                   13185 	.db #0x11	; 17
    0000319F 11                   13186 	.db #0x11	; 17
    000031A0 11                   13187 	.db #0x11	; 17
    000031A1 11                   13188 	.db #0x11	; 17
    000031A2 11                   13189 	.db #0x11	; 17
    000031A3 11                   13190 	.db #0x11	; 17
    000031A4 22                   13191 	.db #0x22	; 34
    000031A5 22                   13192 	.db #0x22	; 34
    000031A6 34                   13193 	.db #0x34	; 52	'4'
    000031A7 44                   13194 	.db #0x44	; 68	'D'
    000031A8 44                   13195 	.db #0x44	; 68	'D'
    000031A9 44                   13196 	.db #0x44	; 68	'D'
    000031AA 44                   13197 	.db #0x44	; 68	'D'
    000031AB 44                   13198 	.db #0x44	; 68	'D'
    000031AC 44                   13199 	.db #0x44	; 68	'D'
    000031AD 44                   13200 	.db #0x44	; 68	'D'
    000031AE 44                   13201 	.db #0x44	; 68	'D'
    000031AF 44                   13202 	.db #0x44	; 68	'D'
    000031B0 44                   13203 	.db #0x44	; 68	'D'
    000031B1 43                   13204 	.db #0x43	; 67	'C'
    000031B2 22                   13205 	.db #0x22	; 34
    000031B3 22                   13206 	.db #0x22	; 34
    000031B4 11                   13207 	.db #0x11	; 17
    000031B5 11                   13208 	.db #0x11	; 17
    000031B6 11                   13209 	.db #0x11	; 17
    000031B7 11                   13210 	.db #0x11	; 17
    000031B8 11                   13211 	.db #0x11	; 17
    000031B9 11                   13212 	.db #0x11	; 17
    000031BA 11                   13213 	.db #0x11	; 17
    000031BB 11                   13214 	.db #0x11	; 17
    000031BC 11                   13215 	.db #0x11	; 17
    000031BD 11                   13216 	.db #0x11	; 17
    000031BE 11                   13217 	.db #0x11	; 17
    000031BF 11                   13218 	.db #0x11	; 17
    000031C0 11                   13219 	.db #0x11	; 17
    000031C1 11                   13220 	.db #0x11	; 17
    000031C2 11                   13221 	.db #0x11	; 17
    000031C3 11                   13222 	.db #0x11	; 17
    000031C4 11                   13223 	.db #0x11	; 17
    000031C5 11                   13224 	.db #0x11	; 17
    000031C6 11                   13225 	.db #0x11	; 17
    000031C7 11                   13226 	.db #0x11	; 17
    000031C8 11                   13227 	.db #0x11	; 17
    000031C9 11                   13228 	.db #0x11	; 17
    000031CA 11                   13229 	.db #0x11	; 17
    000031CB 11                   13230 	.db #0x11	; 17
    000031CC 11                   13231 	.db #0x11	; 17
    000031CD 22                   13232 	.db #0x22	; 34
    000031CE 22                   13233 	.db #0x22	; 34
    000031CF 22                   13234 	.db #0x22	; 34
    000031D0 34                   13235 	.db #0x34	; 52	'4'
    000031D1 44                   13236 	.db #0x44	; 68	'D'
    000031D2 44                   13237 	.db #0x44	; 68	'D'
    000031D3 44                   13238 	.db #0x44	; 68	'D'
    000031D4 44                   13239 	.db #0x44	; 68	'D'
    000031D5 44                   13240 	.db #0x44	; 68	'D'
    000031D6 44                   13241 	.db #0x44	; 68	'D'
    000031D7 44                   13242 	.db #0x44	; 68	'D'
    000031D8 32                   13243 	.db #0x32	; 50	'2'
    000031D9 22                   13244 	.db #0x22	; 34
    000031DA 22                   13245 	.db #0x22	; 34
    000031DB 11                   13246 	.db #0x11	; 17
    000031DC 11                   13247 	.db #0x11	; 17
    000031DD 11                   13248 	.db #0x11	; 17
    000031DE 11                   13249 	.db #0x11	; 17
    000031DF 11                   13250 	.db #0x11	; 17
    000031E0 11                   13251 	.db #0x11	; 17
    000031E1 11                   13252 	.db #0x11	; 17
    000031E2 11                   13253 	.db #0x11	; 17
    000031E3 11                   13254 	.db #0x11	; 17
    000031E4 11                   13255 	.db #0x11	; 17
    000031E5 11                   13256 	.db #0x11	; 17
    000031E6 11                   13257 	.db #0x11	; 17
    000031E7 11                   13258 	.db #0x11	; 17
    000031E8 11                   13259 	.db #0x11	; 17
    000031E9 11                   13260 	.db #0x11	; 17
    000031EA 11                   13261 	.db #0x11	; 17
    000031EB 11                   13262 	.db #0x11	; 17
    000031EC 11                   13263 	.db #0x11	; 17
    000031ED 11                   13264 	.db #0x11	; 17
    000031EE 11                   13265 	.db #0x11	; 17
    000031EF 11                   13266 	.db #0x11	; 17
    000031F0 11                   13267 	.db #0x11	; 17
    000031F1 11                   13268 	.db #0x11	; 17
    000031F2 11                   13269 	.db #0x11	; 17
    000031F3 11                   13270 	.db #0x11	; 17
    000031F4 11                   13271 	.db #0x11	; 17
    000031F5 11                   13272 	.db #0x11	; 17
    000031F6 22                   13273 	.db #0x22	; 34
    000031F7 22                   13274 	.db #0x22	; 34
    000031F8 22                   13275 	.db #0x22	; 34
    000031F9 22                   13276 	.db #0x22	; 34
    000031FA 22                   13277 	.db #0x22	; 34
    000031FB 22                   13278 	.db #0x22	; 34
    000031FC 22                   13279 	.db #0x22	; 34
    000031FD 22                   13280 	.db #0x22	; 34
    000031FE 22                   13281 	.db #0x22	; 34
    000031FF 22                   13282 	.db #0x22	; 34
    00003200 22                   13283 	.db #0x22	; 34
    00003201 22                   13284 	.db #0x22	; 34
    00003202 11                   13285 	.db #0x11	; 17
    00003203 11                   13286 	.db #0x11	; 17
    00003204 11                   13287 	.db #0x11	; 17
    00003205 11                   13288 	.db #0x11	; 17
    00003206 11                   13289 	.db #0x11	; 17
    00003207 11                   13290 	.db #0x11	; 17
    00003208 11                   13291 	.db #0x11	; 17
    00003209 11                   13292 	.db #0x11	; 17
    0000320A 11                   13293 	.db #0x11	; 17
    0000320B 11                   13294 	.db #0x11	; 17
    0000320C 11                   13295 	.db #0x11	; 17
    0000320D 11                   13296 	.db #0x11	; 17
    0000320E 11                   13297 	.db #0x11	; 17
    0000320F 11                   13298 	.db #0x11	; 17
    00003210 11                   13299 	.db #0x11	; 17
    00003211 11                   13300 	.db #0x11	; 17
    00003212 11                   13301 	.db #0x11	; 17
    00003213 11                   13302 	.db #0x11	; 17
    00003214 11                   13303 	.db #0x11	; 17
    00003215 11                   13304 	.db #0x11	; 17
    00003216 11                   13305 	.db #0x11	; 17
    00003217 11                   13306 	.db #0x11	; 17
    00003218 11                   13307 	.db #0x11	; 17
    00003219 11                   13308 	.db #0x11	; 17
    0000321A 11                   13309 	.db #0x11	; 17
    0000321B 11                   13310 	.db #0x11	; 17
    0000321C 11                   13311 	.db #0x11	; 17
    0000321D 11                   13312 	.db #0x11	; 17
    0000321E 11                   13313 	.db #0x11	; 17
    0000321F 12                   13314 	.db #0x12	; 18
    00003220 22                   13315 	.db #0x22	; 34
    00003221 22                   13316 	.db #0x22	; 34
    00003222 22                   13317 	.db #0x22	; 34
    00003223 22                   13318 	.db #0x22	; 34
    00003224 22                   13319 	.db #0x22	; 34
    00003225 22                   13320 	.db #0x22	; 34
    00003226 22                   13321 	.db #0x22	; 34
    00003227 22                   13322 	.db #0x22	; 34
    00003228 22                   13323 	.db #0x22	; 34
    00003229 11                   13324 	.db #0x11	; 17
    0000322A 11                   13325 	.db #0x11	; 17
    0000322B 11                   13326 	.db #0x11	; 17
    0000322C 11                   13327 	.db #0x11	; 17
    0000322D 11                   13328 	.db #0x11	; 17
    0000322E 11                   13329 	.db #0x11	; 17
    0000322F 11                   13330 	.db #0x11	; 17
    00003230 11                   13331 	.db #0x11	; 17
    00003231 11                   13332 	.db #0x11	; 17
    00003232 11                   13333 	.db #0x11	; 17
    00003233 11                   13334 	.db #0x11	; 17
    00003234 11                   13335 	.db #0x11	; 17
    00003235 11                   13336 	.db #0x11	; 17
    00003236 11                   13337 	.db #0x11	; 17
    00003237 11                   13338 	.db #0x11	; 17
    00003238 11                   13339 	.db #0x11	; 17
    00003239 11                   13340 	.db #0x11	; 17
    0000323A 11                   13341 	.db #0x11	; 17
    0000323B 11                   13342 	.db #0x11	; 17
    0000323C 11                   13343 	.db #0x11	; 17
    0000323D 11                   13344 	.db #0x11	; 17
    0000323E 11                   13345 	.db #0x11	; 17
    0000323F 11                   13346 	.db #0x11	; 17
    00003240 11                   13347 	.db #0x11	; 17
    00003241 11                   13348 	.db #0x11	; 17
    00003242 11                   13349 	.db #0x11	; 17
    00003243 11                   13350 	.db #0x11	; 17
    00003244 11                   13351 	.db #0x11	; 17
    00003245 11                   13352 	.db #0x11	; 17
    00003246 11                   13353 	.db #0x11	; 17
    00003247 11                   13354 	.db #0x11	; 17
    00003248 11                   13355 	.db #0x11	; 17
    00003249 22                   13356 	.db #0x22	; 34
    0000324A 22                   13357 	.db #0x22	; 34
    0000324B 22                   13358 	.db #0x22	; 34
    0000324C 22                   13359 	.db #0x22	; 34
    0000324D 22                   13360 	.db #0x22	; 34
    0000324E 22                   13361 	.db #0x22	; 34
    0000324F 21                   13362 	.db #0x21	; 33
    00003250 11                   13363 	.db #0x11	; 17
    00003251 11                   13364 	.db #0x11	; 17
    00003252 11                   13365 	.db #0x11	; 17
    00003253 11                   13366 	.db #0x11	; 17
    00003254 11                   13367 	.db #0x11	; 17
    00003255 11                   13368 	.db #0x11	; 17
    00003256 11                   13369 	.db #0x11	; 17
    00003257 11                   13370 	.db #0x11	; 17
    00003258 11                   13371 	.db #0x11	; 17
    00003259 11                   13372 	.db #0x11	; 17
    0000325A 11                   13373 	.db #0x11	; 17
    0000325B 11                   13374 	.db #0x11	; 17
    0000325C 11                   13375 	.db #0x11	; 17
    0000325D 11                   13376 	.db #0x11	; 17
    0000325E 11                   13377 	.db #0x11	; 17
    0000325F 11                   13378 	.db #0x11	; 17
    00003260                      13379 _Dopefish_palette:
    00003260 07                   13380 	.db #0x07	; 7
    00003261 05                   13381 	.db #0x05	; 5
    00003262 00                   13382 	.db #0x00	; 0
    00003263 00                   13383 	.db #0x00	; 0
    00003264 22                   13384 	.db #0x22	; 34
    00003265 02                   13385 	.db #0x02	; 2
    00003266 00                   13386 	.db #0x00	; 0
    00003267 05                   13387 	.db #0x05	; 5
    00003268 55                   13388 	.db #0x55	; 85	'U'
    00003269 05                   13389 	.db #0x05	; 5
    0000326A 77                   13390 	.db #0x77	; 119	'w'
    0000326B 07                   13391 	.db #0x07	; 7
    0000326C 50                   13392 	.db #0x50	; 80	'P'
    0000326D 00                   13393 	.db #0x00	; 0
    0000326E 31                   13394 	.db #0x31	; 49	'1'
    0000326F 01                   13395 	.db #0x01	; 1
    00003270 73                   13396 	.db #0x73	; 115	's'
    00003271 05                   13397 	.db #0x05	; 5
    00003272 70                   13398 	.db #0x70	; 112	'p'
    00003273 00                   13399 	.db #0x00	; 0
    00003274 00                   13400 	.db #0x00	; 0
    00003275 00                   13401 	.db #0x00	; 0
                                  13402 ;./antipiracyscreen.c:71: void main()
                                  13403 ;	---------------------------------
                                  13404 ; Function main
                                  13405 ; ---------------------------------
    00003276                      13406 _main::
    00003276 DD E5            [15]13407 	push	ix
    00003278 DD 21 00 00      [14]13408 	ld	ix,	#0
    0000327C DD 39            [15]13409 	add	ix, sp
    0000327E 3B               [ 6]13410 	dec	sp
                                  13411 ;./antipiracyscreen.c:73: VDP_SetMode(VDP_MODE_SCREEN5);
    0000327F 3E 06            [ 7]13412 	ld	a, #0x06
    00003281 CDr00r00         [17]13413 	call	_VDP_SetMode
                                  13414 ;C:\Users\Jummy\Downloads\MSXgl-1.5.0b\engine/src/vdp.h:717: inline void VDP_EnableVBlank(bool enable) { VDP_RegWriteBakMask(1, (u8)~R01_IE0, enable ? R01_IE0 : 0); }
    00003284 3E 20            [ 7]13415 	ld	a, #0x20
    00003286 F5               [11]13416 	push	af
    00003287 33               [ 6]13417 	inc	sp
    00003288 2E DF            [ 7]13418 	ld	l, #0xdf
    0000328A 3E 01            [ 7]13419 	ld	a, #0x01
    0000328C CDr00r00         [17]13420 	call	_VDP_RegWriteBakMask
                                  13421 ;./antipiracyscreen.c:75: VDP_ClearVRAM();
    0000328F CDr00r00         [17]13422 	call	_VDP_ClearVRAM
                                  13423 ;C:\Users\Jummy\Downloads\MSXgl-1.5.0b\engine/src/vdp.h:750: inline void VDP_EnableSprite(u8 enable) { VDP_RegWriteBakMask(8, (u8)~R08_SPD, !enable ? R08_SPD : 0); }
    00003292 3E 02            [ 7]13424 	ld	a, #0x02
    00003294 F5               [11]13425 	push	af
    00003295 33               [ 6]13426 	inc	sp
    00003296 2E FD            [ 7]13427 	ld	l, #0xfd
    00003298 3E 08            [ 7]13428 	ld	a, #0x08
    0000329A CDr00r00         [17]13429 	call	_VDP_RegWriteBakMask
                                  13430 ;./antipiracyscreen.c:78: VDP_SetPalette(Flags_palette);
    0000329D 21r0Ar27         [10]13431 	ld	hl, #_Flags_palette
    000032A0 CDr00r00         [17]13432 	call	_VDP_SetPalette
                                  13433 ;C:\Users\Jummy\Downloads\MSXgl-1.5.0b\engine/src/vdp.h:724: inline void VDP_SetColor(u8 color) { VDP_RegWrite(7, color); }
    000032A3 2E 02            [ 7]13434 	ld	l, #0x02
    000032A5 3E 07            [ 7]13435 	ld	a, #0x07
    000032A7 CDr00r00         [17]13436 	call	_VDP_RegWrite
                                  13437 ;./antipiracyscreen.c:81: for(u8 y = 0; y < 88; y++)
    000032AA 0E 00            [ 7]13438 	ld	c, #0x00
    000032AC                      13439 00167$:
    000032AC 79               [ 4]13440 	ld	a, c
    000032AD D6 58            [ 7]13441 	sub	a, #0x58
    000032AF 30 36            [12]13442 	jr	nc, 00101$
                                  13443 ;./antipiracyscreen.c:85: 0x8000 + ((u16)y * 128),
    000032B1 69               [ 4]13444 	ld	l, c
    000032B2 26 00            [ 7]13445 	ld	h, #0x00
    000032B4 55               [ 4]13446 	ld	d, l
    000032B5 5C               [ 4]13447 	ld	e, h
    000032B6 CB 3A            [ 8]13448 	srl	d
    000032B8 CB 1B            [ 8]13449 	rr	e
    000032BA 7A               [ 4]13450 	ld	a, d
    000032BB C6 80            [ 7]13451 	add	a, #0x80
    000032BD 57               [ 4]13452 	ld	d, a
                                  13453 ;./antipiracyscreen.c:84: Flags + ((u16)y * 112),
    000032BE D5               [11]13454 	push	de
    000032BF 5D               [ 4]13455 	ld	e, l
    000032C0 16 00            [ 7]13456 	ld	d, #0x00
    000032C2 6B               [ 4]13457 	ld	l, e
    000032C3 62               [ 4]13458 	ld	h, d
    000032C4 29               [11]13459 	add	hl, hl
    000032C5 19               [11]13460 	add	hl, de
    000032C6 29               [11]13461 	add	hl, hl
    000032C7 19               [11]13462 	add	hl, de
    000032C8 29               [11]13463 	add	hl, hl
    000032C9 29               [11]13464 	add	hl, hl
    000032CA 29               [11]13465 	add	hl, hl
    000032CB 29               [11]13466 	add	hl, hl
    000032CC D1               [10]13467 	pop	de
    000032CD 7D               [ 4]13468 	ld	a, l
    000032CE C6r8A            [ 7]13469 	add	a, #<(_Flags)
    000032D0 47               [ 4]13470 	ld	b, a
    000032D1 7C               [ 4]13471 	ld	a, h
    000032D2 CEs00            [ 7]13472 	adc	a, #>(_Flags)
    000032D4 C5               [11]13473 	push	bc
    000032D5 21 70 00         [10]13474 	ld	hl, #0x0070
    000032D8 E5               [11]13475 	push	hl
    000032D9 26 00            [ 7]13476 	ld	h, #0x00
    000032DB E5               [11]13477 	push	hl
    000032DC 33               [ 6]13478 	inc	sp
    000032DD 68               [ 4]13479 	ld	l, b
    000032DE 67               [ 4]13480 	ld	h, a
    000032DF CDr00r00         [17]13481 	call	_VDP_WriteVRAM_128K
    000032E2 C1               [10]13482 	pop	bc
                                  13483 ;./antipiracyscreen.c:81: for(u8 y = 0; y < 88; y++)
    000032E3 0C               [ 4]13484 	inc	c
    000032E4 C3rACr32         [10]13485 	jp	00167$
    000032E7                      13486 00101$:
                                  13487 ;./antipiracyscreen.c:91: for(u8 y = 0; y < 72; y++)
    000032E7 0E 00            [ 7]13488 	ld	c, #0x00
    000032E9                      13489 00170$:
    000032E9 79               [ 4]13490 	ld	a, c
    000032EA D6 48            [ 7]13491 	sub	a, #0x48
    000032EC 30 34            [12]13492 	jr	nc, 00102$
                                  13493 ;./antipiracyscreen.c:95: 0xAC00 + ((u16)y * 128),
    000032EE 69               [ 4]13494 	ld	l, c
    000032EF 06 00            [ 7]13495 	ld	b, #0x00
    000032F1 55               [ 4]13496 	ld	d, l
    000032F2 58               [ 4]13497 	ld	e, b
    000032F3 CB 3A            [ 8]13498 	srl	d
    000032F5 CB 1B            [ 8]13499 	rr	e
    000032F7 7A               [ 4]13500 	ld	a, d
    000032F8 C6 AC            [ 7]13501 	add	a, #0xac
    000032FA 57               [ 4]13502 	ld	d, a
                                  13503 ;./antipiracyscreen.c:94: Dopefish + ((u16)y * 40),
    000032FB D5               [11]13504 	push	de
    000032FC 5D               [ 4]13505 	ld	e, l
    000032FD 16 00            [ 7]13506 	ld	d, #0x00
    000032FF 6B               [ 4]13507 	ld	l, e
    00003300 62               [ 4]13508 	ld	h, d
    00003301 29               [11]13509 	add	hl, hl
    00003302 29               [11]13510 	add	hl, hl
    00003303 19               [11]13511 	add	hl, de
    00003304 29               [11]13512 	add	hl, hl
    00003305 29               [11]13513 	add	hl, hl
    00003306 29               [11]13514 	add	hl, hl
    00003307 D1               [10]13515 	pop	de
    00003308 7D               [ 4]13516 	ld	a, l
    00003309 C6r20            [ 7]13517 	add	a, #<(_Dopefish)
    0000330B 47               [ 4]13518 	ld	b, a
    0000330C 7C               [ 4]13519 	ld	a, h
    0000330D CEs27            [ 7]13520 	adc	a, #>(_Dopefish)
    0000330F C5               [11]13521 	push	bc
    00003310 21 28 00         [10]13522 	ld	hl, #0x0028
    00003313 E5               [11]13523 	push	hl
    00003314 26 00            [ 7]13524 	ld	h, #0x00
    00003316 E5               [11]13525 	push	hl
    00003317 33               [ 6]13526 	inc	sp
    00003318 68               [ 4]13527 	ld	l, b
    00003319 67               [ 4]13528 	ld	h, a
    0000331A CDr00r00         [17]13529 	call	_VDP_WriteVRAM_128K
    0000331D C1               [10]13530 	pop	bc
                                  13531 ;./antipiracyscreen.c:91: for(u8 y = 0; y < 72; y++)
    0000331E 0C               [ 4]13532 	inc	c
    0000331F C3rE9r32         [10]13533 	jp	00170$
    00003322                      13534 00102$:
                                  13535 ;./antipiracyscreen.c:101: Draw_FillBox(85, 56, 155, 200, 1, VDP_OP_IMP);
    00003322 AF               [ 4]13536 	xor	a, a
    00003323 67               [ 4]13537 	ld	h, a
    00003324 2E 01            [ 7]13538 	ld	l, #0x01
    00003326 E5               [11]13539 	push	hl
    00003327 3E C8            [ 7]13540 	ld	a, #0xc8
    00003329 F5               [11]13541 	push	af
    0000332A 33               [ 6]13542 	inc	sp
    0000332B 21 9B 00         [10]13543 	ld	hl, #0x009b
    0000332E E5               [11]13544 	push	hl
    0000332F 3E 38            [ 7]13545 	ld	a, #0x38
    00003331 F5               [11]13546 	push	af
    00003332 33               [ 6]13547 	inc	sp
    00003333 2E 55            [ 7]13548 	ld	l, #0x55
    00003335 CDr00r00         [17]13549 	call	_Draw_FillBox
                                  13550 ;./antipiracyscreen.c:102: Draw_Box(89, 61, 90, 200, 9, VDP_OP_IMP);
    00003338 AF               [ 4]13551 	xor	a, a
    00003339 67               [ 4]13552 	ld	h, a
    0000333A 2E 09            [ 7]13553 	ld	l, #0x09
    0000333C E5               [11]13554 	push	hl
    0000333D 3E C8            [ 7]13555 	ld	a, #0xc8
    0000333F F5               [11]13556 	push	af
    00003340 33               [ 6]13557 	inc	sp
    00003341 21 5A 00         [10]13558 	ld	hl, #0x005a
    00003344 E5               [11]13559 	push	hl
    00003345 3E 3D            [ 7]13560 	ld	a, #0x3d
    00003347 F5               [11]13561 	push	af
    00003348 33               [ 6]13562 	inc	sp
    00003349 2E 59            [ 7]13563 	ld	l, #0x59
    0000334B CDr00r00         [17]13564 	call	_Draw_Box
                                  13565 ;./antipiracyscreen.c:103: Draw_Line(88, 200, 88, 61, 8, VDP_OP_IMP);
    0000334E AF               [ 4]13566 	xor	a, a
    0000334F 67               [ 4]13567 	ld	h, a
    00003350 2E 08            [ 7]13568 	ld	l, #0x08
    00003352 E5               [11]13569 	push	hl
    00003353 3E 3D            [ 7]13570 	ld	a, #0x3d
    00003355 F5               [11]13571 	push	af
    00003356 33               [ 6]13572 	inc	sp
    00003357 21 58 00         [10]13573 	ld	hl, #0x0058
    0000335A E5               [11]13574 	push	hl
    0000335B 3E C8            [ 7]13575 	ld	a, #0xc8
    0000335D F5               [11]13576 	push	af
    0000335E 33               [ 6]13577 	inc	sp
    0000335F CDr00r00         [17]13578 	call	_Draw_Line
                                  13579 ;./antipiracyscreen.c:104: Draw_Line(91, 200, 91, 61, 8, VDP_OP_IMP);
    00003362 AF               [ 4]13580 	xor	a, a
    00003363 67               [ 4]13581 	ld	h, a
    00003364 2E 08            [ 7]13582 	ld	l, #0x08
    00003366 E5               [11]13583 	push	hl
    00003367 3E 3D            [ 7]13584 	ld	a, #0x3d
    00003369 F5               [11]13585 	push	af
    0000336A 33               [ 6]13586 	inc	sp
    0000336B 21 5B 00         [10]13587 	ld	hl, #0x005b
    0000336E E5               [11]13588 	push	hl
    0000336F 3E C8            [ 7]13589 	ld	a, #0xc8
    00003371 F5               [11]13590 	push	af
    00003372 33               [ 6]13591 	inc	sp
    00003373 CDr00r00         [17]13592 	call	_Draw_Line
                                  13593 ;C:\Users\Jummy\Downloads\MSXgl-1.5.0b\engine/src/vdp_inl.h:105: g_VDP_Command.SX = sx;
    00003376 21 58 00         [10]13594 	ld	hl, #0x0058
    00003379 22r00r00         [16]13595 	ld	(_g_VDP_Command), hl
                                  13596 ;C:\Users\Jummy\Downloads\MSXgl-1.5.0b\engine/src/vdp_inl.h:106: g_VDP_Command.SY = sy;
    0000337C 2E 38            [ 7]13597 	ld	l, #0x38
    0000337E 22r02r00         [16]13598 	ld	((_g_VDP_Command + 2)), hl
                                  13599 ;C:\Users\Jummy\Downloads\MSXgl-1.5.0b\engine/src/vdp_inl.h:107: g_VDP_Command.DX = dx;
    00003381 2E 50            [ 7]13600 	ld	l, #0x50
    00003383 22r04r00         [16]13601 	ld	((_g_VDP_Command + 4)), hl
                                  13602 ;C:\Users\Jummy\Downloads\MSXgl-1.5.0b\engine/src/vdp_inl.h:108: g_VDP_Command.DY = dy;
    00003386 21 58 01         [10]13603 	ld	hl, #0x0158
    00003389 22r06r00         [16]13604 	ld	((_g_VDP_Command + 6)), hl
                                  13605 ;C:\Users\Jummy\Downloads\MSXgl-1.5.0b\engine/src/vdp_inl.h:109: g_VDP_Command.NX = nx;
    0000338C 21 38 00         [10]13606 	ld	hl, #0x0038
    0000338F 22r08r00         [16]13607 	ld	((_g_VDP_Command + 8)), hl
                                  13608 ;C:\Users\Jummy\Downloads\MSXgl-1.5.0b\engine/src/vdp_inl.h:110: g_VDP_Command.NY = ny;
    00003392 2E 2C            [ 7]13609 	ld	l, #0x2c
    00003394 22r0Ar00         [16]13610 	ld	((_g_VDP_Command + 10)), hl
                                  13611 ;C:\Users\Jummy\Downloads\MSXgl-1.5.0b\engine/src/vdp_inl.h:111: g_VDP_Command.ARG = arg; 
    00003397 21r0Dr00         [10]13612 	ld	hl, #(_g_VDP_Command + 13)
    0000339A 36 00            [10]13613 	ld	(hl), #0x00
                                  13614 ;C:\Users\Jummy\Downloads\MSXgl-1.5.0b\engine/src/vdp_inl.h:112: g_VDP_Command.CMD = VDP_CMD_HMMM;
    0000339C 23               [ 6]13615 	inc	hl
    0000339D 36 D0            [10]13616 	ld	(hl), #0xd0
                                  13617 ;C:\Users\Jummy\Downloads\MSXgl-1.5.0b\engine/src/vdp_inl.h:113: VDP_CommandSetupR32();
    0000339F CDr00r00         [17]13618 	call	_VDP_CommandSetupR32
                                  13619 ;./antipiracyscreen.c:109: LoadSystemFont();
    000033A2 CDr00r00         [17]13620 	call	_LoadSystemFont
                                  13621 ;./antipiracyscreen.c:110: Print_SetColor(6, 2);
    000033A5 2E 02            [ 7]13622 	ld	l, #0x02
    000033A7 3E 06            [ 7]13623 	ld	a, #0x06
    000033A9 CDr00r00         [17]13624 	call	_Print_SetColor
                                  13625 ;./antipiracyscreen.c:112: Print_DrawTextAt(54, 24, "This is what happens to");
                                  13626 ;C:\Users\Jummy\Downloads\MSXgl-1.5.0b\engine/src/print.h:268: PRINT_DATA.CursorX = x;
    000033AC 21 36 00         [10]13627 	ld	hl, #0x0036
    000033AF 22r05r00         [16]13628 	ld	((_g_PrintData + 5)), hl
                                  13629 ;C:\Users\Jummy\Downloads\MSXgl-1.5.0b\engine/src/print.h:269: PRINT_DATA.CursorY = y;
    000033B2 21r07r00         [10]13630 	ld	hl, #_g_PrintData + 7
    000033B5 36 18            [10]13631 	ld	(hl), #0x18
                                  13632 ;C:\Users\Jummy\Downloads\MSXgl-1.5.0b\engine/src/print.h:552: inline void Print_DrawTextAt(UX x, UY y, const c8* str) { Print_SetPosition(x, y); Print_DrawText(str); }
    000033B7 E5               [11]13633 	push	hl
    000033B8 21r86r36         [10]13634 	ld	hl, #___str_1
    000033BB CDr00r00         [17]13635 	call	_Print_DrawText
    000033BE E1               [10]13636 	pop	hl
                                  13637 ;./antipiracyscreen.c:113: Print_DrawTextAt(42, 32, "losers who pirate our games");
                                  13638 ;C:\Users\Jummy\Downloads\MSXgl-1.5.0b\engine/src/print.h:268: PRINT_DATA.CursorX = x;
    000033BF 11 2A 00         [10]13639 	ld	de, #0x002a
    000033C2 ED 53r05r00      [20]13640 	ld	((_g_PrintData + 5)), de
                                  13641 ;C:\Users\Jummy\Downloads\MSXgl-1.5.0b\engine/src/print.h:269: PRINT_DATA.CursorY = y;
    000033C6 36 20            [10]13642 	ld	(hl), #0x20
                                  13643 ;C:\Users\Jummy\Downloads\MSXgl-1.5.0b\engine/src/print.h:552: inline void Print_DrawTextAt(UX x, UY y, const c8* str) { Print_SetPosition(x, y); Print_DrawText(str); }
    000033C8 21r9Er36         [10]13644 	ld	hl, #___str_2
    000033CB CDr00r00         [17]13645 	call	_Print_DrawText
                                  13646 ;./antipiracyscreen.c:115: while (!Keyboard_IsKeyPressed(KEY_ESC))
    000033CE                      13647 00137$:
                                  13648 ;C:\Users\Jummy\Downloads\MSXgl-1.5.0b\engine/src/keyboard.h:202: inline bool Keyboard_IsKeyPressed(u8 key) { return (Keyboard_Read(KEY_ROW(key)) & (u8)(1 << KEY_IDX(key))) == 0; }
    000033CE 2E 07            [ 7]13649 	ld	l, #0x07
    000033D0 CDr00r00         [17]13650 	call	_Keyboard_Read
    000033D3 7D               [ 4]13651 	ld	a, l
    000033D4 E6 04            [ 7]13652 	and	a, #0x04
    000033D6 CAr7Er36         [10]13653 	jp	z, 00139$
                                  13654 ;./antipiracyscreen.c:115: while (!Keyboard_IsKeyPressed(KEY_ESC))
                                  13655 ;C:\Users\Jummy\Downloads\MSXgl-1.5.0b\engine/src/system.h:145: inline void Halt() { __asm__("halt"); }
    000033D9 76               [ 4]13656 	halt
                                  13657 ;./antipiracyscreen.c:119: timer++;
    000033DA 21r04r00         [10]13658 	ld	hl, #_timer
    000033DD 34               [11]13659 	inc	(hl)
                                  13660 ;./antipiracyscreen.c:121: if(timer >=6)
    000033DE 3Ar04r00         [13]13661 	ld	a, (_timer+0)
    000033E1 D6 06            [ 7]13662 	sub	a, #0x06
    000033E3 38 0F            [12]13663 	jr	c, 00106$
                                  13664 ;./antipiracyscreen.c:123: timer = 0;
    000033E5 36 00            [10]13665 	ld	(hl), #0x00
                                  13666 ;./antipiracyscreen.c:125: frame++;
    000033E7 21r03r00         [10]13667 	ld	hl, #_frame
    000033EA 34               [11]13668 	inc	(hl)
                                  13669 ;./antipiracyscreen.c:127: if(frame >= 4)
    000033EB 3Ar03r00         [13]13670 	ld	a, (_frame+0)
    000033EE D6 04            [ 7]13671 	sub	a, #0x04
    000033F0 38 02            [12]13672 	jr	c, 00106$
                                  13673 ;./antipiracyscreen.c:128: frame = 0;
    000033F2 36 00            [10]13674 	ld	(hl), #0x00
    000033F4                      13675 00106$:
                                  13676 ;./antipiracyscreen.c:132: stateTimer++;
    000033F4 2Ar01r00         [16]13677 	ld	hl, (_stateTimer)
    000033F7 23               [ 6]13678 	inc	hl
    000033F8 22r01r00         [16]13679 	ld	(_stateTimer), hl
                                  13680 ;./antipiracyscreen.c:134: switch(state)
    000033FB 3E 04            [ 7]13681 	ld	a, #0x04
    000033FD FD 21r00r00      [14]13682 	ld	iy, #_state
    00003401 FD 96 00         [19]13683 	sub	a, 0 (iy)
    00003404 38 C8            [12]13684 	jr	c, 00137$
    00003406 FD 4E 00         [19]13685 	ld	c, 0 (iy)
    00003409 06 00            [ 7]13686 	ld	b, #0x00
    0000340B 21r15r34         [10]13687 	ld	hl, #00335$
    0000340E 09               [11]13688 	add	hl, bc
    0000340F 09               [11]13689 	add	hl, bc
    00003410 4E               [ 7]13690 	ld	c, (hl)
    00003411 23               [ 6]13691 	inc	hl
    00003412 66               [ 7]13692 	ld	h, (hl)
    00003413 69               [ 4]13693 	ld	l, c
    00003414 E9               [ 4]13694 	jp	(hl)
    00003415                      13695 00335$:
    00003415r1Fr34                13696 	.dw	00107$
    00003417r6Fr34                13697 	.dw	00110$
    00003419r6Ar35                13698 	.dw	00124$
    0000341Br89r35                13699 	.dw	00127$
    0000341Dr45r36                13700 	.dw	00135$
                                  13701 ;./antipiracyscreen.c:136: case FLAG_BLACK_WAIT:
    0000341F                      13702 00107$:
                                  13703 ;./antipiracyscreen.c:138: VDP_CommandHMMM((u16)frame * 56, 256, 88, 56, 56, 44);
    0000341F 3Ar03r00         [13]13704 	ld	a, (_frame)
    00003422 4F               [ 4]13705 	ld	c, a
    00003423 06 00            [ 7]13706 	ld	b, #0x00
    00003425 69               [ 4]13707 	ld	l, c
    00003426 60               [ 4]13708 	ld	h, b
    00003427 29               [11]13709 	add	hl, hl
    00003428 09               [11]13710 	add	hl, bc
    00003429 29               [11]13711 	add	hl, hl
    0000342A 09               [11]13712 	add	hl, bc
    0000342B 29               [11]13713 	add	hl, hl
    0000342C 29               [11]13714 	add	hl, hl
    0000342D 29               [11]13715 	add	hl, hl
                                  13716 ;C:\Users\Jummy\Downloads\MSXgl-1.5.0b\engine/src/vdp_inl.h:105: g_VDP_Command.SX = sx;
    0000342E 22r00r00         [16]13717 	ld	(_g_VDP_Command), hl
                                  13718 ;C:\Users\Jummy\Downloads\MSXgl-1.5.0b\engine/src/vdp_inl.h:106: g_VDP_Command.SY = sy;
    00003431 21 00 01         [10]13719 	ld	hl, #0x0100
    00003434 22r02r00         [16]13720 	ld	((_g_VDP_Command + 2)), hl
                                  13721 ;C:\Users\Jummy\Downloads\MSXgl-1.5.0b\engine/src/vdp_inl.h:107: g_VDP_Command.DX = dx;
    00003437 21 58 00         [10]13722 	ld	hl, #0x0058
    0000343A 22r04r00         [16]13723 	ld	((_g_VDP_Command + 4)), hl
                                  13724 ;C:\Users\Jummy\Downloads\MSXgl-1.5.0b\engine/src/vdp_inl.h:108: g_VDP_Command.DY = dy;
    0000343D 2E 38            [ 7]13725 	ld	l, #0x38
    0000343F 22r06r00         [16]13726 	ld	((_g_VDP_Command + 6)), hl
                                  13727 ;C:\Users\Jummy\Downloads\MSXgl-1.5.0b\engine/src/vdp_inl.h:109: g_VDP_Command.NX = nx;
    00003442 22r08r00         [16]13728 	ld	((_g_VDP_Command + 8)), hl
                                  13729 ;C:\Users\Jummy\Downloads\MSXgl-1.5.0b\engine/src/vdp_inl.h:110: g_VDP_Command.NY = ny;
    00003445 2E 2C            [ 7]13730 	ld	l, #0x2c
    00003447 22r0Ar00         [16]13731 	ld	((_g_VDP_Command + 10)), hl
                                  13732 ;C:\Users\Jummy\Downloads\MSXgl-1.5.0b\engine/src/vdp_inl.h:111: g_VDP_Command.ARG = arg; 
    0000344A 21r0Dr00         [10]13733 	ld	hl, #(_g_VDP_Command + 13)
    0000344D 36 00            [10]13734 	ld	(hl), #0x00
                                  13735 ;C:\Users\Jummy\Downloads\MSXgl-1.5.0b\engine/src/vdp_inl.h:112: g_VDP_Command.CMD = VDP_CMD_HMMM;
    0000344F 23               [ 6]13736 	inc	hl
    00003450 36 D0            [10]13737 	ld	(hl), #0xd0
                                  13738 ;C:\Users\Jummy\Downloads\MSXgl-1.5.0b\engine/src/vdp_inl.h:113: VDP_CommandSetupR32();
    00003452 CDr00r00         [17]13739 	call	_VDP_CommandSetupR32
                                  13740 ;./antipiracyscreen.c:140: if(stateTimer >= 240)
    00003455 2Ar01r00         [16]13741 	ld	hl, (_stateTimer)
    00003458 11 F0 00         [10]13742 	ld	de, #0x00f0
    0000345B BF               [ 4]13743 	cp	a, a
    0000345C ED 52            [15]13744 	sbc	hl, de
    0000345E DArCEr33         [10]13745 	jp	c, 00137$
                                  13746 ;./antipiracyscreen.c:142: stateTimer = 0;
    00003461 21 00 00         [10]13747 	ld	hl, #0x0000
    00003464 22r01r00         [16]13748 	ld	(_stateTimer), hl
                                  13749 ;./antipiracyscreen.c:143: state = FLAG_BLACK_LOWERS;
    00003467 21r00r00         [10]13750 	ld	hl, #_state
    0000346A 36 01            [10]13751 	ld	(hl), #0x01
                                  13752 ;./antipiracyscreen.c:146: break;
    0000346C C3rCEr33         [10]13753 	jp	00137$
                                  13754 ;./antipiracyscreen.c:149: case FLAG_BLACK_LOWERS:
    0000346F                      13755 00110$:
                                  13756 ;./antipiracyscreen.c:151: u8 oldY = flagY;
    0000346F 3Ar05r00         [13]13757 	ld	a, (_flagY+0)
    00003472 DD 77 FF         [19]13758 	ld	-1 (ix), a
                                  13759 ;./antipiracyscreen.c:154: flagY++;
    00003475 21r05r00         [10]13760 	ld	hl, #_flagY
    00003478 34               [11]13761 	inc	(hl)
                                  13762 ;./antipiracyscreen.c:156: if(flagY >= 201)
    00003479 3Ar05r00         [13]13763 	ld	a, (_flagY+0)
    0000347C D6 C9            [ 7]13764 	sub	a, #0xc9
    0000347E 38 05            [12]13765 	jr	c, 00115$
                                  13766 ;./antipiracyscreen.c:157: newHeight = 0;
    00003480 0E 00            [ 7]13767 	ld	c, #0x00
    00003482 C3rA4r34         [10]13768 	jp	00116$
    00003485                      13769 00115$:
                                  13770 ;./antipiracyscreen.c:158: else if(flagY + 44 > 201)
    00003485 3Ar05r00         [13]13771 	ld	a, (_flagY)
    00003488 26 00            [ 7]13772 	ld	h, #0x00
    0000348A 6F               [ 4]13773 	ld	l, a
    0000348B 11 2C 00         [10]13774 	ld	de, #0x002c
    0000348E 19               [11]13775 	add	hl, de
    0000348F 3E C9            [ 7]13776 	ld	a, #0xc9
    00003491 BD               [ 4]13777 	cp	a, l
    00003492 3E 00            [ 7]13778 	ld	a, #0x00
    00003494 9C               [ 4]13779 	sbc	a, h
    00003495 30 0B            [12]13780 	jr	nc, 00112$
                                  13781 ;./antipiracyscreen.c:159: newHeight = 201 - flagY;
    00003497 3Ar05r00         [13]13782 	ld	a, (_flagY)
    0000349A 4F               [ 4]13783 	ld	c, a
    0000349B 3E C9            [ 7]13784 	ld	a, #0xc9
    0000349D 91               [ 4]13785 	sub	a, c
    0000349E 4F               [ 4]13786 	ld	c, a
    0000349F C3rA4r34         [10]13787 	jp	00116$
    000034A2                      13788 00112$:
                                  13789 ;./antipiracyscreen.c:161: newHeight = 44;
    000034A2 0E 2C            [ 7]13790 	ld	c, #0x2c
    000034A4                      13791 00116$:
                                  13792 ;./antipiracyscreen.c:163: if(newHeight > 0)
    000034A4 79               [ 4]13793 	ld	a, c
    000034A5 B7               [ 4]13794 	or	a, a
    000034A6 28 40            [12]13795 	jr	z, 00118$
                                  13796 ;./antipiracyscreen.c:164: VDP_CommandHMMM((u16)frame * 56, 256, 88, flagY, 56, newHeight);
    000034A8 06 00            [ 7]13797 	ld	b, #0x00
    000034AA 3Ar05r00         [13]13798 	ld	a, (_flagY)
    000034AD 5F               [ 4]13799 	ld	e, a
    000034AE 16 00            [ 7]13800 	ld	d, #0x00
    000034B0 3Ar03r00         [13]13801 	ld	a, (_frame)
    000034B3 D5               [11]13802 	push	de
    000034B4 5F               [ 4]13803 	ld	e, a
    000034B5 16 00            [ 7]13804 	ld	d, #0x00
    000034B7 6B               [ 4]13805 	ld	l, e
    000034B8 62               [ 4]13806 	ld	h, d
    000034B9 29               [11]13807 	add	hl, hl
    000034BA 19               [11]13808 	add	hl, de
    000034BB 29               [11]13809 	add	hl, hl
    000034BC 19               [11]13810 	add	hl, de
    000034BD 29               [11]13811 	add	hl, hl
    000034BE 29               [11]13812 	add	hl, hl
    000034BF 29               [11]13813 	add	hl, hl
    000034C0 D1               [10]13814 	pop	de
                                  13815 ;C:\Users\Jummy\Downloads\MSXgl-1.5.0b\engine/src/vdp_inl.h:105: g_VDP_Command.SX = sx;
    000034C1 22r00r00         [16]13816 	ld	(_g_VDP_Command), hl
                                  13817 ;C:\Users\Jummy\Downloads\MSXgl-1.5.0b\engine/src/vdp_inl.h:106: g_VDP_Command.SY = sy;
    000034C4 21 00 01         [10]13818 	ld	hl, #0x0100
    000034C7 22r02r00         [16]13819 	ld	((_g_VDP_Command + 2)), hl
                                  13820 ;C:\Users\Jummy\Downloads\MSXgl-1.5.0b\engine/src/vdp_inl.h:107: g_VDP_Command.DX = dx;
    000034CA 21 58 00         [10]13821 	ld	hl, #0x0058
    000034CD 22r04r00         [16]13822 	ld	((_g_VDP_Command + 4)), hl
                                  13823 ;C:\Users\Jummy\Downloads\MSXgl-1.5.0b\engine/src/vdp_inl.h:108: g_VDP_Command.DY = dy;
    000034D0 ED 53r06r00      [20]13824 	ld	((_g_VDP_Command + 6)), de
                                  13825 ;C:\Users\Jummy\Downloads\MSXgl-1.5.0b\engine/src/vdp_inl.h:109: g_VDP_Command.NX = nx;
    000034D4 2E 38            [ 7]13826 	ld	l, #0x38
    000034D6 22r08r00         [16]13827 	ld	((_g_VDP_Command + 8)), hl
                                  13828 ;C:\Users\Jummy\Downloads\MSXgl-1.5.0b\engine/src/vdp_inl.h:110: g_VDP_Command.NY = ny;
    000034D9 ED 43r0Ar00      [20]13829 	ld	((_g_VDP_Command + 10)), bc
                                  13830 ;C:\Users\Jummy\Downloads\MSXgl-1.5.0b\engine/src/vdp_inl.h:111: g_VDP_Command.ARG = arg; 
    000034DD 21r0Dr00         [10]13831 	ld	hl, #(_g_VDP_Command + 13)
    000034E0 36 00            [10]13832 	ld	(hl), #0x00
                                  13833 ;C:\Users\Jummy\Downloads\MSXgl-1.5.0b\engine/src/vdp_inl.h:112: g_VDP_Command.CMD = VDP_CMD_HMMM;
    000034E2 23               [ 6]13834 	inc	hl
    000034E3 36 D0            [10]13835 	ld	(hl), #0xd0
                                  13836 ;C:\Users\Jummy\Downloads\MSXgl-1.5.0b\engine/src/vdp_inl.h:113: VDP_CommandSetupR32();
    000034E5 CDr00r00         [17]13837 	call	_VDP_CommandSetupR32
                                  13838 ;./antipiracyscreen.c:164: VDP_CommandHMMM((u16)frame * 56, 256, 88, flagY, 56, newHeight);
    000034E8                      13839 00118$:
                                  13840 ;./antipiracyscreen.c:167: VDP_CommandHMMM(80, 344 + (oldY - 56), 88, oldY, 56, 1);
    000034E8 DD 4E FF         [19]13841 	ld	c, -1 (ix)
    000034EB 06 00            [ 7]13842 	ld	b, #0x00
                                  13843 ;./antipiracyscreen.c:166: if(oldY < 61)
    000034ED DD 7E FF         [19]13844 	ld	a, -1 (ix)
    000034F0 D6 3D            [ 7]13845 	sub	a, #0x3d
    000034F2 30 35            [12]13846 	jr	nc, 00120$
                                  13847 ;./antipiracyscreen.c:167: VDP_CommandHMMM(80, 344 + (oldY - 56), 88, oldY, 56, 1);
    000034F4 DD 5E FF         [19]13848 	ld	e, -1 (ix)
    000034F7 16 00            [ 7]13849 	ld	d, #0x00
    000034F9 21 20 01         [10]13850 	ld	hl, #0x0120
    000034FC 19               [11]13851 	add	hl, de
                                  13852 ;C:\Users\Jummy\Downloads\MSXgl-1.5.0b\engine/src/vdp_inl.h:105: g_VDP_Command.SX = sx;
    000034FD 11 50 00         [10]13853 	ld	de, #0x0050
    00003500 ED 53r00r00      [20]13854 	ld	(_g_VDP_Command), de
                                  13855 ;C:\Users\Jummy\Downloads\MSXgl-1.5.0b\engine/src/vdp_inl.h:106: g_VDP_Command.SY = sy;
    00003504 22r02r00         [16]13856 	ld	((_g_VDP_Command + 2)), hl
                                  13857 ;C:\Users\Jummy\Downloads\MSXgl-1.5.0b\engine/src/vdp_inl.h:107: g_VDP_Command.DX = dx;
    00003507 21 58 00         [10]13858 	ld	hl, #0x0058
    0000350A 22r04r00         [16]13859 	ld	((_g_VDP_Command + 4)), hl
                                  13860 ;C:\Users\Jummy\Downloads\MSXgl-1.5.0b\engine/src/vdp_inl.h:108: g_VDP_Command.DY = dy;
    0000350D ED 43r06r00      [20]13861 	ld	((_g_VDP_Command + 6)), bc
                                  13862 ;C:\Users\Jummy\Downloads\MSXgl-1.5.0b\engine/src/vdp_inl.h:109: g_VDP_Command.NX = nx;
    00003511 2E 38            [ 7]13863 	ld	l, #0x38
    00003513 22r08r00         [16]13864 	ld	((_g_VDP_Command + 8)), hl
                                  13865 ;C:\Users\Jummy\Downloads\MSXgl-1.5.0b\engine/src/vdp_inl.h:110: g_VDP_Command.NY = ny;
    00003516 2E 01            [ 7]13866 	ld	l, #0x01
    00003518 22r0Ar00         [16]13867 	ld	((_g_VDP_Command + 10)), hl
                                  13868 ;C:\Users\Jummy\Downloads\MSXgl-1.5.0b\engine/src/vdp_inl.h:111: g_VDP_Command.ARG = arg; 
    0000351B 21r0Dr00         [10]13869 	ld	hl, #(_g_VDP_Command + 13)
    0000351E 36 00            [10]13870 	ld	(hl), #0x00
                                  13871 ;C:\Users\Jummy\Downloads\MSXgl-1.5.0b\engine/src/vdp_inl.h:112: g_VDP_Command.CMD = VDP_CMD_HMMM;
    00003520 23               [ 6]13872 	inc	hl
    00003521 36 D0            [10]13873 	ld	(hl), #0xd0
                                  13874 ;C:\Users\Jummy\Downloads\MSXgl-1.5.0b\engine/src/vdp_inl.h:113: VDP_CommandSetupR32();
    00003523 CDr00r00         [17]13875 	call	_VDP_CommandSetupR32
                                  13876 ;./antipiracyscreen.c:167: VDP_CommandHMMM(80, 344 + (oldY - 56), 88, oldY, 56, 1);
    00003526 C3r54r35         [10]13877 	jp	00121$
    00003529                      13878 00120$:
                                  13879 ;./antipiracyscreen.c:169: VDP_CommandHMMM(80, 349, 88, oldY, 56, 1);
                                  13880 ;C:\Users\Jummy\Downloads\MSXgl-1.5.0b\engine/src/vdp_inl.h:105: g_VDP_Command.SX = sx;
    00003529 21 50 00         [10]13881 	ld	hl, #0x0050
    0000352C 22r00r00         [16]13882 	ld	(_g_VDP_Command), hl
                                  13883 ;C:\Users\Jummy\Downloads\MSXgl-1.5.0b\engine/src/vdp_inl.h:106: g_VDP_Command.SY = sy;
    0000352F 21 5D 01         [10]13884 	ld	hl, #0x015d
    00003532 22r02r00         [16]13885 	ld	((_g_VDP_Command + 2)), hl
                                  13886 ;C:\Users\Jummy\Downloads\MSXgl-1.5.0b\engine/src/vdp_inl.h:107: g_VDP_Command.DX = dx;
    00003535 21 58 00         [10]13887 	ld	hl, #0x0058
    00003538 22r04r00         [16]13888 	ld	((_g_VDP_Command + 4)), hl
                                  13889 ;C:\Users\Jummy\Downloads\MSXgl-1.5.0b\engine/src/vdp_inl.h:108: g_VDP_Command.DY = dy;
    0000353B ED 43r06r00      [20]13890 	ld	((_g_VDP_Command + 6)), bc
                                  13891 ;C:\Users\Jummy\Downloads\MSXgl-1.5.0b\engine/src/vdp_inl.h:109: g_VDP_Command.NX = nx;
    0000353F 2E 38            [ 7]13892 	ld	l, #0x38
    00003541 22r08r00         [16]13893 	ld	((_g_VDP_Command + 8)), hl
                                  13894 ;C:\Users\Jummy\Downloads\MSXgl-1.5.0b\engine/src/vdp_inl.h:110: g_VDP_Command.NY = ny;
    00003544 2E 01            [ 7]13895 	ld	l, #0x01
    00003546 22r0Ar00         [16]13896 	ld	((_g_VDP_Command + 10)), hl
                                  13897 ;C:\Users\Jummy\Downloads\MSXgl-1.5.0b\engine/src/vdp_inl.h:111: g_VDP_Command.ARG = arg; 
    00003549 21r0Dr00         [10]13898 	ld	hl, #(_g_VDP_Command + 13)
    0000354C 36 00            [10]13899 	ld	(hl), #0x00
                                  13900 ;C:\Users\Jummy\Downloads\MSXgl-1.5.0b\engine/src/vdp_inl.h:112: g_VDP_Command.CMD = VDP_CMD_HMMM;
    0000354E 23               [ 6]13901 	inc	hl
    0000354F 36 D0            [10]13902 	ld	(hl), #0xd0
                                  13903 ;C:\Users\Jummy\Downloads\MSXgl-1.5.0b\engine/src/vdp_inl.h:113: VDP_CommandSetupR32();
    00003551 CDr00r00         [17]13904 	call	_VDP_CommandSetupR32
                                  13905 ;./antipiracyscreen.c:169: VDP_CommandHMMM(80, 349, 88, oldY, 56, 1);
    00003554                      13906 00121$:
                                  13907 ;./antipiracyscreen.c:171: if(flagY >= 201)
    00003554 3Ar05r00         [13]13908 	ld	a, (_flagY+0)
    00003557 D6 C9            [ 7]13909 	sub	a, #0xc9
    00003559 DArCEr33         [10]13910 	jp	c, 00137$
                                  13911 ;./antipiracyscreen.c:173: stateTimer = 0;
    0000355C 21 00 00         [10]13912 	ld	hl, #0x0000
    0000355F 22r01r00         [16]13913 	ld	(_stateTimer), hl
                                  13914 ;./antipiracyscreen.c:174: state = WAIT_A_SEC;
    00003562 21r00r00         [10]13915 	ld	hl, #_state
    00003565 36 02            [10]13916 	ld	(hl), #0x02
                                  13917 ;./antipiracyscreen.c:177: break;
    00003567 C3rCEr33         [10]13918 	jp	00137$
                                  13919 ;./antipiracyscreen.c:180: case WAIT_A_SEC:
    0000356A                      13920 00124$:
                                  13921 ;./antipiracyscreen.c:182: if(stateTimer >= 240)
    0000356A 2Ar01r00         [16]13922 	ld	hl, (_stateTimer)
    0000356D 11 F0 00         [10]13923 	ld	de, #0x00f0
    00003570 BF               [ 4]13924 	cp	a, a
    00003571 ED 52            [15]13925 	sbc	hl, de
    00003573 DArCEr33         [10]13926 	jp	c, 00137$
                                  13927 ;./antipiracyscreen.c:184: stateTimer = 0;
    00003576 21 00 00         [10]13928 	ld	hl, #0x0000
    00003579 22r01r00         [16]13929 	ld	(_stateTimer), hl
                                  13930 ;./antipiracyscreen.c:185: flagY = 201;
    0000357C 21r05r00         [10]13931 	ld	hl, #_flagY
    0000357F 36 C9            [10]13932 	ld	(hl), #0xc9
                                  13933 ;./antipiracyscreen.c:186: state = NOQUARTER_RISES;
    00003581 21r00r00         [10]13934 	ld	hl, #_state
    00003584 36 03            [10]13935 	ld	(hl), #0x03
                                  13936 ;./antipiracyscreen.c:189: break;
    00003586 C3rCEr33         [10]13937 	jp	00137$
                                  13938 ;./antipiracyscreen.c:192: case NOQUARTER_RISES:
    00003589                      13939 00127$:
                                  13940 ;./antipiracyscreen.c:194: u8 oldY = flagY;
    00003589 3Ar05r00         [13]13941 	ld	a, (_flagY+0)
    0000358C DD 77 FF         [19]13942 	ld	-1 (ix), a
                                  13943 ;./antipiracyscreen.c:197: flagY--;
    0000358F 21r05r00         [10]13944 	ld	hl, #_flagY
    00003592 35               [11]13945 	dec	(hl)
                                  13946 ;./antipiracyscreen.c:199: if(flagY + 44 > 201)
    00003593 3Ar05r00         [13]13947 	ld	a, (_flagY)
    00003596 4F               [ 4]13948 	ld	c, a
    00003597 06 00            [ 7]13949 	ld	b, #0x00
    00003599 21 2C 00         [10]13950 	ld	hl, #0x002c
    0000359C 09               [11]13951 	add	hl, bc
    0000359D 3E C9            [ 7]13952 	ld	a, #0xc9
    0000359F BD               [ 4]13953 	cp	a, l
    000035A0 3E 00            [ 7]13954 	ld	a, #0x00
    000035A2 9C               [ 4]13955 	sbc	a, h
    000035A3 30 0B            [12]13956 	jr	nc, 00129$
                                  13957 ;./antipiracyscreen.c:200: newHeight = 201 - flagY;
    000035A5 3Ar05r00         [13]13958 	ld	a, (_flagY)
    000035A8 4F               [ 4]13959 	ld	c, a
    000035A9 3E C9            [ 7]13960 	ld	a, #0xc9
    000035AB 91               [ 4]13961 	sub	a, c
    000035AC 4F               [ 4]13962 	ld	c, a
    000035AD C3rB2r35         [10]13963 	jp	00130$
    000035B0                      13964 00129$:
                                  13965 ;./antipiracyscreen.c:202: newHeight = 44;
    000035B0 0E 2C            [ 7]13966 	ld	c, #0x2c
    000035B2                      13967 00130$:
                                  13968 ;./antipiracyscreen.c:204: VDP_CommandHMMM((u16)frame * 56, 300, 88, flagY, 56, newHeight);
    000035B2 06 00            [ 7]13969 	ld	b, #0x00
    000035B4 3Ar05r00         [13]13970 	ld	a, (_flagY)
    000035B7 5F               [ 4]13971 	ld	e, a
    000035B8 16 00            [ 7]13972 	ld	d, #0x00
    000035BA 3Ar03r00         [13]13973 	ld	a, (_frame)
    000035BD D5               [11]13974 	push	de
    000035BE 5F               [ 4]13975 	ld	e, a
    000035BF 16 00            [ 7]13976 	ld	d, #0x00
    000035C1 6B               [ 4]13977 	ld	l, e
    000035C2 62               [ 4]13978 	ld	h, d
    000035C3 29               [11]13979 	add	hl, hl
    000035C4 19               [11]13980 	add	hl, de
    000035C5 29               [11]13981 	add	hl, hl
    000035C6 19               [11]13982 	add	hl, de
    000035C7 29               [11]13983 	add	hl, hl
    000035C8 29               [11]13984 	add	hl, hl
    000035C9 29               [11]13985 	add	hl, hl
    000035CA D1               [10]13986 	pop	de
                                  13987 ;C:\Users\Jummy\Downloads\MSXgl-1.5.0b\engine/src/vdp_inl.h:105: g_VDP_Command.SX = sx;
    000035CB 22r00r00         [16]13988 	ld	(_g_VDP_Command), hl
                                  13989 ;C:\Users\Jummy\Downloads\MSXgl-1.5.0b\engine/src/vdp_inl.h:106: g_VDP_Command.SY = sy;
    000035CE 21 2C 01         [10]13990 	ld	hl, #0x012c
    000035D1 22r02r00         [16]13991 	ld	((_g_VDP_Command + 2)), hl
                                  13992 ;C:\Users\Jummy\Downloads\MSXgl-1.5.0b\engine/src/vdp_inl.h:107: g_VDP_Command.DX = dx;
    000035D4 21 58 00         [10]13993 	ld	hl, #0x0058
    000035D7 22r04r00         [16]13994 	ld	((_g_VDP_Command + 4)), hl
                                  13995 ;C:\Users\Jummy\Downloads\MSXgl-1.5.0b\engine/src/vdp_inl.h:108: g_VDP_Command.DY = dy;
    000035DA ED 53r06r00      [20]13996 	ld	((_g_VDP_Command + 6)), de
                                  13997 ;C:\Users\Jummy\Downloads\MSXgl-1.5.0b\engine/src/vdp_inl.h:109: g_VDP_Command.NX = nx;
    000035DE 2E 38            [ 7]13998 	ld	l, #0x38
    000035E0 22r08r00         [16]13999 	ld	((_g_VDP_Command + 8)), hl
                                  14000 ;C:\Users\Jummy\Downloads\MSXgl-1.5.0b\engine/src/vdp_inl.h:110: g_VDP_Command.NY = ny;
    000035E3 ED 43r0Ar00      [20]14001 	ld	((_g_VDP_Command + 10)), bc
                                  14002 ;C:\Users\Jummy\Downloads\MSXgl-1.5.0b\engine/src/vdp_inl.h:111: g_VDP_Command.ARG = arg; 
    000035E7 21r0Dr00         [10]14003 	ld	hl, #(_g_VDP_Command + 13)
    000035EA 36 00            [10]14004 	ld	(hl), #0x00
                                  14005 ;C:\Users\Jummy\Downloads\MSXgl-1.5.0b\engine/src/vdp_inl.h:112: g_VDP_Command.CMD = VDP_CMD_HMMM;
    000035EC 23               [ 6]14006 	inc	hl
    000035ED 36 D0            [10]14007 	ld	(hl), #0xd0
                                  14008 ;C:\Users\Jummy\Downloads\MSXgl-1.5.0b\engine/src/vdp_inl.h:113: VDP_CommandSetupR32();
    000035EF CDr00r00         [17]14009 	call	_VDP_CommandSetupR32
                                  14010 ;./antipiracyscreen.c:207: if(oldY <= 157)
    000035F2 3E 9D            [ 7]14011 	ld	a, #0x9d
    000035F4 DD 96 FF         [19]14012 	sub	a, -1 (ix)
    000035F7 38 33            [12]14013 	jr	c, 00132$
                                  14014 ;./antipiracyscreen.c:208: VDP_CommandHMMM(80, 349, 88, oldY + 43, 56, 1);
    000035F9 DD 7E FF         [19]14015 	ld	a, -1 (ix)
    000035FC C6 2B            [ 7]14016 	add	a, #0x2b
    000035FE 4F               [ 4]14017 	ld	c, a
    000035FF 06 00            [ 7]14018 	ld	b, #0x00
                                  14019 ;C:\Users\Jummy\Downloads\MSXgl-1.5.0b\engine/src/vdp_inl.h:105: g_VDP_Command.SX = sx;
    00003601 21 50 00         [10]14020 	ld	hl, #0x0050
    00003604 22r00r00         [16]14021 	ld	(_g_VDP_Command), hl
                                  14022 ;C:\Users\Jummy\Downloads\MSXgl-1.5.0b\engine/src/vdp_inl.h:106: g_VDP_Command.SY = sy;
    00003607 21 5D 01         [10]14023 	ld	hl, #0x015d
    0000360A 22r02r00         [16]14024 	ld	((_g_VDP_Command + 2)), hl
                                  14025 ;C:\Users\Jummy\Downloads\MSXgl-1.5.0b\engine/src/vdp_inl.h:107: g_VDP_Command.DX = dx;
    0000360D 21 58 00         [10]14026 	ld	hl, #0x0058
    00003610 22r04r00         [16]14027 	ld	((_g_VDP_Command + 4)), hl
                                  14028 ;C:\Users\Jummy\Downloads\MSXgl-1.5.0b\engine/src/vdp_inl.h:108: g_VDP_Command.DY = dy;
    00003613 ED 43r06r00      [20]14029 	ld	((_g_VDP_Command + 6)), bc
                                  14030 ;C:\Users\Jummy\Downloads\MSXgl-1.5.0b\engine/src/vdp_inl.h:109: g_VDP_Command.NX = nx;
    00003617 2E 38            [ 7]14031 	ld	l, #0x38
    00003619 22r08r00         [16]14032 	ld	((_g_VDP_Command + 8)), hl
                                  14033 ;C:\Users\Jummy\Downloads\MSXgl-1.5.0b\engine/src/vdp_inl.h:110: g_VDP_Command.NY = ny;
    0000361C 2E 01            [ 7]14034 	ld	l, #0x01
    0000361E 22r0Ar00         [16]14035 	ld	((_g_VDP_Command + 10)), hl
                                  14036 ;C:\Users\Jummy\Downloads\MSXgl-1.5.0b\engine/src/vdp_inl.h:111: g_VDP_Command.ARG = arg; 
    00003621 21r0Dr00         [10]14037 	ld	hl, #(_g_VDP_Command + 13)
    00003624 36 00            [10]14038 	ld	(hl), #0x00
                                  14039 ;C:\Users\Jummy\Downloads\MSXgl-1.5.0b\engine/src/vdp_inl.h:112: g_VDP_Command.CMD = VDP_CMD_HMMM;
    00003626 23               [ 6]14040 	inc	hl
    00003627 36 D0            [10]14041 	ld	(hl), #0xd0
                                  14042 ;C:\Users\Jummy\Downloads\MSXgl-1.5.0b\engine/src/vdp_inl.h:113: VDP_CommandSetupR32();
    00003629 CDr00r00         [17]14043 	call	_VDP_CommandSetupR32
                                  14044 ;./antipiracyscreen.c:208: VDP_CommandHMMM(80, 349, 88, oldY + 43, 56, 1);
    0000362C                      14045 00132$:
                                  14046 ;./antipiracyscreen.c:210: if(flagY <= 56)
    0000362C 3E 38            [ 7]14047 	ld	a, #0x38
    0000362E FD 21r05r00      [14]14048 	ld	iy, #_flagY
    00003632 FD 96 00         [19]14049 	sub	a, 0 (iy)
    00003635 DArCEr33         [10]14050 	jp	c, 00137$
                                  14051 ;./antipiracyscreen.c:212: flagY = 56;
    00003638 21r05r00         [10]14052 	ld	hl, #_flagY
    0000363B 36 38            [10]14053 	ld	(hl), #0x38
                                  14054 ;./antipiracyscreen.c:213: state = NOQUARTER_STAYS;
    0000363D 21r00r00         [10]14055 	ld	hl, #_state
    00003640 36 04            [10]14056 	ld	(hl), #0x04
                                  14057 ;./antipiracyscreen.c:216: break;
    00003642 C3rCEr33         [10]14058 	jp	00137$
                                  14059 ;./antipiracyscreen.c:219: case NOQUARTER_STAYS:
    00003645                      14060 00135$:
                                  14061 ;./antipiracyscreen.c:221: VDP_CommandHMMM((u16)frame * 56, 300, 88, 56, 56, 44);
    00003645 3Ar03r00         [13]14062 	ld	a, (_frame)
    00003648 4F               [ 4]14063 	ld	c, a
    00003649 06 00            [ 7]14064 	ld	b, #0x00
    0000364B 69               [ 4]14065 	ld	l, c
    0000364C 60               [ 4]14066 	ld	h, b
    0000364D 29               [11]14067 	add	hl, hl
    0000364E 09               [11]14068 	add	hl, bc
    0000364F 29               [11]14069 	add	hl, hl
    00003650 09               [11]14070 	add	hl, bc
    00003651 29               [11]14071 	add	hl, hl
    00003652 29               [11]14072 	add	hl, hl
    00003653 29               [11]14073 	add	hl, hl
                                  14074 ;C:\Users\Jummy\Downloads\MSXgl-1.5.0b\engine/src/vdp_inl.h:105: g_VDP_Command.SX = sx;
    00003654 22r00r00         [16]14075 	ld	(_g_VDP_Command), hl
                                  14076 ;C:\Users\Jummy\Downloads\MSXgl-1.5.0b\engine/src/vdp_inl.h:106: g_VDP_Command.SY = sy;
    00003657 21 2C 01         [10]14077 	ld	hl, #0x012c
    0000365A 22r02r00         [16]14078 	ld	((_g_VDP_Command + 2)), hl
                                  14079 ;C:\Users\Jummy\Downloads\MSXgl-1.5.0b\engine/src/vdp_inl.h:107: g_VDP_Command.DX = dx;
    0000365D 21 58 00         [10]14080 	ld	hl, #0x0058
    00003660 22r04r00         [16]14081 	ld	((_g_VDP_Command + 4)), hl
                                  14082 ;C:\Users\Jummy\Downloads\MSXgl-1.5.0b\engine/src/vdp_inl.h:108: g_VDP_Command.DY = dy;
    00003663 2E 38            [ 7]14083 	ld	l, #0x38
    00003665 22r06r00         [16]14084 	ld	((_g_VDP_Command + 6)), hl
                                  14085 ;C:\Users\Jummy\Downloads\MSXgl-1.5.0b\engine/src/vdp_inl.h:109: g_VDP_Command.NX = nx;
    00003668 22r08r00         [16]14086 	ld	((_g_VDP_Command + 8)), hl
                                  14087 ;C:\Users\Jummy\Downloads\MSXgl-1.5.0b\engine/src/vdp_inl.h:110: g_VDP_Command.NY = ny;
    0000366B 2E 2C            [ 7]14088 	ld	l, #0x2c
    0000366D 22r0Ar00         [16]14089 	ld	((_g_VDP_Command + 10)), hl
                                  14090 ;C:\Users\Jummy\Downloads\MSXgl-1.5.0b\engine/src/vdp_inl.h:111: g_VDP_Command.ARG = arg; 
    00003670 21r0Dr00         [10]14091 	ld	hl, #(_g_VDP_Command + 13)
    00003673 36 00            [10]14092 	ld	(hl), #0x00
                                  14093 ;C:\Users\Jummy\Downloads\MSXgl-1.5.0b\engine/src/vdp_inl.h:112: g_VDP_Command.CMD = VDP_CMD_HMMM;
    00003675 23               [ 6]14094 	inc	hl
    00003676 36 D0            [10]14095 	ld	(hl), #0xd0
                                  14096 ;C:\Users\Jummy\Downloads\MSXgl-1.5.0b\engine/src/vdp_inl.h:113: VDP_CommandSetupR32();
    00003678 CDr00r00         [17]14097 	call	_VDP_CommandSetupR32
                                  14098 ;./antipiracyscreen.c:224: }
    0000367B C3rCEr33         [10]14099 	jp	00137$
    0000367E                      14100 00139$:
                                  14101 ;./antipiracyscreen.c:227: BIOS_Exit(0);
    0000367E AF               [ 4]14102 	xor	a, a
    0000367F CDr00r00         [17]14103 	call	_BIOS_Exit
                                  14104 ;./antipiracyscreen.c:228: }
    00003682 33               [ 6]14105 	inc	sp
    00003683 DD E1            [14]14106 	pop	ix
    00003685 C9               [10]14107 	ret
    00003686                      14108 ___str_1:
    00003686 54 68 69 73 20 69 73 14109 	.ascii "This is what happens to"
             20 77 68 61 74 20 68
             61 70 70 65 6E 73 20
             74 6F
    0000369D 00                   14110 	.db 0x00
    0000369E                      14111 ___str_2:
    0000369E 6C 6F 73 65 72 73 20 14112 	.ascii "losers who pirate our games"
             77 68 6F 20 70 69 72
             61 74 65 20 6F 75 72
             20 67 61 6D 65 73
    000036B9 00                   14113 	.db 0x00
                                  14114 	.area _CODE
                                  14115 	.area _INITIALIZER
    00000000                      14116 __xinit__state:
    00000000 00                   14117 	.db #0x00	; 0
    00000001                      14118 __xinit__stateTimer:
    00000001 00 00                14119 	.dw #0x0000
    00000003                      14120 __xinit__frame:
    00000003 00                   14121 	.db #0x00	; 0
    00000004                      14122 __xinit__timer:
    00000004 00                   14123 	.db #0x00	; 0
    00000005                      14124 __xinit__flagY:
    00000005 38                   14125 	.db #0x38	; 56	'8'
                                  14126 	.area _CABS (ABS)
