                                      1 ;--------------------------------------------------------
                                      2 ; File Created by SDCC : free open source ISO C Compiler
                                      3 ; Version 4.6.0 #16555 (MINGW64)
                                      4 ;--------------------------------------------------------
                                      5 	.module print
                                      6 	
                                      7 	.optsdcc -mz80 sdcccall(1)
                                      8 ;--------------------------------------------------------
                                      9 ; Public variables in this module
                                     10 ;--------------------------------------------------------
                                     11 	.globl _CopyNo8HeightFontData
                                     12 	.globl _Print_ValidatePattern
                                     13 	.globl _Print_ValidateChar
                                     14 	.globl _Print_InitColorBuffer
                                     15 	.globl _Print_MergeColor
                                     16 	.globl _Print_SplitColor
                                     17 	.globl _VDP_CommandWriteLoop
                                     18 	.globl _VDP_CommandSetupR36
                                     19 	.globl _VDP_CommandSetupR32
                                     20 	.globl _VDP_CommandWait
                                     21 	.globl _VDP_SetSpriteExMultiColor
                                     22 	.globl _VDP_Poke_128K
                                     23 	.globl _VDP_FillVRAM_128K
                                     24 	.globl _VDP_WriteVRAM_128K
                                     25 	.globl _VDP_RegWrite
                                     26 	.globl _g_PrintInvalid
                                     27 	.globl _g_PrintData
                                     28 	.globl _g_SLTSL
                                     29 	.globl _g_GRPACY
                                     30 	.globl _g_GRPACX
                                     31 	.globl _g_LOGOPR
                                     32 	.globl _g_CMASK
                                     33 	.globl _g_CLOC
                                     34 	.globl _g_FNKSTR
                                     35 	.globl _g_GETPNT
                                     36 	.globl _g_PUTPNT
                                     37 	.globl _g_ATRBYT
                                     38 	.globl _g_BDRCLR
                                     39 	.globl _g_BAKCLR
                                     40 	.globl _g_FORCLR
                                     41 	.globl _g_CSRX
                                     42 	.globl _g_CSRY
                                     43 	.globl _g_CLIKSW
                                     44 	.globl _g_MLTPAT
                                     45 	.globl _g_MLTATR
                                     46 	.globl _g_MLTCGP
                                     47 	.globl _g_MLTCOL
                                     48 	.globl _g_MLTNAM
                                     49 	.globl _g_GRPPAT
                                     50 	.globl _g_GRPATR
                                     51 	.globl _g_GRPCGP
                                     52 	.globl _g_GRPCOL
                                     53 	.globl _g_GRPNAM
                                     54 	.globl _g_T32PAT
                                     55 	.globl _g_T32ATR
                                     56 	.globl _g_T32CGP
                                     57 	.globl _g_T32COL
                                     58 	.globl _g_T32NAM
                                     59 	.globl _g_TXTPAT
                                     60 	.globl _g_TXTATR
                                     61 	.globl _g_TXTCGP
                                     62 	.globl _g_TXTCOL
                                     63 	.globl _g_TXTNAM
                                     64 	.globl _g_CLMLST
                                     65 	.globl _g_CRTCNT
                                     66 	.globl _g_LINLEN
                                     67 	.globl _g_LINL32
                                     68 	.globl _g_LINL40
                                     69 	.globl _g_HexChar
                                     70 	.globl _g_CHAR_16
                                     71 	.globl _g_MSXMID
                                     72 	.globl _g_MSXVER
                                     73 	.globl _g_ROMVersion
                                     74 	.globl _g_BASRVN
                                     75 	.globl _g_VDP_DW
                                     76 	.globl _g_VDP_DR
                                     77 	.globl _g_CGTABL
                                     78 	.globl _g_SVFFFD
                                     79 	.globl _g_RG27SAV
                                     80 	.globl _g_RG26SAV
                                     81 	.globl _g_RG25SAV
                                     82 	.globl _g_SVFFF8
                                     83 	.globl _g_MINROM
                                     84 	.globl _g_RG23SAV
                                     85 	.globl _g_RG22SAV
                                     86 	.globl _g_RG21SAV
                                     87 	.globl _g_RG20SAV
                                     88 	.globl _g_RG19SAV
                                     89 	.globl _g_RG18SAV
                                     90 	.globl _g_RG17SAV
                                     91 	.globl _g_RG16SAV
                                     92 	.globl _g_RG15SAV
                                     93 	.globl _g_RG14SAV
                                     94 	.globl _g_RG13SAV
                                     95 	.globl _g_RG12SAV
                                     96 	.globl _g_RG11SAV
                                     97 	.globl _g_RG10SAV
                                     98 	.globl _g_RG09SAV
                                     99 	.globl _g_RG08SAV
                                    100 	.globl _g_PROCNM
                                    101 	.globl _g_SLTWRK
                                    102 	.globl _g_SLTATR
                                    103 	.globl _g_SLTTBL
                                    104 	.globl _g_EXPTBL
                                    105 	.globl _g_MNROM
                                    106 	.globl _g_DRWANG
                                    107 	.globl _g_DRWSCL
                                    108 	.globl _g_DRWFLG
                                    109 	.globl _g_GYPOS
                                    110 	.globl _g_GXPOS
                                    111 	.globl _g_BRDATR
                                    112 	.globl _g_CASPRV
                                    113 	.globl _g_OLDSCR
                                    114 	.globl _g_SCRMOD
                                    115 	.globl _g_FLBMEM
                                    116 	.globl _g_KANAMD
                                    117 	.globl _g_KANAST
                                    118 	.globl _g_CAPST
                                    119 	.globl _g_CSTYLE
                                    120 	.globl _g_CSRSW
                                    121 	.globl _g_INSFLG
                                    122 	.globl _g_ESCCNT
                                    123 	.globl _g_GRPHED
                                    124 	.globl _g_WINWID
                                    125 	.globl _g_LOWLIM
                                    126 	.globl _g_INTCNT
                                    127 	.globl _g_INTVAL
                                    128 	.globl _g_JIFFY
                                    129 	.globl _g_PADX
                                    130 	.globl _g_PADY
                                    131 	.globl _g_INTFLG
                                    132 	.globl _g_RTYCNT
                                    133 	.globl _g_TRPTBL
                                    134 	.globl _g_HIMEM
                                    135 	.globl _g_BOTTOM
                                    136 	.globl _g_PATWRK
                                    137 	.globl _g_LINWRK
                                    138 	.globl _g_KEYBUF
                                    139 	.globl _g_NEWKEY
                                    140 	.globl _g_OLDKEY
                                    141 	.globl _g_CLIKFL
                                    142 	.globl _g_ONGSBF
                                    143 	.globl _g_FNKFLG
                                    144 	.globl _g_FNKSWI
                                    145 	.globl _g_CODSAV
                                    146 	.globl _g_FSTPOS
                                    147 	.globl _g_LINTTB
                                    148 	.globl _g_BASROM
                                    149 	.globl _g_ENSTOP
                                    150 	.globl _g_VCBC
                                    151 	.globl _g_VCBB
                                    152 	.globl _g_VCBA
                                    153 	.globl _g_PLYCNT
                                    154 	.globl _g_MUSICF
                                    155 	.globl _g_QUEUEN
                                    156 	.globl _g_MCLPTR
                                    157 	.globl _g_MCLLEN
                                    158 	.globl _g_SAVVOL
                                    159 	.globl _g_VOICEN
                                    160 	.globl _g_SAVSP
                                    161 	.globl _g_PRSCNT
                                    162 	.globl _g_LSTMOD
                                    163 	.globl _g_LSTCOM
                                    164 	.globl _g_COMMSK
                                    165 	.globl _g_ESTBLS
                                    166 	.globl _g_FLAGS
                                    167 	.globl _g_ERRORS
                                    168 	.globl _g_DATCNT
                                    169 	.globl _g_DEVNUM
                                    170 	.globl _g_OLDINT
                                    171 	.globl _g_OLDSTT
                                    172 	.globl _g_MEXBIh
                                    173 	.globl _g_RSIQLN
                                    174 	.globl _g_RSFCB
                                    175 	.globl _g_TOCNT
                                    176 	.globl _g_RSTMP
                                    177 	.globl _g_YSAVE
                                    178 	.globl _g_XSAVE
                                    179 	.globl _g_NORUSE
                                    180 	.globl _g_MODE
                                    181 	.globl _g_ROMA
                                    182 	.globl _g_CHRCNT
                                    183 	.globl _g_EXBRSA
                                    184 	.globl _g_AVCSAV
                                    185 	.globl _g_ACPAGE
                                    186 	.globl _g_DPPAGE
                                    187 	.globl _g_RS2IQ
                                    188 	.globl _g_VOICCQ
                                    189 	.globl _g_VOICBQ
                                    190 	.globl _g_VOICAQ
                                    191 	.globl _g_QUEBAK
                                    192 	.globl _g_QUETAB
                                    193 	.globl _g_ASPCT2
                                    194 	.globl _g_ASPCT1
                                    195 	.globl _g_HEADER
                                    196 	.globl _g_HIGH
                                    197 	.globl _g_LOW
                                    198 	.globl _g_CS240
                                    199 	.globl _g_CS120
                                    200 	.globl _g_REPCNT
                                    201 	.globl _g_SCNCNT
                                    202 	.globl _g_FRCNEW
                                    203 	.globl _g_QUEUES
                                    204 	.globl _g_MINUPD
                                    205 	.globl _g_MAXUPD
                                    206 	.globl _g_TRGFLG
                                    207 	.globl _g_STATFL
                                    208 	.globl _g_RG7SAV
                                    209 	.globl _g_RG6SAV
                                    210 	.globl _g_RG5SAV
                                    211 	.globl _g_RG4SAV
                                    212 	.globl _g_RG3SAV
                                    213 	.globl _g_RG2SAV
                                    214 	.globl _g_RG1SAV
                                    215 	.globl _g_RG0SAV
                                    216 	.globl _g_CNSDFG
                                    217 	.globl _g_USRTAB
                                    218 	.globl _g_CLPRIM
                                    219 	.globl _g_WRPRIM
                                    220 	.globl _g_RDPRIM
                                    221 	.globl _Print_Initialize
                                    222 	.globl _Print_SetMode
                                    223 	.globl _Print_SetFont
                                    224 	.globl _Print_SetColor
                                    225 	.globl _Print_SetColorShade
                                    226 	.globl _Print_SetBitmapFont
                                    227 	.globl _DrawChar_8B
                                    228 	.globl _DrawChar_4B
                                    229 	.globl _DrawChar_2B
                                    230 	.globl _DrawChar_Trans
                                    231 	.globl _Print_SetVRAMFont
                                    232 	.globl _DrawChar_VRAM256
                                    233 	.globl _DrawChar_VRAM512
                                    234 	.globl _Print_SetTextFont
                                    235 	.globl _DrawChar_Layout
                                    236 	.globl _Print_SetSpriteFont
                                    237 	.globl _DrawChar_Sprite
                                    238 	.globl _Print_SetShadow
                                    239 	.globl _Print_EnableShadow
                                    240 	.globl _Print_SetOutline
                                    241 	.globl _Print_EnableOutline
                                    242 	.globl _Print_Clear
                                    243 	.globl _Print_Backspace
                                    244 	.globl _Print_DrawChar
                                    245 	.globl _Print_DrawCharX
                                    246 	.globl _Print_DrawText
                                    247 	.globl _Print_DrawBin8
                                    248 	.globl _Print_DrawHex8
                                    249 	.globl _Print_DrawHex16
                                    250 	.globl _Print_DrawHex32
                                    251 	.globl _Print_DrawInt
                                    252 	.globl _Print_DrawFormat
                                    253 	.globl _Print_DrawLineH
                                    254 	.globl _Print_DrawLineV
                                    255 	.globl _Print_DrawBox
                                    256 ;--------------------------------------------------------
                                    257 ; special function registers
                                    258 ;--------------------------------------------------------
                                    259 ;--------------------------------------------------------
                                    260 ; ram data
                                    261 ;--------------------------------------------------------
                                    262 	.area _DATA
                         0000F3AE   263 _g_LINL40	=	0xf3ae
                         0000F3AF   264 _g_LINL32	=	0xf3af
                         0000F3B0   265 _g_LINLEN	=	0xf3b0
                         0000F3B1   266 _g_CRTCNT	=	0xf3b1
                         0000F3B2   267 _g_CLMLST	=	0xf3b2
                         0000F3B3   268 _g_TXTNAM	=	0xf3b3
                         0000F3B5   269 _g_TXTCOL	=	0xf3b5
                         0000F3B7   270 _g_TXTCGP	=	0xf3b7
                         0000F3B9   271 _g_TXTATR	=	0xf3b9
                         0000F3BB   272 _g_TXTPAT	=	0xf3bb
                         0000F3BD   273 _g_T32NAM	=	0xf3bd
                         0000F3BF   274 _g_T32COL	=	0xf3bf
                         0000F3C1   275 _g_T32CGP	=	0xf3c1
                         0000F3C3   276 _g_T32ATR	=	0xf3c3
                         0000F3C5   277 _g_T32PAT	=	0xf3c5
                         0000F3C7   278 _g_GRPNAM	=	0xf3c7
                         0000F3C9   279 _g_GRPCOL	=	0xf3c9
                         0000F3CB   280 _g_GRPCGP	=	0xf3cb
                         0000F3CD   281 _g_GRPATR	=	0xf3cd
                         0000F3CF   282 _g_GRPPAT	=	0xf3cf
                         0000F3D1   283 _g_MLTNAM	=	0xf3d1
                         0000F3D3   284 _g_MLTCOL	=	0xf3d3
                         0000F3D5   285 _g_MLTCGP	=	0xf3d5
                         0000F3D7   286 _g_MLTATR	=	0xf3d7
                         0000F3D9   287 _g_MLTPAT	=	0xf3d9
                         0000F3DB   288 _g_CLIKSW	=	0xf3db
                         0000F3DC   289 _g_CSRY	=	0xf3dc
                         0000F3DD   290 _g_CSRX	=	0xf3dd
                         0000F3E9   291 _g_FORCLR	=	0xf3e9
                         0000F3EA   292 _g_BAKCLR	=	0xf3ea
                         0000F3EB   293 _g_BDRCLR	=	0xf3eb
                         0000F3F2   294 _g_ATRBYT	=	0xf3f2
                         0000F3F8   295 _g_PUTPNT	=	0xf3f8
                         0000F3FA   296 _g_GETPNT	=	0xf3fa
                         0000F87F   297 _g_FNKSTR	=	0xf87f
                         0000F92A   298 _g_CLOC	=	0xf92a
                         0000F92C   299 _g_CMASK	=	0xf92c
                         0000FB02   300 _g_LOGOPR	=	0xfb02
                         0000FCB7   301 _g_GRPACX	=	0xfcb7
                         0000FCB9   302 _g_GRPACY	=	0xfcb9
                         0000FFFF   303 _g_SLTSL	=	0xffff
    00000000                        304 _g_PrintData::
    00000000                        305 	.ds 59
                                    306 ;--------------------------------------------------------
                                    307 ; ram data
                                    308 ;--------------------------------------------------------
                                    309 	.area _INITIALIZED
    00000000                        310 _g_PrintInvalid::
    00000000                        311 	.ds 8
                                    312 ;--------------------------------------------------------
                                    313 ; absolute ram data
                                    314 ;--------------------------------------------------------
                                    315 	.area _DABS (ABS)
                                    316 	.area _DABS (ABS)
                                    317 ;--------------------------------------------------------
                                    318 ; global & static initialisations
                                    319 ;--------------------------------------------------------
                                    320 	.area _HOME
                                    321 	.area _GSINIT
                                    322 	.area _GSFINAL
                                    323 	.area _GSINIT
                                    324 ;--------------------------------------------------------
                                    325 ; Home
                                    326 ;--------------------------------------------------------
                                    327 	.area _HOME
                                    328 	.area _HOME
                                    329 ;--------------------------------------------------------
                                    330 ; code
                                    331 ;--------------------------------------------------------
                                    332 	.area _CODE
                                    333 ;C:\Users\Jummy\Downloads\MSXgl-1.5.0b\engine/src/print.c:103: u8 Print_SplitColor(u8 color)
                                    334 ;	---------------------------------
                                    335 ; Function Print_SplitColor
                                    336 ; ---------------------------------
    00000000                        337 _Print_SplitColor::
    00000000 4F               [ 4]  338 	ld	c, a
                                    339 ;C:\Users\Jummy\Downloads\MSXgl-1.5.0b\engine/src/print.c:106: if (PRINT_DATA.SourceMode == PRINT_MODE_SPRITE)
    00000001 3Ar1Ar00         [13]  340 	ld	a, (#(_g_PrintData + 26) + 0)
    00000004 E6 0F            [ 7]  341 	and	a, #0x0f
    00000006 FE 04            [ 7]  342 	cp	a, #0x04
    00000008 20 02            [12]  343 	jr	nz, 00102$
                                    344 ;C:\Users\Jummy\Downloads\MSXgl-1.5.0b\engine/src/print.c:107: return color;
    0000000A 79               [ 4]  345 	ld	a, c
    0000000B C9               [10]  346 	ret
    0000000C                        347 00102$:
                                    348 ;C:\Users\Jummy\Downloads\MSXgl-1.5.0b\engine/src/vdp.h:483: inline u8 VDP_GetMode() { return g_VDP_Data.Mode; }
    0000000C 3Ar00r00         [13]  349 	ld	a, (#_g_VDP_Data + 0)
                                    350 ;C:\Users\Jummy\Downloads\MSXgl-1.5.0b\engine/src/print.c:110: switch (VDP_GetMode())
    0000000F FE 06            [ 7]  351 	cp	a, #0x06
    00000011 28 0F            [12]  352 	jr	z, 00103$
    00000013 FE 07            [ 7]  353 	cp	a, #0x07
    00000015 28 0F            [12]  354 	jr	z, 00104$
    00000017 FE 08            [ 7]  355 	cp	a, #0x08
    00000019 28 0F            [12]  356 	jr	z, 00105$
    0000001B FE 09            [ 7]  357 	cp	a, #0x09
    0000001D 28 0F            [12]  358 	jr	z, 00106$
    0000001F C3r30r00         [10]  359 	jp	00107$
                                    360 ;C:\Users\Jummy\Downloads\MSXgl-1.5.0b\engine/src/print.c:113: case VDP_MODE_GRAPHIC4: return color & 0x0F;
    00000022                        361 00103$:
    00000022 79               [ 4]  362 	ld	a, c
    00000023 E6 0F            [ 7]  363 	and	a, #0x0f
    00000025 C9               [10]  364 	ret
                                    365 ;C:\Users\Jummy\Downloads\MSXgl-1.5.0b\engine/src/print.c:116: case VDP_MODE_GRAPHIC5: return color & 0x03;
    00000026                        366 00104$:
    00000026 79               [ 4]  367 	ld	a, c
    00000027 E6 03            [ 7]  368 	and	a, #0x03
    00000029 C9               [10]  369 	ret
                                    370 ;C:\Users\Jummy\Downloads\MSXgl-1.5.0b\engine/src/print.c:119: case VDP_MODE_GRAPHIC6: return color & 0x0F;
    0000002A                        371 00105$:
    0000002A 79               [ 4]  372 	ld	a, c
    0000002B E6 0F            [ 7]  373 	and	a, #0x0f
    0000002D C9               [10]  374 	ret
                                    375 ;C:\Users\Jummy\Downloads\MSXgl-1.5.0b\engine/src/print.c:122: case VDP_MODE_GRAPHIC7: return color;
    0000002E                        376 00106$:
    0000002E 79               [ 4]  377 	ld	a, c
    0000002F C9               [10]  378 	ret
                                    379 ;C:\Users\Jummy\Downloads\MSXgl-1.5.0b\engine/src/print.c:124: }
    00000030                        380 00107$:
                                    381 ;C:\Users\Jummy\Downloads\MSXgl-1.5.0b\engine/src/print.c:125: return color;
    00000030 79               [ 4]  382 	ld	a, c
                                    383 ;C:\Users\Jummy\Downloads\MSXgl-1.5.0b\engine/src/print.c:126: }
    00000031 C9               [10]  384 	ret
                         0000F380   385 _g_RDPRIM	=	0xf380
                         0000F385   386 _g_WRPRIM	=	0xf385
                         0000F38C   387 _g_CLPRIM	=	0xf38c
                         0000F39A   388 _g_USRTAB	=	0xf39a
                         0000F3DE   389 _g_CNSDFG	=	0xf3de
                         0000F3DF   390 _g_RG0SAV	=	0xf3df
                         0000F3E0   391 _g_RG1SAV	=	0xf3e0
                         0000F3E1   392 _g_RG2SAV	=	0xf3e1
                         0000F3E2   393 _g_RG3SAV	=	0xf3e2
                         0000F3E3   394 _g_RG4SAV	=	0xf3e3
                         0000F3E4   395 _g_RG5SAV	=	0xf3e4
                         0000F3E5   396 _g_RG6SAV	=	0xf3e5
                         0000F3E6   397 _g_RG7SAV	=	0xf3e6
                         0000F3E7   398 _g_STATFL	=	0xf3e7
                         0000F3E8   399 _g_TRGFLG	=	0xf3e8
                         0000F3EC   400 _g_MAXUPD	=	0xf3ec
                         0000F3EF   401 _g_MINUPD	=	0xf3ef
                         0000F3F3   402 _g_QUEUES	=	0xf3f3
                         0000F3F5   403 _g_FRCNEW	=	0xf3f5
                         0000F3F6   404 _g_SCNCNT	=	0xf3f6
                         0000F3F7   405 _g_REPCNT	=	0xf3f7
                         0000F3FC   406 _g_CS120	=	0xf3fc
                         0000F401   407 _g_CS240	=	0xf401
                         0000F406   408 _g_LOW	=	0xf406
                         0000F408   409 _g_HIGH	=	0xf408
                         0000F40A   410 _g_HEADER	=	0xf40a
                         0000F40B   411 _g_ASPCT1	=	0xf40b
                         0000F40D   412 _g_ASPCT2	=	0xf40d
                         0000F959   413 _g_QUETAB	=	0xf959
                         0000F971   414 _g_QUEBAK	=	0xf971
                         0000F975   415 _g_VOICAQ	=	0xf975
                         0000F9F5   416 _g_VOICBQ	=	0xf9f5
                         0000FA75   417 _g_VOICCQ	=	0xfa75
                         0000FAF5   418 _g_RS2IQ	=	0xfaf5
                         0000FAF5   419 _g_DPPAGE	=	0xfaf5
                         0000FAF6   420 _g_ACPAGE	=	0xfaf6
                         0000FAF7   421 _g_AVCSAV	=	0xfaf7
                         0000FAF8   422 _g_EXBRSA	=	0xfaf8
                         0000FAF9   423 _g_CHRCNT	=	0xfaf9
                         0000FAFA   424 _g_ROMA	=	0xfafa
                         0000FAFC   425 _g_MODE	=	0xfafc
                         0000FAFD   426 _g_NORUSE	=	0xfafd
                         0000FAFE   427 _g_XSAVE	=	0xfafe
                         0000FB00   428 _g_YSAVE	=	0xfb00
                         0000FB03   429 _g_RSTMP	=	0xfb03
                         0000FB03   430 _g_TOCNT	=	0xfb03
                         0000FB04   431 _g_RSFCB	=	0xfb04
                         0000FB06   432 _g_RSIQLN	=	0xfb06
                         0000FB07   433 _g_MEXBIh	=	0xfb07
                         0000FB0C   434 _g_OLDSTT	=	0xfb0c
                         0000FB0C   435 _g_OLDINT	=	0xfb0c
                         0000FB16   436 _g_DEVNUM	=	0xfb16
                         0000FB17   437 _g_DATCNT	=	0xfb17
                         0000FB1A   438 _g_ERRORS	=	0xfb1a
                         0000FB1B   439 _g_FLAGS	=	0xfb1b
                         0000FB1C   440 _g_ESTBLS	=	0xfb1c
                         0000FB1D   441 _g_COMMSK	=	0xfb1d
                         0000FB1E   442 _g_LSTCOM	=	0xfb1e
                         0000FB1F   443 _g_LSTMOD	=	0xfb1f
                         0000FB35   444 _g_PRSCNT	=	0xfb35
                         0000FB36   445 _g_SAVSP	=	0xfb36
                         0000FB38   446 _g_VOICEN	=	0xfb38
                         0000FB39   447 _g_SAVVOL	=	0xfb39
                         0000FB3B   448 _g_MCLLEN	=	0xfb3b
                         0000FB3C   449 _g_MCLPTR	=	0xfb3c
                         0000FB3E   450 _g_QUEUEN	=	0xfb3e
                         0000FB3F   451 _g_MUSICF	=	0xfb3f
                         0000FB40   452 _g_PLYCNT	=	0xfb40
                         0000FB41   453 _g_VCBA	=	0xfb41
                         0000FB66   454 _g_VCBB	=	0xfb66
                         0000FB8B   455 _g_VCBC	=	0xfb8b
                         0000FBB0   456 _g_ENSTOP	=	0xfbb0
                         0000FBB1   457 _g_BASROM	=	0xfbb1
                         0000FBB2   458 _g_LINTTB	=	0xfbb2
                         0000FBCA   459 _g_FSTPOS	=	0xfbca
                         0000FBCC   460 _g_CODSAV	=	0xfbcc
                         0000FBCD   461 _g_FNKSWI	=	0xfbcd
                         0000FBCE   462 _g_FNKFLG	=	0xfbce
                         0000FBD8   463 _g_ONGSBF	=	0xfbd8
                         0000FBD9   464 _g_CLIKFL	=	0xfbd9
                         0000FBDA   465 _g_OLDKEY	=	0xfbda
                         0000FBE5   466 _g_NEWKEY	=	0xfbe5
                         0000FBF0   467 _g_KEYBUF	=	0xfbf0
                         0000FC18   468 _g_LINWRK	=	0xfc18
                         0000FC40   469 _g_PATWRK	=	0xfc40
                         0000FC48   470 _g_BOTTOM	=	0xfc48
                         0000FC4A   471 _g_HIMEM	=	0xfc4a
                         0000FC4C   472 _g_TRPTBL	=	0xfc4c
                         0000FC9A   473 _g_RTYCNT	=	0xfc9a
                         0000FC9B   474 _g_INTFLG	=	0xfc9b
                         0000FC9C   475 _g_PADY	=	0xfc9c
                         0000FC9D   476 _g_PADX	=	0xfc9d
                         0000FC9E   477 _g_JIFFY	=	0xfc9e
                         0000FCA0   478 _g_INTVAL	=	0xfca0
                         0000FCA2   479 _g_INTCNT	=	0xfca2
                         0000FCA4   480 _g_LOWLIM	=	0xfca4
                         0000FCA5   481 _g_WINWID	=	0xfca5
                         0000FCA6   482 _g_GRPHED	=	0xfca6
                         0000FCA7   483 _g_ESCCNT	=	0xfca7
                         0000FCA8   484 _g_INSFLG	=	0xfca8
                         0000FCA9   485 _g_CSRSW	=	0xfca9
                         0000FCAA   486 _g_CSTYLE	=	0xfcaa
                         0000FCAB   487 _g_CAPST	=	0xfcab
                         0000FCAC   488 _g_KANAST	=	0xfcac
                         0000FCAD   489 _g_KANAMD	=	0xfcad
                         0000FCAE   490 _g_FLBMEM	=	0xfcae
                         0000FCAF   491 _g_SCRMOD	=	0xfcaf
                         0000FCB0   492 _g_OLDSCR	=	0xfcb0
                         0000FCB1   493 _g_CASPRV	=	0xfcb1
                         0000FCB2   494 _g_BRDATR	=	0xfcb2
                         0000FCB3   495 _g_GXPOS	=	0xfcb3
                         0000FCB5   496 _g_GYPOS	=	0xfcb5
                         0000FCBB   497 _g_DRWFLG	=	0xfcbb
                         0000FCBC   498 _g_DRWSCL	=	0xfcbc
                         0000FCBD   499 _g_DRWANG	=	0xfcbd
                         0000FCC1   500 _g_MNROM	=	0xfcc1
                         0000FCC1   501 _g_EXPTBL	=	0xfcc1
                         0000FCC5   502 _g_SLTTBL	=	0xfcc5
                         0000FCC9   503 _g_SLTATR	=	0xfcc9
                         0000FD09   504 _g_SLTWRK	=	0xfd09
                         0000FD89   505 _g_PROCNM	=	0xfd89
                         0000FFE7   506 _g_RG08SAV	=	0xffe7
                         0000FFE8   507 _g_RG09SAV	=	0xffe8
                         0000FFE9   508 _g_RG10SAV	=	0xffe9
                         0000FFEA   509 _g_RG11SAV	=	0xffea
                         0000FFEB   510 _g_RG12SAV	=	0xffeb
                         0000FFEC   511 _g_RG13SAV	=	0xffec
                         0000FFED   512 _g_RG14SAV	=	0xffed
                         0000FFEE   513 _g_RG15SAV	=	0xffee
                         0000FFEF   514 _g_RG16SAV	=	0xffef
                         0000FFF0   515 _g_RG17SAV	=	0xfff0
                         0000FFF1   516 _g_RG18SAV	=	0xfff1
                         0000FFF2   517 _g_RG19SAV	=	0xfff2
                         0000FFF3   518 _g_RG20SAV	=	0xfff3
                         0000FFF4   519 _g_RG21SAV	=	0xfff4
                         0000FFF5   520 _g_RG22SAV	=	0xfff5
                         0000FFF6   521 _g_RG23SAV	=	0xfff6
                         0000FFF7   522 _g_MINROM	=	0xfff7
                         0000FFF8   523 _g_SVFFF8	=	0xfff8
                         0000FFFA   524 _g_RG25SAV	=	0xfffa
                         0000FFFB   525 _g_RG26SAV	=	0xfffb
                         0000FFFC   526 _g_RG27SAV	=	0xfffc
                         0000FFFD   527 _g_SVFFFD	=	0xfffd
                         00000004   528 _g_CGTABL	=	0x0004
                         00000006   529 _g_VDP_DR	=	0x0006
                         00000007   530 _g_VDP_DW	=	0x0007
                         0000002B   531 _g_BASRVN	=	0x002b
                         0000002B   532 _g_ROMVersion	=	0x002b
                         0000002D   533 _g_MSXVER	=	0x002d
                         0000002E   534 _g_MSXMID	=	0x002e
                         00000034   535 _g_CHAR_16	=	0x0034
    00000032                        536 _g_HexChar:
    00000032 30                     537 	.db #0x30	; 48	'0'
    00000033 31                     538 	.db #0x31	; 49	'1'
    00000034 32                     539 	.db #0x32	; 50	'2'
    00000035 33                     540 	.db #0x33	; 51	'3'
    00000036 34                     541 	.db #0x34	; 52	'4'
    00000037 35                     542 	.db #0x35	; 53	'5'
    00000038 36                     543 	.db #0x36	; 54	'6'
    00000039 37                     544 	.db #0x37	; 55	'7'
    0000003A 38                     545 	.db #0x38	; 56	'8'
    0000003B 39                     546 	.db #0x39	; 57	'9'
    0000003C 41                     547 	.db #0x41	; 65	'A'
    0000003D 42                     548 	.db #0x42	; 66	'B'
    0000003E 43                     549 	.db #0x43	; 67	'C'
    0000003F 44                     550 	.db #0x44	; 68	'D'
    00000040 45                     551 	.db #0x45	; 69	'E'
    00000041 46                     552 	.db #0x46	; 70	'F'
                                    553 ;C:\Users\Jummy\Downloads\MSXgl-1.5.0b\engine/src/print.c:129: u8 Print_MergeColor(u8 color)
                                    554 ;	---------------------------------
                                    555 ; Function Print_MergeColor
                                    556 ; ---------------------------------
    00000042                        557 _Print_MergeColor::
    00000042 4F               [ 4]  558 	ld	c, a
                                    559 ;C:\Users\Jummy\Downloads\MSXgl-1.5.0b\engine/src/vdp.h:483: inline u8 VDP_GetMode() { return g_VDP_Data.Mode; }
                                    560 ;C:\Users\Jummy\Downloads\MSXgl-1.5.0b\engine/src/print.c:131: switch (VDP_GetMode())
    00000043 3Ar00r00         [13]  561 	ld	a, (#_g_VDP_Data+0)
    00000046 FE 06            [ 7]  562 	cp	a, #0x06
    00000048 28 0F            [12]  563 	jr	z, 00101$
    0000004A FE 07            [ 7]  564 	cp	a, #0x07
    0000004C 28 18            [12]  565 	jr	z, 00102$
    0000004E FE 08            [ 7]  566 	cp	a, #0x08
    00000050 28 31            [12]  567 	jr	z, 00103$
    00000052 D6 09            [ 7]  568 	sub	a, #0x09
    00000054 28 3A            [12]  569 	jr	z, 00104$
    00000056 C3r92r00         [10]  570 	jp	00105$
                                    571 ;C:\Users\Jummy\Downloads\MSXgl-1.5.0b\engine/src/print.c:134: case VDP_MODE_GRAPHIC4: return (color & 0x0F) << 4 | (color & 0x0F);
    00000059                        572 00101$:
    00000059 79               [ 4]  573 	ld	a, c
    0000005A E6 0F            [ 7]  574 	and	a, #0x0f
    0000005C 87               [ 4]  575 	add	a, a
    0000005D 87               [ 4]  576 	add	a, a
    0000005E 87               [ 4]  577 	add	a, a
    0000005F 87               [ 4]  578 	add	a, a
    00000060 47               [ 4]  579 	ld	b, a
    00000061 79               [ 4]  580 	ld	a, c
    00000062 E6 0F            [ 7]  581 	and	a, #0x0f
    00000064 B0               [ 4]  582 	or	a, b
    00000065 C9               [10]  583 	ret
                                    584 ;C:\Users\Jummy\Downloads\MSXgl-1.5.0b\engine/src/print.c:137: case VDP_MODE_GRAPHIC5: return (color & 0x03) << 6 + (color & 0x03) << 4 + (color & 0x03) << 2 + (color & 0x03);
    00000066                        585 00102$:
    00000066 79               [ 4]  586 	ld	a, c
    00000067 E6 03            [ 7]  587 	and	a, #0x03
    00000069 4F               [ 4]  588 	ld	c, a
    0000006A C6 06            [ 7]  589 	add	a, #0x06
    0000006C 47               [ 4]  590 	ld	b, a
    0000006D 59               [ 4]  591 	ld	e, c
    0000006E                        592 00145$:
    0000006E CB 23            [ 8]  593 	sla	e
    00000070 10 FC            [13]  594 	djnz	00145$
    00000072 79               [ 4]  595 	ld	a, c
    00000073 3C               [ 4]  596 	inc	a
    00000074 3C               [ 4]  597 	inc	a
    00000075 3C               [ 4]  598 	inc	a
    00000076 3C               [ 4]  599 	inc	a
    00000077 47               [ 4]  600 	ld	b, a
    00000078 7B               [ 4]  601 	ld	a, e
    00000079                        602 00147$:
    00000079 87               [ 4]  603 	add	a, a
    0000007A 10 FD            [13]  604 	djnz	00147$
    0000007C 0C               [ 4]  605 	inc	c
    0000007D 0C               [ 4]  606 	inc	c
    0000007E                        607 00149$:
    0000007E 87               [ 4]  608 	add	a, a
    0000007F 0D               [ 4]  609 	dec	c
    00000080 20 FC            [12]  610 	jr	nz, 00149$
    00000082 C9               [10]  611 	ret
                                    612 ;C:\Users\Jummy\Downloads\MSXgl-1.5.0b\engine/src/print.c:140: case VDP_MODE_GRAPHIC6: return (color & 0x0F) << 4 | (color & 0x0F);
    00000083                        613 00103$:
    00000083 79               [ 4]  614 	ld	a, c
    00000084 E6 0F            [ 7]  615 	and	a, #0x0f
    00000086 87               [ 4]  616 	add	a, a
    00000087 87               [ 4]  617 	add	a, a
    00000088 87               [ 4]  618 	add	a, a
    00000089 87               [ 4]  619 	add	a, a
    0000008A 47               [ 4]  620 	ld	b, a
    0000008B 79               [ 4]  621 	ld	a, c
    0000008C E6 0F            [ 7]  622 	and	a, #0x0f
    0000008E B0               [ 4]  623 	or	a, b
    0000008F C9               [10]  624 	ret
                                    625 ;C:\Users\Jummy\Downloads\MSXgl-1.5.0b\engine/src/print.c:143: case VDP_MODE_GRAPHIC7: return color;
    00000090                        626 00104$:
    00000090 79               [ 4]  627 	ld	a, c
    00000091 C9               [10]  628 	ret
                                    629 ;C:\Users\Jummy\Downloads\MSXgl-1.5.0b\engine/src/print.c:145: }
    00000092                        630 00105$:
                                    631 ;C:\Users\Jummy\Downloads\MSXgl-1.5.0b\engine/src/print.c:146: return color;
    00000092 79               [ 4]  632 	ld	a, c
                                    633 ;C:\Users\Jummy\Downloads\MSXgl-1.5.0b\engine/src/print.c:147: }
    00000093 C9               [10]  634 	ret
                                    635 ;C:\Users\Jummy\Downloads\MSXgl-1.5.0b\engine/src/print.c:158: bool Print_Initialize()
                                    636 ;	---------------------------------
                                    637 ; Function Print_Initialize
                                    638 ; ---------------------------------
    00000094                        639 _Print_Initialize::
                                    640 ;C:\Users\Jummy\Downloads\MSXgl-1.5.0b\engine/src/print.c:160: Print_SetColor(0xF, 0x0);
    00000094 2E 00            [ 7]  641 	ld	l, #0x00
    00000096 3E 0F            [ 7]  642 	ld	a, #0x0f
    00000098 CDrF7r03         [17]  643 	call	_Print_SetColor
                                    644 ;C:\Users\Jummy\Downloads\MSXgl-1.5.0b\engine/src/print.h:268: PRINT_DATA.CursorX = x;
    0000009B 21 00 00         [10]  645 	ld	hl, #0x0000
    0000009E 22r05r00         [16]  646 	ld	((_g_PrintData + 5)), hl
                                    647 ;C:\Users\Jummy\Downloads\MSXgl-1.5.0b\engine/src/print.h:269: PRINT_DATA.CursorY = y;
    000000A1 21r07r00         [10]  648 	ld	hl, #_g_PrintData + 7
    000000A4 36 00            [10]  649 	ld	(hl), #0x00
                                    650 ;C:\Users\Jummy\Downloads\MSXgl-1.5.0b\engine/src/print.c:163: Print_EnableShadow(FALSE);
    000000A6 AF               [ 4]  651 	xor	a, a
    000000A7 CDrEBr13         [17]  652 	call	_Print_EnableShadow
                                    653 ;C:\Users\Jummy\Downloads\MSXgl-1.5.0b\engine/src/print.c:166: Print_EnableOutline(FALSE);
    000000AA AF               [ 4]  654 	xor	a, a
    000000AB CDr0Dr14         [17]  655 	call	_Print_EnableOutline
                                    656 ;C:\Users\Jummy\Downloads\MSXgl-1.5.0b\engine/src/vdp.h:483: inline u8 VDP_GetMode() { return g_VDP_Data.Mode; }
    000000AE 21r00r00         [10]  657 	ld	hl, #_g_VDP_Data+0
    000000B1 4E               [ 7]  658 	ld	c, (hl)
                                    659 ;C:\Users\Jummy\Downloads\MSXgl-1.5.0b\engine/src/print.c:169: switch (VDP_GetMode()) // Screen mode specific initialization
    000000B2 3E 11            [ 7]  660 	ld	a, #0x11
    000000B4 91               [ 4]  661 	sub	a, c
    000000B5 DAr74r01         [10]  662 	jp	c, 00114$
    000000B8 06 00            [ 7]  663 	ld	b, #0x00
    000000BA 21rC4r00         [10]  664 	ld	hl, #00137$
    000000BD 09               [11]  665 	add	hl, bc
    000000BE 09               [11]  666 	add	hl, bc
    000000BF 4E               [ 7]  667 	ld	c, (hl)
    000000C0 23               [ 6]  668 	inc	hl
    000000C1 66               [ 7]  669 	ld	h, (hl)
    000000C2 69               [ 4]  670 	ld	l, c
    000000C3 E9               [ 4]  671 	jp	(hl)
    000000C4                        672 00137$:
    000000C4rE8r00                  673 	.dw	00101$
    000000C6r76r01                  674 	.dw	00115$
    000000C8rF6r00                  675 	.dw	00103$
    000000CAr04r01                  676 	.dw	00104$
    000000CCr12r01                  677 	.dw	00105$
    000000CEr20r01                  678 	.dw	00109$
    000000D0r2Er01                  679 	.dw	00110$
    000000D2r3Cr01                  680 	.dw	00111$
    000000D4r51r01                  681 	.dw	00112$
    000000D6r5Fr01                  682 	.dw	00113$
    000000D8r74r01                  683 	.dw	00114$
    000000DAr74r01                  684 	.dw	00114$
    000000DCr74r01                  685 	.dw	00114$
    000000DEr74r01                  686 	.dw	00114$
    000000E0r74r01                  687 	.dw	00114$
    000000E2r20r01                  688 	.dw	00109$
    000000E4r20r01                  689 	.dw	00109$
    000000E6r20r01                  690 	.dw	00109$
                                    691 ;C:\Users\Jummy\Downloads\MSXgl-1.5.0b\engine/src/print.c:172: case VDP_MODE_TEXT1:		// 40 characters per line of text, one colour for each character
    000000E8                        692 00101$:
                                    693 ;C:\Users\Jummy\Downloads\MSXgl-1.5.0b\engine/src/print.h:303: inline void Print_SetTabSize(u8 size) { PRINT_DATA.TabSize = size; }
    000000E8 21r04r00         [10]  694 	ld	hl, #_g_PrintData + 4
    000000EB 36 03            [10]  695 	ld	(hl), #0x03
                                    696 ;C:\Users\Jummy\Downloads\MSXgl-1.5.0b\engine/src/print.c:174: PRINT_DATA.ScreenWidth = 40;
    000000ED 21 28 00         [10]  697 	ld	hl, #0x0028
    000000F0 22r1Br00         [16]  698 	ld	((_g_PrintData + 27)), hl
                                    699 ;C:\Users\Jummy\Downloads\MSXgl-1.5.0b\engine/src/print.c:175: break;
    000000F3 C3r76r01         [10]  700 	jp	00115$
                                    701 ;C:\Users\Jummy\Downloads\MSXgl-1.5.0b\engine/src/print.c:182: case VDP_MODE_GRAPHIC1:		// 32 characters per one line of text, the COLOURed character available
    000000F6                        702 00103$:
                                    703 ;C:\Users\Jummy\Downloads\MSXgl-1.5.0b\engine/src/print.h:303: inline void Print_SetTabSize(u8 size) { PRINT_DATA.TabSize = size; }
    000000F6 21r04r00         [10]  704 	ld	hl, #_g_PrintData + 4
    000000F9 36 03            [10]  705 	ld	(hl), #0x03
                                    706 ;C:\Users\Jummy\Downloads\MSXgl-1.5.0b\engine/src/print.c:184: PRINT_DATA.ScreenWidth = 32;
    000000FB 21 20 00         [10]  707 	ld	hl, #0x0020
    000000FE 22r1Br00         [16]  708 	ld	((_g_PrintData + 27)), hl
                                    709 ;C:\Users\Jummy\Downloads\MSXgl-1.5.0b\engine/src/print.c:185: break;
    00000101 C3r76r01         [10]  710 	jp	00115$
                                    711 ;C:\Users\Jummy\Downloads\MSXgl-1.5.0b\engine/src/print.c:188: case VDP_MODE_GRAPHIC2:		// 256 x 192, the colour is specififed for each 8 dots
    00000104                        712 00104$:
                                    713 ;C:\Users\Jummy\Downloads\MSXgl-1.5.0b\engine/src/print.h:303: inline void Print_SetTabSize(u8 size) { PRINT_DATA.TabSize = size; }
    00000104 21r04r00         [10]  714 	ld	hl, #_g_PrintData + 4
    00000107 36 03            [10]  715 	ld	(hl), #0x03
                                    716 ;C:\Users\Jummy\Downloads\MSXgl-1.5.0b\engine/src/print.c:190: PRINT_DATA.ScreenWidth = 32;
    00000109 21 20 00         [10]  717 	ld	hl, #0x0020
    0000010C 22r1Br00         [16]  718 	ld	((_g_PrintData + 27)), hl
                                    719 ;C:\Users\Jummy\Downloads\MSXgl-1.5.0b\engine/src/print.c:191: break;
    0000010F C3r76r01         [10]  720 	jp	00115$
                                    721 ;C:\Users\Jummy\Downloads\MSXgl-1.5.0b\engine/src/print.c:194: case VDP_MODE_TEXT2:		// 80 characters per line of text, character blinkable selection
    00000112                        722 00105$:
                                    723 ;C:\Users\Jummy\Downloads\MSXgl-1.5.0b\engine/src/print.h:303: inline void Print_SetTabSize(u8 size) { PRINT_DATA.TabSize = size; }
    00000112 21r04r00         [10]  724 	ld	hl, #_g_PrintData + 4
    00000115 36 03            [10]  725 	ld	(hl), #0x03
                                    726 ;C:\Users\Jummy\Downloads\MSXgl-1.5.0b\engine/src/print.c:196: PRINT_DATA.ScreenWidth = 80;
    00000117 21 50 00         [10]  727 	ld	hl, #0x0050
    0000011A 22r1Br00         [16]  728 	ld	((_g_PrintData + 27)), hl
                                    729 ;C:\Users\Jummy\Downloads\MSXgl-1.5.0b\engine/src/print.c:197: break;
    0000011D C3r76r01         [10]  730 	jp	00115$
                                    731 ;C:\Users\Jummy\Downloads\MSXgl-1.5.0b\engine/src/print.c:205: case VDP_MODE_GRAPHIC3:		// GRAPHIC 2 which can use sprite mode 2
    00000120                        732 00109$:
                                    733 ;C:\Users\Jummy\Downloads\MSXgl-1.5.0b\engine/src/print.h:303: inline void Print_SetTabSize(u8 size) { PRINT_DATA.TabSize = size; }
    00000120 21r04r00         [10]  734 	ld	hl, #_g_PrintData + 4
    00000123 36 03            [10]  735 	ld	(hl), #0x03
                                    736 ;C:\Users\Jummy\Downloads\MSXgl-1.5.0b\engine/src/print.c:207: PRINT_DATA.ScreenWidth = 32;
    00000125 21 20 00         [10]  737 	ld	hl, #0x0020
    00000128 22r1Br00         [16]  738 	ld	((_g_PrintData + 27)), hl
                                    739 ;C:\Users\Jummy\Downloads\MSXgl-1.5.0b\engine/src/print.c:208: break;
    0000012B C3r76r01         [10]  740 	jp	00115$
                                    741 ;C:\Users\Jummy\Downloads\MSXgl-1.5.0b\engine/src/print.c:211: case VDP_MODE_GRAPHIC4:		// 256 x 212; 16 colours are available for each dot
    0000012E                        742 00110$:
                                    743 ;C:\Users\Jummy\Downloads\MSXgl-1.5.0b\engine/src/print.h:303: inline void Print_SetTabSize(u8 size) { PRINT_DATA.TabSize = size; }
    0000012E 21r04r00         [10]  744 	ld	hl, #_g_PrintData + 4
    00000131 36 18            [10]  745 	ld	(hl), #0x18
                                    746 ;C:\Users\Jummy\Downloads\MSXgl-1.5.0b\engine/src/print.c:213: PRINT_DATA.ScreenWidth = 256;
    00000133 21 00 01         [10]  747 	ld	hl, #0x0100
    00000136 22r1Br00         [16]  748 	ld	((_g_PrintData + 27)), hl
                                    749 ;C:\Users\Jummy\Downloads\MSXgl-1.5.0b\engine/src/print.c:214: break;
    00000139 C3r76r01         [10]  750 	jp	00115$
                                    751 ;C:\Users\Jummy\Downloads\MSXgl-1.5.0b\engine/src/print.c:217: case VDP_MODE_GRAPHIC5:		// 512 x 212; 4 colours are available for each dot
    0000013C                        752 00111$:
                                    753 ;C:\Users\Jummy\Downloads\MSXgl-1.5.0b\engine/src/print.h:303: inline void Print_SetTabSize(u8 size) { PRINT_DATA.TabSize = size; }
    0000013C 21r04r00         [10]  754 	ld	hl, #_g_PrintData + 4
    0000013F 36 18            [10]  755 	ld	(hl), #0x18
                                    756 ;C:\Users\Jummy\Downloads\MSXgl-1.5.0b\engine/src/print.c:219: Print_SetColor(0x03, 0x0);
    00000141 2E 00            [ 7]  757 	ld	l, #0x00
    00000143 3E 03            [ 7]  758 	ld	a, #0x03
    00000145 CDrF7r03         [17]  759 	call	_Print_SetColor
                                    760 ;C:\Users\Jummy\Downloads\MSXgl-1.5.0b\engine/src/print.c:220: PRINT_DATA.ScreenWidth = 512;
    00000148 21 00 02         [10]  761 	ld	hl, #0x0200
    0000014B 22r1Br00         [16]  762 	ld	((_g_PrintData + 27)), hl
                                    763 ;C:\Users\Jummy\Downloads\MSXgl-1.5.0b\engine/src/print.c:221: break;
    0000014E C3r76r01         [10]  764 	jp	00115$
                                    765 ;C:\Users\Jummy\Downloads\MSXgl-1.5.0b\engine/src/print.c:224: case VDP_MODE_GRAPHIC6:		// 512 x 212; 16 colours are available for each dot
    00000151                        766 00112$:
                                    767 ;C:\Users\Jummy\Downloads\MSXgl-1.5.0b\engine/src/print.h:303: inline void Print_SetTabSize(u8 size) { PRINT_DATA.TabSize = size; }
    00000151 21r04r00         [10]  768 	ld	hl, #_g_PrintData + 4
    00000154 36 18            [10]  769 	ld	(hl), #0x18
                                    770 ;C:\Users\Jummy\Downloads\MSXgl-1.5.0b\engine/src/print.c:226: PRINT_DATA.ScreenWidth = 512;
    00000156 21 00 02         [10]  771 	ld	hl, #0x0200
    00000159 22r1Br00         [16]  772 	ld	((_g_PrintData + 27)), hl
                                    773 ;C:\Users\Jummy\Downloads\MSXgl-1.5.0b\engine/src/print.c:227: break;
    0000015C C3r76r01         [10]  774 	jp	00115$
                                    775 ;C:\Users\Jummy\Downloads\MSXgl-1.5.0b\engine/src/print.c:230: case VDP_MODE_GRAPHIC7:		// 256 x 212; 256 colours are available for each dot
    0000015F                        776 00113$:
                                    777 ;C:\Users\Jummy\Downloads\MSXgl-1.5.0b\engine/src/print.h:303: inline void Print_SetTabSize(u8 size) { PRINT_DATA.TabSize = size; }
    0000015F 21r04r00         [10]  778 	ld	hl, #_g_PrintData + 4
    00000162 36 18            [10]  779 	ld	(hl), #0x18
                                    780 ;C:\Users\Jummy\Downloads\MSXgl-1.5.0b\engine/src/print.c:232: Print_SetColor(0xFF, 0x0);
    00000164 2E 00            [ 7]  781 	ld	l, #0x00
    00000166 3E FF            [ 7]  782 	ld	a, #0xff
    00000168 CDrF7r03         [17]  783 	call	_Print_SetColor
                                    784 ;C:\Users\Jummy\Downloads\MSXgl-1.5.0b\engine/src/print.c:233: PRINT_DATA.ScreenWidth = 256;
    0000016B 21 00 01         [10]  785 	ld	hl, #0x0100
    0000016E 22r1Br00         [16]  786 	ld	((_g_PrintData + 27)), hl
                                    787 ;C:\Users\Jummy\Downloads\MSXgl-1.5.0b\engine/src/print.c:234: break;
    00000171 C3r76r01         [10]  788 	jp	00115$
                                    789 ;C:\Users\Jummy\Downloads\MSXgl-1.5.0b\engine/src/print.c:236: default:
    00000174                        790 00114$:
                                    791 ;C:\Users\Jummy\Downloads\MSXgl-1.5.0b\engine/src/print.c:238: return FALSE;
    00000174 AF               [ 4]  792 	xor	a, a
    00000175 C9               [10]  793 	ret
                                    794 ;C:\Users\Jummy\Downloads\MSXgl-1.5.0b\engine/src/print.c:239: }
    00000176                        795 00115$:
                                    796 ;C:\Users\Jummy\Downloads\MSXgl-1.5.0b\engine/src/print.c:243: return TRUE;
    00000176 3E 01            [ 7]  797 	ld	a, #0x01
                                    798 ;C:\Users\Jummy\Downloads\MSXgl-1.5.0b\engine/src/print.c:244: }
    00000178 C9               [10]  799 	ret
                                    800 ;C:\Users\Jummy\Downloads\MSXgl-1.5.0b\engine/src/print.c:248: void Print_SetMode(u8 mode)
                                    801 ;	---------------------------------
                                    802 ; Function Print_SetMode
                                    803 ; ---------------------------------
    00000179                        804 _Print_SetMode::
    00000179 4F               [ 4]  805 	ld	c, a
                                    806 ;C:\Users\Jummy\Downloads\MSXgl-1.5.0b\engine/src/print.c:250: PRINT_DATA.SourceMode = mode;
    0000017A 21r1Ar00         [10]  807 	ld	hl, #_g_PrintData + 26
    0000017D ED 67            [18]  808 	rrd
    0000017F 79               [ 4]  809 	ld	a, c
    00000180 ED 6F            [18]  810 	rld
                                    811 ;C:\Users\Jummy\Downloads\MSXgl-1.5.0b\engine/src/print.c:252: switch (PRINT_DATA.SourceMode)
    00000182 7E               [ 7]  812 	ld	a, (hl)
    00000183 E6 0F            [ 7]  813 	and	a, #0x0f
    00000185 4F               [ 4]  814 	ld	c, a
    00000186 3E 05            [ 7]  815 	ld	a, #0x05
    00000188 91               [ 4]  816 	sub	a, c
    00000189 D8               [11]  817 	ret	c
    0000018A 06 00            [ 7]  818 	ld	b, #0x00
    0000018C 21r96r01         [10]  819 	ld	hl, #00186$
    0000018F 09               [11]  820 	add	hl, bc
    00000190 09               [11]  821 	add	hl, bc
    00000191 4E               [ 7]  822 	ld	c, (hl)
    00000192 23               [ 6]  823 	inc	hl
    00000193 66               [ 7]  824 	ld	h, (hl)
    00000194 69               [ 4]  825 	ld	l, c
    00000195 E9               [ 4]  826 	jp	(hl)
    00000196                        827 00186$:
    00000196rA2r01                  828 	.dw	00101$
    00000198rCBr01                  829 	.dw	00107$
    0000019ArD2r01                  830 	.dw	00109$
    0000019CrD2r01                  831 	.dw	00109$
    0000019ErF2r01                  832 	.dw	00115$
    000001A0rF9r01                  833 	.dw	00116$
                                    834 ;C:\Users\Jummy\Downloads\MSXgl-1.5.0b\engine/src/print.c:255: case PRINT_MODE_BITMAP:
    000001A2                        835 00101$:
                                    836 ;C:\Users\Jummy\Downloads\MSXgl-1.5.0b\engine/src/vdp.h:483: inline u8 VDP_GetMode() { return g_VDP_Data.Mode; }
    000001A2 3Ar00r00         [13]  837 	ld	a, (#_g_VDP_Data + 0)
                                    838 ;C:\Users\Jummy\Downloads\MSXgl-1.5.0b\engine/src/print.c:257: switch (VDP_GetMode()) // Screen mode specific initialization
    000001A5 FE 06            [ 7]  839 	cp	a, #0x06
    000001A7 28 14            [12]  840 	jr	z, 00104$
    000001A9 FE 07            [ 7]  841 	cp	a, #0x07
    000001AB 28 09            [12]  842 	jr	z, 00102$
    000001AD FE 08            [ 7]  843 	cp	a, #0x08
    000001AF 28 0C            [12]  844 	jr	z, 00104$
    000001B1 FE 09            [ 7]  845 	cp	a, #0x09
    000001B3 28 0F            [12]  846 	jr	z, 00105$
    000001B5 C9               [10]  847 	ret
                                    848 ;C:\Users\Jummy\Downloads\MSXgl-1.5.0b\engine/src/print.c:260: case VDP_MODE_GRAPHIC5:
    000001B6                        849 00102$:
                                    850 ;C:\Users\Jummy\Downloads\MSXgl-1.5.0b\engine/src/print.c:261: PRINT_DATA.DrawChar = DrawChar_2B;
    000001B6 21r7Dr08         [10]  851 	ld	hl, #_DrawChar_2B
    000001B9 22r18r00         [16]  852 	ld	((_g_PrintData + 24)), hl
                                    853 ;C:\Users\Jummy\Downloads\MSXgl-1.5.0b\engine/src/print.c:262: break;
    000001BC C9               [10]  854 	ret
                                    855 ;C:\Users\Jummy\Downloads\MSXgl-1.5.0b\engine/src/print.c:266: case VDP_MODE_GRAPHIC6:
    000001BD                        856 00104$:
                                    857 ;C:\Users\Jummy\Downloads\MSXgl-1.5.0b\engine/src/print.c:267: PRINT_DATA.DrawChar = DrawChar_4B;
    000001BD 21r9Dr07         [10]  858 	ld	hl, #_DrawChar_4B
    000001C0 22r18r00         [16]  859 	ld	((_g_PrintData + 24)), hl
                                    860 ;C:\Users\Jummy\Downloads\MSXgl-1.5.0b\engine/src/print.c:268: break;
    000001C3 C9               [10]  861 	ret
                                    862 ;C:\Users\Jummy\Downloads\MSXgl-1.5.0b\engine/src/print.c:271: case VDP_MODE_GRAPHIC7:
    000001C4                        863 00105$:
                                    864 ;C:\Users\Jummy\Downloads\MSXgl-1.5.0b\engine/src/print.c:272: PRINT_DATA.DrawChar = DrawChar_8B; 
    000001C4 21r8Br06         [10]  865 	ld	hl, #_DrawChar_8B
    000001C7 22r18r00         [16]  866 	ld	((_g_PrintData + 24)), hl
                                    867 ;C:\Users\Jummy\Downloads\MSXgl-1.5.0b\engine/src/print.c:276: break;
    000001CA C9               [10]  868 	ret
                                    869 ;C:\Users\Jummy\Downloads\MSXgl-1.5.0b\engine/src/print.c:279: case PRINT_MODE_BITMAP_TRANS:
    000001CB                        870 00107$:
                                    871 ;C:\Users\Jummy\Downloads\MSXgl-1.5.0b\engine/src/print.c:281: PRINT_DATA.DrawChar = DrawChar_Trans;
    000001CB 21r3Dr09         [10]  872 	ld	hl, #_DrawChar_Trans
    000001CE 22r18r00         [16]  873 	ld	((_g_PrintData + 24)), hl
                                    874 ;C:\Users\Jummy\Downloads\MSXgl-1.5.0b\engine/src/print.c:282: break;
    000001D1 C9               [10]  875 	ret
                                    876 ;C:\Users\Jummy\Downloads\MSXgl-1.5.0b\engine/src/print.c:288: case PRINT_MODE_BITMAP_VRAM_TRANS:
    000001D2                        877 00109$:
                                    878 ;C:\Users\Jummy\Downloads\MSXgl-1.5.0b\engine/src/vdp.h:483: inline u8 VDP_GetMode() { return g_VDP_Data.Mode; }
    000001D2 3Ar00r00         [13]  879 	ld	a, (#_g_VDP_Data + 0)
                                    880 ;C:\Users\Jummy\Downloads\MSXgl-1.5.0b\engine/src/print.c:290: switch (VDP_GetMode()) // Screen mode specific initialization
    000001D5 FE 06            [ 7]  881 	cp	a, #0x06
    000001D7 28 0B            [12]  882 	jr	z, 00111$
    000001D9 FE 07            [ 7]  883 	cp	a, #0x07
    000001DB 28 0E            [12]  884 	jr	z, 00113$
    000001DD FE 08            [ 7]  885 	cp	a, #0x08
    000001DF 28 0A            [12]  886 	jr	z, 00113$
    000001E1 FE 09            [ 7]  887 	cp	a, #0x09
    000001E3 C0               [11]  888 	ret	nz
                                    889 ;C:\Users\Jummy\Downloads\MSXgl-1.5.0b\engine/src/print.c:294: case VDP_MODE_GRAPHIC7:
    000001E4                        890 00111$:
                                    891 ;C:\Users\Jummy\Downloads\MSXgl-1.5.0b\engine/src/print.c:295: PRINT_DATA.DrawChar = DrawChar_VRAM256;
    000001E4 21r4Ar0D         [10]  892 	ld	hl, #_DrawChar_VRAM256
    000001E7 22r18r00         [16]  893 	ld	((_g_PrintData + 24)), hl
                                    894 ;C:\Users\Jummy\Downloads\MSXgl-1.5.0b\engine/src/print.c:296: break;
    000001EA C9               [10]  895 	ret
                                    896 ;C:\Users\Jummy\Downloads\MSXgl-1.5.0b\engine/src/print.c:300: case VDP_MODE_GRAPHIC6:
    000001EB                        897 00113$:
                                    898 ;C:\Users\Jummy\Downloads\MSXgl-1.5.0b\engine/src/print.c:301: PRINT_DATA.DrawChar = DrawChar_VRAM512;
    000001EB 21rA4r0E         [10]  899 	ld	hl, #_DrawChar_VRAM512
    000001EE 22r18r00         [16]  900 	ld	((_g_PrintData + 24)), hl
                                    901 ;C:\Users\Jummy\Downloads\MSXgl-1.5.0b\engine/src/print.c:305: break;
    000001F1 C9               [10]  902 	ret
                                    903 ;C:\Users\Jummy\Downloads\MSXgl-1.5.0b\engine/src/print.c:309: case PRINT_MODE_SPRITE:
    000001F2                        904 00115$:
                                    905 ;C:\Users\Jummy\Downloads\MSXgl-1.5.0b\engine/src/print.c:311: PRINT_DATA.DrawChar = DrawChar_Sprite;
    000001F2 21r8Br13         [10]  906 	ld	hl, #_DrawChar_Sprite
    000001F5 22r18r00         [16]  907 	ld	((_g_PrintData + 24)), hl
                                    908 ;C:\Users\Jummy\Downloads\MSXgl-1.5.0b\engine/src/print.c:312: break;
    000001F8 C9               [10]  909 	ret
                                    910 ;C:\Users\Jummy\Downloads\MSXgl-1.5.0b\engine/src/print.c:316: case PRINT_MODE_TEXT:
    000001F9                        911 00116$:
                                    912 ;C:\Users\Jummy\Downloads\MSXgl-1.5.0b\engine/src/print.c:318: PRINT_DATA.DrawChar = DrawChar_Layout;
    000001F9 21rFEr11         [10]  913 	ld	hl, #_DrawChar_Layout
    000001FC 22r18r00         [16]  914 	ld	((_g_PrintData + 24)), hl
                                    915 ;C:\Users\Jummy\Downloads\MSXgl-1.5.0b\engine/src/print.c:322: };
                                    916 ;C:\Users\Jummy\Downloads\MSXgl-1.5.0b\engine/src/print.c:323: }
    000001FF C9               [10]  917 	ret
                                    918 ;C:\Users\Jummy\Downloads\MSXgl-1.5.0b\engine/src/print.c:328: void Print_SetFont(const u8* font)
                                    919 ;	---------------------------------
                                    920 ; Function Print_SetFont
                                    921 ; ---------------------------------
    00000200                        922 _Print_SetFont::
    00000200 DD E5            [15]  923 	push	ix
    00000202 DD 21 00 00      [14]  924 	ld	ix,	#0
    00000206 DD 39            [15]  925 	add	ix, sp
    00000208 F5               [11]  926 	push	af
    00000209 F5               [11]  927 	push	af
    0000020A EB               [ 4]  928 	ex	de, hl
                                    929 ;C:\Users\Jummy\Downloads\MSXgl-1.5.0b\engine/src/print.c:330: if (font == NULL) // Use Bios font (if any)
    0000020B 7A               [ 4]  930 	ld	a, d
    0000020C B3               [ 4]  931 	or	a, e
    0000020D 20 40            [12]  932 	jr	nz, 00102$
                                    933 ;C:\Users\Jummy\Downloads\MSXgl-1.5.0b\engine/src/print.c:331: Print_SetFontEx(8, 8, 6, 8, 1, 255, (const u8*)g_CGTABL + 8);
    0000020F ED 4B 04 00      [20]  934 	ld	bc, (_g_CGTABL)
    00000213 21 08 00         [10]  935 	ld	hl, #0x0008
    00000216 09               [11]  936 	add	hl, bc
    00000217 EB               [ 4]  937 	ex	de, hl
                                    938 ;C:\Users\Jummy\Downloads\MSXgl-1.5.0b\engine/src/print.h:242: PRINT_DATA.PatternX     = patternX;
    00000218 21r00r00         [10]  939 	ld	hl, #_g_PrintData
    0000021B 36 08            [10]  940 	ld	(hl), #0x08
                                    941 ;C:\Users\Jummy\Downloads\MSXgl-1.5.0b\engine/src/print.h:243: PRINT_DATA.PatternY     = patternY;
    0000021D 01r01r00         [10]  942 	ld	bc, #_g_PrintData + 1
    00000220 3E 08            [ 7]  943 	ld	a, #0x08
    00000222 02               [ 7]  944 	ld	(bc), a
                                    945 ;C:\Users\Jummy\Downloads\MSXgl-1.5.0b\engine/src/print.h:244: PRINT_DATA.UnitX        = sizeX;
    00000223 21r02r00         [10]  946 	ld	hl, #_g_PrintData + 2
    00000226 36 06            [10]  947 	ld	(hl), #0x06
                                    948 ;C:\Users\Jummy\Downloads\MSXgl-1.5.0b\engine/src/print.h:245: PRINT_DATA.UnitY        = sizeY;
    00000228 21r03r00         [10]  949 	ld	hl, #_g_PrintData + 3
    0000022B 36 08            [10]  950 	ld	(hl), #0x08
                                    951 ;C:\Users\Jummy\Downloads\MSXgl-1.5.0b\engine/src/print.h:246: PRINT_DATA.CharFirst    = firstChr;
    0000022D 21r15r00         [10]  952 	ld	hl, #_g_PrintData + 21
    00000230 36 01            [10]  953 	ld	(hl), #0x01
                                    954 ;C:\Users\Jummy\Downloads\MSXgl-1.5.0b\engine/src/print.h:247: PRINT_DATA.CharLast     = lastChr;
    00000232 21r16r00         [10]  955 	ld	hl, #_g_PrintData + 22
    00000235 36 FF            [10]  956 	ld	(hl), #0xff
                                    957 ;C:\Users\Jummy\Downloads\MSXgl-1.5.0b\engine/src/print.h:248: PRINT_DATA.CharCount    = lastChr - firstChr + 1;
    00000237 21r17r00         [10]  958 	ld	hl, #_g_PrintData + 23
    0000023A 36 FF            [10]  959 	ld	(hl), #0xff
                                    960 ;C:\Users\Jummy\Downloads\MSXgl-1.5.0b\engine/src/print.h:249: PRINT_DATA.FontPatterns = patterns;
    0000023C ED 53r1Dr00      [20]  961 	ld	((_g_PrintData + 29)), de
                                    962 ;C:\Users\Jummy\Downloads\MSXgl-1.5.0b\engine/src/print.h:250: PRINT_DATA.FontAddr     = PRINT_DATA.FontPatterns - (firstChr * PRINT_DATA.PatternY); // pre-compute address of the virtual index 0 character (used to quick drawing in PutChar_GX functions)
    00000240 0A               [ 7]  963 	ld	a, (bc)
    00000241 4F               [ 4]  964 	ld	c, a
    00000242 7B               [ 4]  965 	ld	a, e
    00000243 91               [ 4]  966 	sub	a, c
    00000244 6F               [ 4]  967 	ld	l, a
    00000245 7A               [ 4]  968 	ld	a, d
    00000246 DE 00            [ 7]  969 	sbc	a, #0x00
    00000248 67               [ 4]  970 	ld	h, a
    00000249 22r1Fr00         [16]  971 	ld	((_g_PrintData + 31)), hl
                                    972 ;C:\Users\Jummy\Downloads\MSXgl-1.5.0b\engine/src/print.c:331: Print_SetFontEx(8, 8, 6, 8, 1, 255, (const u8*)g_CGTABL + 8);
    0000024C C3rD4r02         [10]  973 	jp	00106$
    0000024F                        974 00102$:
                                    975 ;C:\Users\Jummy\Downloads\MSXgl-1.5.0b\engine/src/print.c:333: Print_SetFontEx(font[0] >> 4, font[0] & 0x0F, font[1] >> 4, font[1] & 0x0F, font[2], font[3], font+4);
    0000024F 21 04 00         [10]  976 	ld	hl, #0x0004
    00000252 19               [11]  977 	add	hl, de
    00000253 4D               [ 4]  978 	ld	c, l
    00000254 44               [ 4]  979 	ld	b, h
    00000255 6B               [ 4]  980 	ld	l, e
    00000256 62               [ 4]  981 	ld	h, d
    00000257 23               [ 6]  982 	inc	hl
    00000258 23               [ 6]  983 	inc	hl
    00000259 23               [ 6]  984 	inc	hl
    0000025A 7E               [ 7]  985 	ld	a, (hl)
    0000025B DD 77 FC         [19]  986 	ld	-4 (ix), a
    0000025E 6B               [ 4]  987 	ld	l, e
    0000025F 62               [ 4]  988 	ld	h, d
    00000260 23               [ 6]  989 	inc	hl
    00000261 23               [ 6]  990 	inc	hl
    00000262 7E               [ 7]  991 	ld	a, (hl)
    00000263 DD 77 FD         [19]  992 	ld	-3 (ix), a
    00000266 6B               [ 4]  993 	ld	l, e
    00000267 62               [ 4]  994 	ld	h, d
    00000268 23               [ 6]  995 	inc	hl
    00000269 6E               [ 7]  996 	ld	l, (hl)
    0000026A 7D               [ 4]  997 	ld	a, l
    0000026B E6 0F            [ 7]  998 	and	a, #0x0f
    0000026D DD 77 FE         [19]  999 	ld	-2 (ix), a
    00000270 7D               [ 4] 1000 	ld	a, l
    00000271 07               [ 4] 1001 	rlca
    00000272 07               [ 4] 1002 	rlca
    00000273 07               [ 4] 1003 	rlca
    00000274 07               [ 4] 1004 	rlca
    00000275 E6 0F            [ 7] 1005 	and	a, #0x0f
    00000277 DD 77 FF         [19] 1006 	ld	-1 (ix), a
    0000027A 1A               [ 7] 1007 	ld	a, (de)
    0000027B F5               [11] 1008 	push	af
    0000027C E6 0F            [ 7] 1009 	and	a, #0x0f
    0000027E 5F               [ 4] 1010 	ld	e, a
    0000027F F1               [10] 1011 	pop	af
    00000280 07               [ 4] 1012 	rlca
    00000281 07               [ 4] 1013 	rlca
    00000282 07               [ 4] 1014 	rlca
    00000283 07               [ 4] 1015 	rlca
    00000284 E6 0F            [ 7] 1016 	and	a, #0x0f
    00000286 57               [ 4] 1017 	ld	d, a
                                   1018 ;C:\Users\Jummy\Downloads\MSXgl-1.5.0b\engine/src/print.h:242: PRINT_DATA.PatternX     = patternX;
    00000287 21r00r00         [10] 1019 	ld	hl, #_g_PrintData
    0000028A 72               [ 7] 1020 	ld	(hl), d
                                   1021 ;C:\Users\Jummy\Downloads\MSXgl-1.5.0b\engine/src/print.h:243: PRINT_DATA.PatternY     = patternY;
    0000028B 21r01r00         [10] 1022 	ld	hl, #_g_PrintData + 1
    0000028E 73               [ 7] 1023 	ld	(hl), e
                                   1024 ;C:\Users\Jummy\Downloads\MSXgl-1.5.0b\engine/src/print.h:244: PRINT_DATA.UnitX        = sizeX;
    0000028F 11r02r00         [10] 1025 	ld	de, #_g_PrintData + 2
    00000292 DD 7E FF         [19] 1026 	ld	a, -1 (ix)
    00000295 12               [ 7] 1027 	ld	(de), a
                                   1028 ;C:\Users\Jummy\Downloads\MSXgl-1.5.0b\engine/src/print.h:245: PRINT_DATA.UnitY        = sizeY;
    00000296 11r03r00         [10] 1029 	ld	de, #_g_PrintData + 3
    00000299 DD 7E FE         [19] 1030 	ld	a, -2 (ix)
    0000029C 12               [ 7] 1031 	ld	(de), a
                                   1032 ;C:\Users\Jummy\Downloads\MSXgl-1.5.0b\engine/src/print.h:246: PRINT_DATA.CharFirst    = firstChr;
    0000029D 11r15r00         [10] 1033 	ld	de, #_g_PrintData + 21
    000002A0 DD 7E FD         [19] 1034 	ld	a, -3 (ix)
    000002A3 12               [ 7] 1035 	ld	(de), a
                                   1036 ;C:\Users\Jummy\Downloads\MSXgl-1.5.0b\engine/src/print.h:247: PRINT_DATA.CharLast     = lastChr;
    000002A4 11r16r00         [10] 1037 	ld	de, #_g_PrintData + 22
    000002A7 DD 7E FC         [19] 1038 	ld	a, -4 (ix)
    000002AA 12               [ 7] 1039 	ld	(de), a
                                   1040 ;C:\Users\Jummy\Downloads\MSXgl-1.5.0b\engine/src/print.h:248: PRINT_DATA.CharCount    = lastChr - firstChr + 1;
    000002AB 11r17r00         [10] 1041 	ld	de, #_g_PrintData + 23
    000002AE DD 7E FC         [19] 1042 	ld	a, -4 (ix)
    000002B1 DD 96 FD         [19] 1043 	sub	a, -3 (ix)
    000002B4 3C               [ 4] 1044 	inc	a
    000002B5 12               [ 7] 1045 	ld	(de), a
                                   1046 ;C:\Users\Jummy\Downloads\MSXgl-1.5.0b\engine/src/print.h:249: PRINT_DATA.FontPatterns = patterns;
    000002B6 ED 43r1Dr00      [20] 1047 	ld	((_g_PrintData + 29)), bc
                                   1048 ;C:\Users\Jummy\Downloads\MSXgl-1.5.0b\engine/src/print.h:250: PRINT_DATA.FontAddr     = PRINT_DATA.FontPatterns - (firstChr * PRINT_DATA.PatternY); // pre-compute address of the virtual index 0 character (used to quick drawing in PutChar_GX functions)
    000002BA 5E               [ 7] 1049 	ld	e, (hl)
    000002BB C5               [11] 1050 	push	bc
    000002BC DD 66 FD         [19] 1051 	ld	h, -3 (ix)
    000002BF 2E 00            [ 7] 1052 	ld	l, #0x00
    000002C1 55               [ 4] 1053 	ld	d, l
    000002C2 06 08            [ 7] 1054 	ld	b, #0x08
    000002C4                       1055 00116$:
    000002C4 29               [11] 1056 	add	hl, hl
    000002C5 30 01            [12] 1057 	jr	nc, 00117$
    000002C7 19               [11] 1058 	add	hl, de
    000002C8                       1059 00117$:
    000002C8 10 FA            [13] 1060 	djnz	00116$
    000002CA C1               [10] 1061 	pop	bc
    000002CB 79               [ 4] 1062 	ld	a, c
    000002CC 95               [ 4] 1063 	sub	a, l
    000002CD 6F               [ 4] 1064 	ld	l, a
    000002CE 78               [ 4] 1065 	ld	a, b
    000002CF 9C               [ 4] 1066 	sbc	a, h
    000002D0 67               [ 4] 1067 	ld	h, a
    000002D1 22r1Fr00         [16] 1068 	ld	((_g_PrintData + 31)), hl
                                   1069 ;C:\Users\Jummy\Downloads\MSXgl-1.5.0b\engine/src/print.c:333: Print_SetFontEx(font[0] >> 4, font[0] & 0x0F, font[1] >> 4, font[1] & 0x0F, font[2], font[3], font+4);
    000002D4                       1070 00106$:
                                   1071 ;C:\Users\Jummy\Downloads\MSXgl-1.5.0b\engine/src/print.c:334: }
    000002D4 DD F9            [10] 1072 	ld	sp, ix
    000002D6 DD E1            [14] 1073 	pop	ix
    000002D8 C9               [10] 1074 	ret
                                   1075 ;C:\Users\Jummy\Downloads\MSXgl-1.5.0b\engine/src/print.c:339: void Print_InitColorBuffer(u8 t, u8 b)
                                   1076 ;	---------------------------------
                                   1077 ; Function Print_InitColorBuffer
                                   1078 ; ---------------------------------
    000002D9                       1079 _Print_InitColorBuffer::
    000002D9 DD E5            [15] 1080 	push	ix
    000002DB DD 21 00 00      [14] 1081 	ld	ix,	#0
    000002DF DD 39            [15] 1082 	add	ix, sp
    000002E1 F5               [11] 1083 	push	af
    000002E2 F5               [11] 1084 	push	af
    000002E3 4F               [ 4] 1085 	ld	c, a
    000002E4 5D               [ 4] 1086 	ld	e, l
                                   1087 ;C:\Users\Jummy\Downloads\MSXgl-1.5.0b\engine/src/vdp.h:483: inline u8 VDP_GetMode() { return g_VDP_Data.Mode; }
    000002E5 3Ar00r00         [13] 1088 	ld	a, (#_g_VDP_Data + 0)
                                   1089 ;C:\Users\Jummy\Downloads\MSXgl-1.5.0b\engine/src/print.c:342: switch (VDP_GetMode())
    000002E8 FE 06            [ 7] 1090 	cp	a, #0x06
    000002EA 28 10            [12] 1091 	jr	z, 00102$
    000002EC FE 07            [ 7] 1092 	cp	a, #0x07
    000002EE 28 2B            [12] 1093 	jr	z, 00103$
    000002F0 FE 08            [ 7] 1094 	cp	a, #0x08
    000002F2 28 08            [12] 1095 	jr	z, 00102$
    000002F4 FE 09            [ 7] 1096 	cp	a, #0x09
    000002F6 CArE0r03         [10] 1097 	jp	z, 00104$
    000002F9 C3rF2r03         [10] 1098 	jp	00107$
                                   1099 ;C:\Users\Jummy\Downloads\MSXgl-1.5.0b\engine/src/print.c:348: case VDP_MODE_GRAPHIC6:
    000002FC                       1100 00102$:
                                   1101 ;C:\Users\Jummy\Downloads\MSXgl-1.5.0b\engine/src/print.c:351: PRINT_DATA.Buffer[0] = (b << 4) | b;	// [ 0, 0 ]
    000002FC 7B               [ 4] 1102 	ld	a, e
    000002FD 87               [ 4] 1103 	add	a, a
    000002FE 87               [ 4] 1104 	add	a, a
    000002FF 87               [ 4] 1105 	add	a, a
    00000300 87               [ 4] 1106 	add	a, a
    00000301 47               [ 4] 1107 	ld	b, a
    00000302 B3               [ 4] 1108 	or	a, e
    00000303 21r2Ar00         [10] 1109 	ld	hl, #(_g_PrintData + 42)
    00000306 77               [ 7] 1110 	ld	(hl), a
                                   1111 ;C:\Users\Jummy\Downloads\MSXgl-1.5.0b\engine/src/print.c:352: PRINT_DATA.Buffer[1] = (b << 4) | t;	// [ 0, 1 ]
    00000307 23               [ 6] 1112 	inc	hl
    00000308 78               [ 4] 1113 	ld	a, b
    00000309 B1               [ 4] 1114 	or	a, c
    0000030A 77               [ 7] 1115 	ld	(hl), a
                                   1116 ;C:\Users\Jummy\Downloads\MSXgl-1.5.0b\engine/src/print.c:353: PRINT_DATA.Buffer[2] = (t << 4) | b;	// [ 1, 0 ]
    0000030B 23               [ 6] 1117 	inc	hl
    0000030C 79               [ 4] 1118 	ld	a, c
    0000030D 87               [ 4] 1119 	add	a, a
    0000030E 87               [ 4] 1120 	add	a, a
    0000030F 87               [ 4] 1121 	add	a, a
    00000310 87               [ 4] 1122 	add	a, a
    00000311 47               [ 4] 1123 	ld	b, a
    00000312 B3               [ 4] 1124 	or	a, e
    00000313 77               [ 7] 1125 	ld	(hl), a
                                   1126 ;C:\Users\Jummy\Downloads\MSXgl-1.5.0b\engine/src/print.c:354: PRINT_DATA.Buffer[3] = (t << 4) | t;	// [ 1, 1 ]
    00000314 23               [ 6] 1127 	inc	hl
    00000315 78               [ 4] 1128 	ld	a, b
    00000316 B1               [ 4] 1129 	or	a, c
    00000317 77               [ 7] 1130 	ld	(hl), a
                                   1131 ;C:\Users\Jummy\Downloads\MSXgl-1.5.0b\engine/src/print.c:355: break;
    00000318 C3rF2r03         [10] 1132 	jp	00107$
                                   1133 ;C:\Users\Jummy\Downloads\MSXgl-1.5.0b\engine/src/print.c:358: case VDP_MODE_GRAPHIC5:
    0000031B                       1134 00103$:
                                   1135 ;C:\Users\Jummy\Downloads\MSXgl-1.5.0b\engine/src/print.c:359: PRINT_DATA.Buffer[ 0] = (b << 6) | (b << 4) | (b << 2) | b;	// [ 0, 0, 0, 0 ]
    0000031B 7B               [ 4] 1136 	ld	a, e
    0000031C 0F               [ 4] 1137 	rrca
    0000031D 0F               [ 4] 1138 	rrca
    0000031E E6 C0            [ 7] 1139 	and	a, #0xc0
    00000320 DD 77 FF         [19] 1140 	ld	-1 (ix), a
    00000323 7B               [ 4] 1141 	ld	a, e
    00000324 87               [ 4] 1142 	add	a, a
    00000325 87               [ 4] 1143 	add	a, a
    00000326 87               [ 4] 1144 	add	a, a
    00000327 87               [ 4] 1145 	add	a, a
    00000328 DD 77 FC         [19] 1146 	ld	-4 (ix), a
    0000032B DD 7E FF         [19] 1147 	ld	a, -1 (ix)
    0000032E DD B6 FC         [19] 1148 	or	a, -4 (ix)
    00000331 6F               [ 4] 1149 	ld	l, a
    00000332 7B               [ 4] 1150 	ld	a, e
    00000333 87               [ 4] 1151 	add	a, a
    00000334 87               [ 4] 1152 	add	a, a
    00000335 DD 77 FD         [19] 1153 	ld	-3 (ix), a
    00000338 7D               [ 4] 1154 	ld	a, l
    00000339 DD B6 FD         [19] 1155 	or	a, -3 (ix)
    0000033C DD 77 FE         [19] 1156 	ld	-2 (ix), a
    0000033F B3               [ 4] 1157 	or	a, e
    00000340 E5               [11] 1158 	push	hl
    00000341 32r2Ar00         [13] 1159 	ld	(#(_g_PrintData + 42)), a
    00000344 E1               [10] 1160 	pop	hl
                                   1161 ;C:\Users\Jummy\Downloads\MSXgl-1.5.0b\engine/src/print.c:360: PRINT_DATA.Buffer[ 1] = (b << 6) | (b << 4) | (b << 2) | t;	// [ 0, 0, 0, 1 ]
    00000345 DD 7E FE         [19] 1162 	ld	a, -2 (ix)
    00000348 B1               [ 4] 1163 	or	a, c
    00000349 E5               [11] 1164 	push	hl
    0000034A 32r2Br00         [13] 1165 	ld	(#(_g_PrintData + 43)), a
    0000034D E1               [10] 1166 	pop	hl
                                   1167 ;C:\Users\Jummy\Downloads\MSXgl-1.5.0b\engine/src/print.c:361: PRINT_DATA.Buffer[ 2] = (b << 6) | (b << 4) | (t << 2) | b;	// [ 0, 0, 1, 0 ]
    0000034E 79               [ 4] 1168 	ld	a, c
    0000034F 87               [ 4] 1169 	add	a, a
    00000350 87               [ 4] 1170 	add	a, a
    00000351 47               [ 4] 1171 	ld	b, a
    00000352 B5               [ 4] 1172 	or	a, l
    00000353 6F               [ 4] 1173 	ld	l, a
    00000354 B3               [ 4] 1174 	or	a, e
    00000355 E5               [11] 1175 	push	hl
    00000356 32r2Cr00         [13] 1176 	ld	(#(_g_PrintData + 44)), a
    00000359 E1               [10] 1177 	pop	hl
                                   1178 ;C:\Users\Jummy\Downloads\MSXgl-1.5.0b\engine/src/print.c:362: PRINT_DATA.Buffer[ 3] = (b << 6) | (b << 4) | (t << 2) | t;	// [ 0, 0, 1, 1 ]
    0000035A 7D               [ 4] 1179 	ld	a, l
    0000035B B1               [ 4] 1180 	or	a, c
    0000035C 21r2Dr00         [10] 1181 	ld	hl, #(_g_PrintData + 45)
    0000035F 77               [ 7] 1182 	ld	(hl), a
                                   1183 ;C:\Users\Jummy\Downloads\MSXgl-1.5.0b\engine/src/print.c:363: PRINT_DATA.Buffer[ 4] = (b << 6) | (t << 4) | (b << 2) | b;	// [ 0, 1, 0, 0 ]
    00000360 79               [ 4] 1184 	ld	a, c
    00000361 87               [ 4] 1185 	add	a, a
    00000362 87               [ 4] 1186 	add	a, a
    00000363 87               [ 4] 1187 	add	a, a
    00000364 87               [ 4] 1188 	add	a, a
    00000365 DD 77 FE         [19] 1189 	ld	-2 (ix), a
    00000368 DD 7E FF         [19] 1190 	ld	a, -1 (ix)
    0000036B DD B6 FE         [19] 1191 	or	a, -2 (ix)
    0000036E 6F               [ 4] 1192 	ld	l, a
    0000036F DD B6 FD         [19] 1193 	or	a, -3 (ix)
    00000372 DD 77 FF         [19] 1194 	ld	-1 (ix), a
    00000375 B3               [ 4] 1195 	or	a, e
    00000376 E5               [11] 1196 	push	hl
    00000377 32r2Er00         [13] 1197 	ld	(#(_g_PrintData + 46)), a
    0000037A E1               [10] 1198 	pop	hl
                                   1199 ;C:\Users\Jummy\Downloads\MSXgl-1.5.0b\engine/src/print.c:364: PRINT_DATA.Buffer[ 5] = (b << 6) | (t << 4) | (b << 2) | t;	// [ 0, 1, 0, 1 ]
    0000037B DD 7E FF         [19] 1200 	ld	a, -1 (ix)
    0000037E B1               [ 4] 1201 	or	a, c
    0000037F E5               [11] 1202 	push	hl
    00000380 32r2Fr00         [13] 1203 	ld	(#(_g_PrintData + 47)), a
    00000383 E1               [10] 1204 	pop	hl
                                   1205 ;C:\Users\Jummy\Downloads\MSXgl-1.5.0b\engine/src/print.c:365: PRINT_DATA.Buffer[ 6] = (b << 6) | (t << 4) | (t << 2) | b;	// [ 0, 1, 1, 0 ]
    00000384 7D               [ 4] 1206 	ld	a, l
    00000385 B0               [ 4] 1207 	or	a, b
    00000386 57               [ 4] 1208 	ld	d, a
    00000387 B3               [ 4] 1209 	or	a, e
    00000388 21r30r00         [10] 1210 	ld	hl, #(_g_PrintData + 48)
    0000038B 77               [ 7] 1211 	ld	(hl), a
                                   1212 ;C:\Users\Jummy\Downloads\MSXgl-1.5.0b\engine/src/print.c:366: PRINT_DATA.Buffer[ 7] = (b << 6) | (t << 4) | (t << 2) | t;	// [ 0, 1, 1, 1 ]
    0000038C 23               [ 6] 1213 	inc	hl
    0000038D 7A               [ 4] 1214 	ld	a, d
    0000038E B1               [ 4] 1215 	or	a, c
    0000038F 77               [ 7] 1216 	ld	(hl), a
                                   1217 ;C:\Users\Jummy\Downloads\MSXgl-1.5.0b\engine/src/print.c:367: PRINT_DATA.Buffer[ 8] = (t << 6) | (b << 4) | (b << 2) | b;	// [ 1, 0, 0, 0 ]
    00000390 79               [ 4] 1218 	ld	a, c
    00000391 0F               [ 4] 1219 	rrca
    00000392 0F               [ 4] 1220 	rrca
    00000393 E6 C0            [ 7] 1221 	and	a, #0xc0
    00000395 57               [ 4] 1222 	ld	d, a
    00000396 DD B6 FC         [19] 1223 	or	a, -4 (ix)
    00000399 6F               [ 4] 1224 	ld	l, a
    0000039A DD B6 FD         [19] 1225 	or	a, -3 (ix)
    0000039D DD 77 FF         [19] 1226 	ld	-1 (ix), a
    000003A0 B3               [ 4] 1227 	or	a, e
    000003A1 E5               [11] 1228 	push	hl
    000003A2 32r32r00         [13] 1229 	ld	(#(_g_PrintData + 50)), a
    000003A5 E1               [10] 1230 	pop	hl
                                   1231 ;C:\Users\Jummy\Downloads\MSXgl-1.5.0b\engine/src/print.c:368: PRINT_DATA.Buffer[ 9] = (t << 6) | (b << 4) | (b << 2) | t;	// [ 1, 0, 0, 1 ]
    000003A6 DD 7E FF         [19] 1232 	ld	a, -1 (ix)
    000003A9 B1               [ 4] 1233 	or	a, c
    000003AA E5               [11] 1234 	push	hl
    000003AB 32r33r00         [13] 1235 	ld	(#(_g_PrintData + 51)), a
    000003AE E1               [10] 1236 	pop	hl
                                   1237 ;C:\Users\Jummy\Downloads\MSXgl-1.5.0b\engine/src/print.c:369: PRINT_DATA.Buffer[10] = (t << 6) | (b << 4) | (t << 2) | b;	// [ 1, 0, 1, 0 ]
    000003AF 7D               [ 4] 1238 	ld	a, l
    000003B0 B0               [ 4] 1239 	or	a, b
    000003B1 6F               [ 4] 1240 	ld	l, a
    000003B2 B3               [ 4] 1241 	or	a, e
    000003B3 E5               [11] 1242 	push	hl
    000003B4 32r34r00         [13] 1243 	ld	(#(_g_PrintData + 52)), a
    000003B7 E1               [10] 1244 	pop	hl
                                   1245 ;C:\Users\Jummy\Downloads\MSXgl-1.5.0b\engine/src/print.c:370: PRINT_DATA.Buffer[11] = (t << 6) | (b << 4) | (t << 2) | t;	// [ 1, 0, 1, 1 ]
    000003B8 7D               [ 4] 1246 	ld	a, l
    000003B9 B1               [ 4] 1247 	or	a, c
    000003BA 21r35r00         [10] 1248 	ld	hl, #(_g_PrintData + 53)
    000003BD 77               [ 7] 1249 	ld	(hl), a
                                   1250 ;C:\Users\Jummy\Downloads\MSXgl-1.5.0b\engine/src/print.c:371: PRINT_DATA.Buffer[12] = (t << 6) | (t << 4) | (b << 2) | b;	// [ 1, 1, 0, 0 ]
    000003BE 7A               [ 4] 1251 	ld	a, d
    000003BF DD B6 FE         [19] 1252 	or	a, -2 (ix)
    000003C2 57               [ 4] 1253 	ld	d, a
    000003C3 DD B6 FD         [19] 1254 	or	a, -3 (ix)
    000003C6 6F               [ 4] 1255 	ld	l, a
    000003C7 B3               [ 4] 1256 	or	a, e
    000003C8 E5               [11] 1257 	push	hl
    000003C9 32r36r00         [13] 1258 	ld	(#(_g_PrintData + 54)), a
    000003CC E1               [10] 1259 	pop	hl
                                   1260 ;C:\Users\Jummy\Downloads\MSXgl-1.5.0b\engine/src/print.c:372: PRINT_DATA.Buffer[13] = (t << 6) | (t << 4) | (b << 2) | t;	// [ 1, 1, 0, 1 ]
    000003CD 7D               [ 4] 1261 	ld	a, l
    000003CE B1               [ 4] 1262 	or	a, c
    000003CF 21r37r00         [10] 1263 	ld	hl, #(_g_PrintData + 55)
    000003D2 77               [ 7] 1264 	ld	(hl), a
                                   1265 ;C:\Users\Jummy\Downloads\MSXgl-1.5.0b\engine/src/print.c:373: PRINT_DATA.Buffer[14] = (t << 6) | (t << 4) | (t << 2) | b;	// [ 1, 1, 1, 0 ]
    000003D3 23               [ 6] 1266 	inc	hl
    000003D4 78               [ 4] 1267 	ld	a, b
    000003D5 B2               [ 4] 1268 	or	a, d
    000003D6 47               [ 4] 1269 	ld	b, a
    000003D7 B3               [ 4] 1270 	or	a, e
    000003D8 77               [ 7] 1271 	ld	(hl), a
                                   1272 ;C:\Users\Jummy\Downloads\MSXgl-1.5.0b\engine/src/print.c:374: PRINT_DATA.Buffer[15] = (t << 6) | (t << 4) | (t << 2) | t;	// [ 1, 1, 1, 1 ]
    000003D9 23               [ 6] 1273 	inc	hl
    000003DA 78               [ 4] 1274 	ld	a, b
    000003DB B1               [ 4] 1275 	or	a, c
    000003DC 77               [ 7] 1276 	ld	(hl), a
                                   1277 ;C:\Users\Jummy\Downloads\MSXgl-1.5.0b\engine/src/print.c:375: break;
    000003DD C3rF2r03         [10] 1278 	jp	00107$
                                   1279 ;C:\Users\Jummy\Downloads\MSXgl-1.5.0b\engine/src/print.c:378: case VDP_MODE_GRAPHIC7:
    000003E0                       1280 00104$:
                                   1281 ;C:\Users\Jummy\Downloads\MSXgl-1.5.0b\engine/src/print.c:379: PRINT_DATA.Buffer[0] = b;	// [ 0, 0 ]
    000003E0 21r2Ar00         [10] 1282 	ld	hl, #(_g_PrintData + 42)
    000003E3 73               [ 7] 1283 	ld	(hl), e
                                   1284 ;C:\Users\Jummy\Downloads\MSXgl-1.5.0b\engine/src/print.c:380: PRINT_DATA.Buffer[1] = b;
    000003E4 23               [ 6] 1285 	inc	hl
    000003E5 73               [ 7] 1286 	ld	(hl), e
                                   1287 ;C:\Users\Jummy\Downloads\MSXgl-1.5.0b\engine/src/print.c:381: PRINT_DATA.Buffer[2] = b;	// [ 0, 1 ]
    000003E6 23               [ 6] 1288 	inc	hl
    000003E7 73               [ 7] 1289 	ld	(hl), e
                                   1290 ;C:\Users\Jummy\Downloads\MSXgl-1.5.0b\engine/src/print.c:382: PRINT_DATA.Buffer[3] = t;
    000003E8 23               [ 6] 1291 	inc	hl
    000003E9 71               [ 7] 1292 	ld	(hl), c
                                   1293 ;C:\Users\Jummy\Downloads\MSXgl-1.5.0b\engine/src/print.c:383: PRINT_DATA.Buffer[4] = t;	// [ 1, 0 ]
    000003EA 23               [ 6] 1294 	inc	hl
    000003EB 71               [ 7] 1295 	ld	(hl), c
                                   1296 ;C:\Users\Jummy\Downloads\MSXgl-1.5.0b\engine/src/print.c:384: PRINT_DATA.Buffer[5] = b;
    000003EC 23               [ 6] 1297 	inc	hl
    000003ED 73               [ 7] 1298 	ld	(hl), e
                                   1299 ;C:\Users\Jummy\Downloads\MSXgl-1.5.0b\engine/src/print.c:385: PRINT_DATA.Buffer[6] = t;	// [ 1, 1 ]
    000003EE 23               [ 6] 1300 	inc	hl
    000003EF 71               [ 7] 1301 	ld	(hl), c
                                   1302 ;C:\Users\Jummy\Downloads\MSXgl-1.5.0b\engine/src/print.c:386: PRINT_DATA.Buffer[7] = t;
    000003F0 23               [ 6] 1303 	inc	hl
    000003F1 71               [ 7] 1304 	ld	(hl), c
                                   1305 ;C:\Users\Jummy\Downloads\MSXgl-1.5.0b\engine/src/print.c:389: }	
    000003F2                       1306 00107$:
                                   1307 ;C:\Users\Jummy\Downloads\MSXgl-1.5.0b\engine/src/print.c:390: }
    000003F2 DD F9            [10] 1308 	ld	sp, ix
    000003F4 DD E1            [14] 1309 	pop	ix
    000003F6 C9               [10] 1310 	ret
                                   1311 ;C:\Users\Jummy\Downloads\MSXgl-1.5.0b\engine/src/print.c:397: void Print_SetColor(u8 text, u8 bg)
                                   1312 ;	---------------------------------
                                   1313 ; Function Print_SetColor
                                   1314 ; ---------------------------------
    000003F7                       1315 _Print_SetColor::
    000003F7 DD E5            [15] 1316 	push	ix
    000003F9 DD 21 00 00      [14] 1317 	ld	ix,	#0
    000003FD DD 39            [15] 1318 	add	ix, sp
    000003FF F5               [11] 1319 	push	af
    00000400 4F               [ 4] 1320 	ld	c, a
    00000401 DD 75 FF         [19] 1321 	ld	-1 (ix), l
                                   1322 ;C:\Users\Jummy\Downloads\MSXgl-1.5.0b\engine/src/vdp.h:483: inline u8 VDP_GetMode() { return g_VDP_Data.Mode; }
    00000404 11r00r00         [10] 1323 	ld	de, #_g_VDP_Data+0
    00000407 1A               [ 7] 1324 	ld	a, (de)
    00000408 DD 77 FE         [19] 1325 	ld	-2 (ix), a
                                   1326 ;C:\Users\Jummy\Downloads\MSXgl-1.5.0b\engine/src/vdp.h:499: return mode >= VDP_MODE_GRAPHIC4;
    0000040B 47               [ 4] 1327 	ld	b, a
    0000040C D6 06            [ 7] 1328 	sub	a, #0x06
    0000040E 3E 00            [ 7] 1329 	ld	a, #0x00
    00000410 17               [ 4] 1330 	rla
                                   1331 ;C:\Users\Jummy\Downloads\MSXgl-1.5.0b\engine/src/print.c:399: if (VDP_IsBitmapMode(VDP_GetMode())) // Bitmap mode
    00000411 EE 01            [ 7] 1332 	xor	a,#0x01
    00000413 28 2C            [12] 1333 	jr	z, 00109$
                                   1334 ;C:\Users\Jummy\Downloads\MSXgl-1.5.0b\engine/src/print.c:404: t = Print_SplitColor(t);
    00000415 79               [ 4] 1335 	ld	a, c
    00000416 CDr00r00         [17] 1336 	call	_Print_SplitColor
    00000419 4F               [ 4] 1337 	ld	c, a
                                   1338 ;C:\Users\Jummy\Downloads\MSXgl-1.5.0b\engine/src/print.c:409: for (u8 i = 0; i < PRINT_COLOR_NUM; ++i)
    0000041A 1E 00            [ 7] 1339 	ld	e, #0x00
    0000041C                       1340 00116$:
    0000041C 7B               [ 4] 1341 	ld	a, e
    0000041D D6 0C            [ 7] 1342 	sub	a, #0x0c
    0000041F 30 0B            [12] 1343 	jr	nc, 00101$
                                   1344 ;C:\Users\Jummy\Downloads\MSXgl-1.5.0b\engine/src/print.c:411: PRINT_DATA.TextColor[i] = t;
    00000421 21r08r00         [10] 1345 	ld	hl, #(_g_PrintData + 8)
    00000424 16 00            [ 7] 1346 	ld	d, #0x00
    00000426 19               [11] 1347 	add	hl, de
    00000427 71               [ 7] 1348 	ld	(hl), c
                                   1349 ;C:\Users\Jummy\Downloads\MSXgl-1.5.0b\engine/src/print.c:409: for (u8 i = 0; i < PRINT_COLOR_NUM; ++i)
    00000428 1C               [ 4] 1350 	inc	e
    00000429 C3r1Cr04         [10] 1351 	jp	00116$
    0000042C                       1352 00101$:
                                   1353 ;C:\Users\Jummy\Downloads\MSXgl-1.5.0b\engine/src/print.c:417: b = Print_SplitColor(b);
    0000042C C5               [11] 1354 	push	bc
    0000042D DD 7E FF         [19] 1355 	ld	a, -1 (ix)
    00000430 CDr00r00         [17] 1356 	call	_Print_SplitColor
    00000433 5F               [ 4] 1357 	ld	e, a
    00000434 C1               [10] 1358 	pop	bc
                                   1359 ;C:\Users\Jummy\Downloads\MSXgl-1.5.0b\engine/src/print.c:419: PRINT_DATA.BGColor = b;
    00000435 21r14r00         [10] 1360 	ld	hl, #(_g_PrintData + 20)
    00000438 73               [ 7] 1361 	ld	(hl), e
                                   1362 ;C:\Users\Jummy\Downloads\MSXgl-1.5.0b\engine/src/print.c:421: Print_InitColorBuffer(t, b);
    00000439 6B               [ 4] 1363 	ld	l, e
    0000043A 79               [ 4] 1364 	ld	a, c
    0000043B CDrD9r02         [17] 1365 	call	_Print_InitColorBuffer
    0000043E C3rDEr04         [10] 1366 	jp	00118$
    00000441                       1367 00109$:
                                   1368 ;C:\Users\Jummy\Downloads\MSXgl-1.5.0b\engine/src/print.c:427: u8 col = text << 4 | bg;
    00000441 79               [ 4] 1369 	ld	a, c
    00000442 87               [ 4] 1370 	add	a, a
    00000443 87               [ 4] 1371 	add	a, a
    00000444 87               [ 4] 1372 	add	a, a
    00000445 87               [ 4] 1373 	add	a, a
    00000446 DD B6 FF         [19] 1374 	or	a, -1 (ix)
    00000449 4F               [ 4] 1375 	ld	c, a
                                   1376 ;C:\Users\Jummy\Downloads\MSXgl-1.5.0b\engine/src/print.c:428: switch (VDP_GetMode())
    0000044A DD 7E FE         [19] 1377 	ld	a, -2 (ix)
    0000044D B7               [ 4] 1378 	or	a, a
    0000044E 28 1F            [12] 1379 	jr	z, 00103$
    00000450 DD 7E FE         [19] 1380 	ld	a, -2 (ix)
    00000453 D6 02            [ 7] 1381 	sub	a, #0x02
    00000455 28 21            [12] 1382 	jr	z, 00104$
    00000457 DD 7E FE         [19] 1383 	ld	a, -2 (ix)
    0000045A D6 03            [ 7] 1384 	sub	a, #0x03
    0000045C 28 2C            [12] 1385 	jr	z, 00106$
    0000045E DD 7E FE         [19] 1386 	ld	a, -2 (ix)
    00000461 D6 04            [ 7] 1387 	sub	a, #0x04
    00000463 28 0A            [12] 1388 	jr	z, 00103$
    00000465 DD 7E FE         [19] 1389 	ld	a, -2 (ix)
    00000468 D6 05            [ 7] 1390 	sub	a, #0x05
    0000046A 28 1E            [12] 1391 	jr	z, 00106$
    0000046C C3rDEr04         [10] 1392 	jp	00118$
                                   1393 ;C:\Users\Jummy\Downloads\MSXgl-1.5.0b\engine/src/print.c:434: case VDP_MODE_TEXT2:		// 80 characters per line of text, character blinkable selection
    0000046F                       1394 00103$:
                                   1395 ;C:\Users\Jummy\Downloads\MSXgl-1.5.0b\engine/src/vdp.h:724: inline void VDP_SetColor(u8 color) { VDP_RegWrite(7, color); }
    0000046F 69               [ 4] 1396 	ld	l, c
    00000470 3E 07            [ 7] 1397 	ld	a, #0x07
    00000472 CDr00r00         [17] 1398 	call	_VDP_RegWrite
                                   1399 ;C:\Users\Jummy\Downloads\MSXgl-1.5.0b\engine/src/print.c:438: break;
    00000475 C3rDEr04         [10] 1400 	jp	00118$
                                   1401 ;C:\Users\Jummy\Downloads\MSXgl-1.5.0b\engine/src/print.c:441: case VDP_MODE_GRAPHIC1:		// 32 characters per one line of text, the COLOURed character available
    00000478                       1402 00104$:
                                   1403 ;C:\Users\Jummy\Downloads\MSXgl-1.5.0b\engine/src/print.c:442: VDP_FillVRAM(col, g_ScreenColorLow, 0, 32);
    00000478 21 20 00         [10] 1404 	ld	hl, #0x0020
    0000047B E5               [11] 1405 	push	hl
    0000047C AF               [ 4] 1406 	xor	a, a
    0000047D F5               [11] 1407 	push	af
    0000047E 33               [ 6] 1408 	inc	sp
    0000047F ED 5Br00r00      [20] 1409 	ld	de, (_g_ScreenColorLow)
    00000483 79               [ 4] 1410 	ld	a, c
    00000484 CDr00r00         [17] 1411 	call	_VDP_FillVRAM_128K
                                   1412 ;C:\Users\Jummy\Downloads\MSXgl-1.5.0b\engine/src/print.c:443: break;
    00000487 C3rDEr04         [10] 1413 	jp	00118$
                                   1414 ;C:\Users\Jummy\Downloads\MSXgl-1.5.0b\engine/src/print.c:449: case VDP_MODE_GRAPHIC3:		// GRAPHIC 2 which can use sprite mode 2
    0000048A                       1415 00106$:
                                   1416 ;C:\Users\Jummy\Downloads\MSXgl-1.5.0b\engine/src/print.c:453: u16 dst = (u16)g_ScreenColorLow + PRINT_DATA.PatternOffset * 8;
    0000048A 21r25r00         [10] 1417 	ld	hl, #_g_PrintData + 37
    0000048D 6E               [ 7] 1418 	ld	l, (hl)
    0000048E 26 00            [ 7] 1419 	ld	h, #0x00
    00000490 29               [11] 1420 	add	hl, hl
    00000491 29               [11] 1421 	add	hl, hl
    00000492 29               [11] 1422 	add	hl, hl
    00000493 ED 5Br00r00      [20] 1423 	ld	de, (_g_ScreenColorLow)
    00000497 19               [11] 1424 	add	hl, de
    00000498 EB               [ 4] 1425 	ex	de, hl
                                   1426 ;C:\Users\Jummy\Downloads\MSXgl-1.5.0b\engine/src/print.c:454: VDP_FillVRAM(col, dst, 0, PRINT_DATA.CharCount * 8);
    00000499 21r17r00         [10] 1427 	ld	hl, #(_g_PrintData + 23)
    0000049C 6E               [ 7] 1428 	ld	l, (hl)
    0000049D 26 00            [ 7] 1429 	ld	h, #0x00
    0000049F 29               [11] 1430 	add	hl, hl
    000004A0 29               [11] 1431 	add	hl, hl
    000004A1 29               [11] 1432 	add	hl, hl
    000004A2 C5               [11] 1433 	push	bc
    000004A3 D5               [11] 1434 	push	de
    000004A4 E5               [11] 1435 	push	hl
    000004A5 AF               [ 4] 1436 	xor	a, a
    000004A6 F5               [11] 1437 	push	af
    000004A7 33               [ 6] 1438 	inc	sp
    000004A8 79               [ 4] 1439 	ld	a, c
    000004A9 CDr00r00         [17] 1440 	call	_VDP_FillVRAM_128K
    000004AC D1               [10] 1441 	pop	de
    000004AD C1               [10] 1442 	pop	bc
                                   1443 ;C:\Users\Jummy\Downloads\MSXgl-1.5.0b\engine/src/print.c:455: dst += 256 * 8;
    000004AE 21 00 08         [10] 1444 	ld	hl, #0x0800
    000004B1 19               [11] 1445 	add	hl, de
    000004B2 EB               [ 4] 1446 	ex	de, hl
                                   1447 ;C:\Users\Jummy\Downloads\MSXgl-1.5.0b\engine/src/print.c:456: VDP_FillVRAM(col, dst, 0, PRINT_DATA.CharCount * 8);
    000004B3 21r17r00         [10] 1448 	ld	hl, #(_g_PrintData + 23)
    000004B6 6E               [ 7] 1449 	ld	l, (hl)
    000004B7 26 00            [ 7] 1450 	ld	h, #0x00
    000004B9 29               [11] 1451 	add	hl, hl
    000004BA 29               [11] 1452 	add	hl, hl
    000004BB 29               [11] 1453 	add	hl, hl
    000004BC C5               [11] 1454 	push	bc
    000004BD D5               [11] 1455 	push	de
    000004BE E5               [11] 1456 	push	hl
    000004BF AF               [ 4] 1457 	xor	a, a
    000004C0 F5               [11] 1458 	push	af
    000004C1 33               [ 6] 1459 	inc	sp
    000004C2 79               [ 4] 1460 	ld	a, c
    000004C3 CDr00r00         [17] 1461 	call	_VDP_FillVRAM_128K
    000004C6 D1               [10] 1462 	pop	de
    000004C7 C1               [10] 1463 	pop	bc
                                   1464 ;C:\Users\Jummy\Downloads\MSXgl-1.5.0b\engine/src/print.c:457: dst += 256 * 8;
    000004C8 21 00 08         [10] 1465 	ld	hl, #0x0800
    000004CB 19               [11] 1466 	add	hl, de
    000004CC EB               [ 4] 1467 	ex	de, hl
                                   1468 ;C:\Users\Jummy\Downloads\MSXgl-1.5.0b\engine/src/print.c:458: VDP_FillVRAM(col, dst, 0, PRINT_DATA.CharCount * 8);
    000004CD 21r17r00         [10] 1469 	ld	hl, #(_g_PrintData + 23)
    000004D0 6E               [ 7] 1470 	ld	l, (hl)
    000004D1 26 00            [ 7] 1471 	ld	h, #0x00
    000004D3 29               [11] 1472 	add	hl, hl
    000004D4 29               [11] 1473 	add	hl, hl
    000004D5 29               [11] 1474 	add	hl, hl
    000004D6 E5               [11] 1475 	push	hl
    000004D7 AF               [ 4] 1476 	xor	a, a
    000004D8 F5               [11] 1477 	push	af
    000004D9 33               [ 6] 1478 	inc	sp
    000004DA 79               [ 4] 1479 	ld	a, c
    000004DB CDr00r00         [17] 1480 	call	_VDP_FillVRAM_128K
                                   1481 ;C:\Users\Jummy\Downloads\MSXgl-1.5.0b\engine/src/print.c:462: };
    000004DE                       1482 00118$:
                                   1483 ;C:\Users\Jummy\Downloads\MSXgl-1.5.0b\engine/src/print.c:465: }
    000004DE DD F9            [10] 1484 	ld	sp, ix
    000004E0 DD E1            [14] 1485 	pop	ix
    000004E2 C9               [10] 1486 	ret
                                   1487 ;C:\Users\Jummy\Downloads\MSXgl-1.5.0b\engine/src/print.c:470: void Print_SetColorShade(const u8* shade)
                                   1488 ;	---------------------------------
                                   1489 ; Function Print_SetColorShade
                                   1490 ; ---------------------------------
    000004E3                       1491 _Print_SetColorShade::
    000004E3 DD E5            [15] 1492 	push	ix
    000004E5 DD 21 00 00      [14] 1493 	ld	ix,	#0
    000004E9 DD 39            [15] 1494 	add	ix, sp
    000004EB 3B               [ 6] 1495 	dec	sp
    000004EC 4D               [ 4] 1496 	ld	c, l
    000004ED 44               [ 4] 1497 	ld	b, h
                                   1498 ;C:\Users\Jummy\Downloads\MSXgl-1.5.0b\engine/src/vdp.h:483: inline u8 VDP_GetMode() { return g_VDP_Data.Mode; }
    000004EE 21r00r00         [10] 1499 	ld	hl, #_g_VDP_Data+0
    000004F1 5E               [ 7] 1500 	ld	e, (hl)
                                   1501 ;C:\Users\Jummy\Downloads\MSXgl-1.5.0b\engine/src/vdp.h:499: return mode >= VDP_MODE_GRAPHIC4;
    000004F2 7B               [ 4] 1502 	ld	a, e
    000004F3 D6 06            [ 7] 1503 	sub	a, #0x06
    000004F5 3E 00            [ 7] 1504 	ld	a, #0x00
    000004F7 17               [ 4] 1505 	rla
                                   1506 ;C:\Users\Jummy\Downloads\MSXgl-1.5.0b\engine/src/print.c:472: if (VDP_IsBitmapMode(VDP_GetMode())) // Bitmap mode
    000004F8 EE 01            [ 7] 1507 	xor	a,#0x01
    000004FA 28 24            [12] 1508 	jr	z, 00107$
                                   1509 ;C:\Users\Jummy\Downloads\MSXgl-1.5.0b\engine/src/print.c:475: for (u8 i = 0; i < PRINT_COLOR_NUM; ++i)
    000004FC 16 00            [ 7] 1510 	ld	d, #0x00
    000004FE                       1511 00113$:
    000004FE 7A               [ 4] 1512 	ld	a, d
    000004FF D6 0C            [ 7] 1513 	sub	a, #0x0c
    00000501 D2r8Br05         [10] 1514 	jp	nc, 00118$
                                   1515 ;C:\Users\Jummy\Downloads\MSXgl-1.5.0b\engine/src/print.c:477: u8 t = shade[i];
    00000504 6A               [ 4] 1516 	ld	l, d
    00000505 26 00            [ 7] 1517 	ld	h, #0x00
    00000507 09               [11] 1518 	add	hl, bc
    00000508 7E               [ 7] 1519 	ld	a, (hl)
                                   1520 ;C:\Users\Jummy\Downloads\MSXgl-1.5.0b\engine/src/print.c:479: t = Print_SplitColor(t);
    00000509 C5               [11] 1521 	push	bc
    0000050A D5               [11] 1522 	push	de
    0000050B CDr00r00         [17] 1523 	call	_Print_SplitColor
    0000050E 5F               [ 4] 1524 	ld	e, a
    0000050F F1               [10] 1525 	pop	af
    00000510 57               [ 4] 1526 	ld	d, a
    00000511 C1               [10] 1527 	pop	bc
                                   1528 ;C:\Users\Jummy\Downloads\MSXgl-1.5.0b\engine/src/print.c:481: PRINT_DATA.TextColor[i] = t;
    00000512 3Er08            [ 7] 1529 	ld	a, #<((_g_PrintData + 8))
    00000514 82               [ 4] 1530 	add	a, d
    00000515 6F               [ 4] 1531 	ld	l, a
    00000516 3Es00            [ 7] 1532 	ld	a, #>((_g_PrintData + 8))
    00000518 CE 00            [ 7] 1533 	adc	a, #0x00
    0000051A 67               [ 4] 1534 	ld	h, a
    0000051B 73               [ 7] 1535 	ld	(hl), e
                                   1536 ;C:\Users\Jummy\Downloads\MSXgl-1.5.0b\engine/src/print.c:475: for (u8 i = 0; i < PRINT_COLOR_NUM; ++i)
    0000051C 14               [ 4] 1537 	inc	d
    0000051D C3rFEr04         [10] 1538 	jp	00113$
    00000520                       1539 00107$:
                                   1540 ;C:\Users\Jummy\Downloads\MSXgl-1.5.0b\engine/src/print.c:488: switch (VDP_GetMode())
    00000520 7B               [ 4] 1541 	ld	a, e
    00000521 FE 03            [ 7] 1542 	cp	a, #0x03
    00000523 28 04            [12] 1543 	jr	z, 00103$
    00000525 D6 05            [ 7] 1544 	sub	a, #0x05
    00000527 20 62            [12] 1545 	jr	nz, 00118$
                                   1546 ;C:\Users\Jummy\Downloads\MSXgl-1.5.0b\engine/src/print.c:494: case VDP_MODE_GRAPHIC3:		// GRAPHIC 2 which can use sprite mode 2
    00000529                       1547 00103$:
                                   1548 ;C:\Users\Jummy\Downloads\MSXgl-1.5.0b\engine/src/print.c:498: u16 dst = (u16)g_ScreenColorLow + PRINT_DATA.PatternOffset * 8;
    00000529 21r25r00         [10] 1549 	ld	hl, #_g_PrintData + 37
    0000052C 6E               [ 7] 1550 	ld	l, (hl)
    0000052D 26 00            [ 7] 1551 	ld	h, #0x00
    0000052F 29               [11] 1552 	add	hl, hl
    00000530 29               [11] 1553 	add	hl, hl
    00000531 29               [11] 1554 	add	hl, hl
    00000532 ED 5Br00r00      [20] 1555 	ld	de, (_g_ScreenColorLow)
    00000536 19               [11] 1556 	add	hl, de
    00000537 EB               [ 4] 1557 	ex	de, hl
                                   1558 ;C:\Users\Jummy\Downloads\MSXgl-1.5.0b\engine/src/print.c:499: for (u8 i = 0; i < PRINT_DATA.CharCount; ++i)
    00000538 DD 36 FF 00      [19] 1559 	ld	-1 (ix), #0x00
    0000053C                       1560 00116$:
    0000053C 21r17r00         [10] 1561 	ld	hl, #_g_PrintData + 23
    0000053F DD 7E FF         [19] 1562 	ld	a,-1 (ix)
    00000542 96               [ 7] 1563 	sub	a,(hl)
    00000543 30 46            [12] 1564 	jr	nc, 00118$
                                   1565 ;C:\Users\Jummy\Downloads\MSXgl-1.5.0b\engine/src/print.c:501: VDP_WriteVRAM(shade, dst,           0, 8);
    00000545 C5               [11] 1566 	push	bc
    00000546 D5               [11] 1567 	push	de
    00000547 21 08 00         [10] 1568 	ld	hl, #0x0008
    0000054A E5               [11] 1569 	push	hl
    0000054B AF               [ 4] 1570 	xor	a, a
    0000054C F5               [11] 1571 	push	af
    0000054D 33               [ 6] 1572 	inc	sp
    0000054E 69               [ 4] 1573 	ld	l, c
    0000054F 60               [ 4] 1574 	ld	h, b
    00000550 CDr00r00         [17] 1575 	call	_VDP_WriteVRAM_128K
    00000553 D1               [10] 1576 	pop	de
    00000554 C1               [10] 1577 	pop	bc
                                   1578 ;C:\Users\Jummy\Downloads\MSXgl-1.5.0b\engine/src/print.c:502: VDP_WriteVRAM(shade, dst + 256 * 8, 0, 8);
    00000555 EB               [ 4] 1579 	ex	de, hl
    00000556 5D               [ 4] 1580 	ld	e, l
    00000557 7C               [ 4] 1581 	ld	a, h
    00000558 C6 08            [ 7] 1582 	add	a, #0x08
    0000055A 57               [ 4] 1583 	ld	d, a
    0000055B E5               [11] 1584 	push	hl
    0000055C C5               [11] 1585 	push	bc
    0000055D 21 08 00         [10] 1586 	ld	hl, #0x0008
    00000560 E5               [11] 1587 	push	hl
    00000561 AF               [ 4] 1588 	xor	a, a
    00000562 F5               [11] 1589 	push	af
    00000563 33               [ 6] 1590 	inc	sp
    00000564 69               [ 4] 1591 	ld	l, c
    00000565 60               [ 4] 1592 	ld	h, b
    00000566 CDr00r00         [17] 1593 	call	_VDP_WriteVRAM_128K
    00000569 C1               [10] 1594 	pop	bc
    0000056A E1               [10] 1595 	pop	hl
                                   1596 ;C:\Users\Jummy\Downloads\MSXgl-1.5.0b\engine/src/print.c:503: VDP_WriteVRAM(shade, dst + 512 * 8, 0, 8);
    0000056B 5D               [ 4] 1597 	ld	e, l
    0000056C 7C               [ 4] 1598 	ld	a, h
    0000056D C6 10            [ 7] 1599 	add	a, #0x10
    0000056F 57               [ 4] 1600 	ld	d, a
    00000570 E5               [11] 1601 	push	hl
    00000571 C5               [11] 1602 	push	bc
    00000572 21 08 00         [10] 1603 	ld	hl, #0x0008
    00000575 E5               [11] 1604 	push	hl
    00000576 AF               [ 4] 1605 	xor	a, a
    00000577 F5               [11] 1606 	push	af
    00000578 33               [ 6] 1607 	inc	sp
    00000579 69               [ 4] 1608 	ld	l, c
    0000057A 60               [ 4] 1609 	ld	h, b
    0000057B CDr00r00         [17] 1610 	call	_VDP_WriteVRAM_128K
    0000057E C1               [10] 1611 	pop	bc
    0000057F E1               [10] 1612 	pop	hl
                                   1613 ;C:\Users\Jummy\Downloads\MSXgl-1.5.0b\engine/src/print.c:504: dst += 8;
    00000580 11 08 00         [10] 1614 	ld	de, #0x0008
    00000583 19               [11] 1615 	add	hl, de
    00000584 EB               [ 4] 1616 	ex	de, hl
                                   1617 ;C:\Users\Jummy\Downloads\MSXgl-1.5.0b\engine/src/print.c:499: for (u8 i = 0; i < PRINT_DATA.CharCount; ++i)
    00000585 DD 34 FF         [23] 1618 	inc	-1 (ix)
    00000588 C3r3Cr05         [10] 1619 	jp	00116$
                                   1620 ;C:\Users\Jummy\Downloads\MSXgl-1.5.0b\engine/src/print.c:509: };
    0000058B                       1621 00118$:
                                   1622 ;C:\Users\Jummy\Downloads\MSXgl-1.5.0b\engine/src/print.c:512: }
    0000058B 33               [ 6] 1623 	inc	sp
    0000058C DD E1            [14] 1624 	pop	ix
    0000058E C9               [10] 1625 	ret
                                   1626 ;C:\Users\Jummy\Downloads\MSXgl-1.5.0b\engine/src/print.c:526: u8 Print_ValidateChar(u8 chr)
                                   1627 ;	---------------------------------
                                   1628 ; Function Print_ValidateChar
                                   1629 ; ---------------------------------
    0000058F                       1630 _Print_ValidateChar::
    0000058F 4F               [ 4] 1631 	ld	c, a
                                   1632 ;C:\Users\Jummy\Downloads\MSXgl-1.5.0b\engine/src/print.c:528: if ((chr < PRINT_DATA.CharFirst) || (chr > PRINT_DATA.CharLast))
    00000590 21r15r00         [10] 1633 	ld	hl, #_g_PrintData + 21
    00000593 46               [ 7] 1634 	ld	b, (hl)
    00000594 79               [ 4] 1635 	ld	a, c
    00000595 90               [ 4] 1636 	sub	a, b
    00000596 38 06            [12] 1637 	jr	c, 00113$
    00000598 3Ar16r00         [13] 1638 	ld	a, (#_g_PrintData + 22)
    0000059B 91               [ 4] 1639 	sub	a, c
    0000059C 30 3B            [12] 1640 	jr	nc, 00114$
    0000059E                       1641 00113$:
                                   1642 ;C:\Users\Jummy\Downloads\MSXgl-1.5.0b\engine/src/print.c:530: if ((chr >= 'a') && (chr <= 'z') && (PRINT_DATA.CharFirst <= 'A') && (PRINT_DATA.CharLast >= 'Z')) // try to remap to upper case letter
    0000059E 79               [ 4] 1643 	ld	a, c
    0000059F D6 61            [ 7] 1644 	sub	a, #0x61
    000005A1 38 18            [12] 1645 	jr	c, 00108$
    000005A3 3E 7A            [ 7] 1646 	ld	a, #0x7a
    000005A5 91               [ 4] 1647 	sub	a, c
    000005A6 38 13            [12] 1648 	jr	c, 00108$
    000005A8 3E 41            [ 7] 1649 	ld	a, #0x41
    000005AA 90               [ 4] 1650 	sub	a, b
    000005AB 38 0E            [12] 1651 	jr	c, 00108$
    000005AD 3Ar16r00         [13] 1652 	ld	a, (#_g_PrintData + 22)
    000005B0 D6 5A            [ 7] 1653 	sub	a, #0x5a
    000005B2 38 07            [12] 1654 	jr	c, 00108$
                                   1655 ;C:\Users\Jummy\Downloads\MSXgl-1.5.0b\engine/src/print.c:532: chr = chr - 'a' + 'A';
    000005B4 79               [ 4] 1656 	ld	a, c
    000005B5 C6 E0            [ 7] 1657 	add	a, #0xe0
    000005B7 4F               [ 4] 1658 	ld	c, a
    000005B8 C3rD9r05         [10] 1659 	jp	00114$
    000005BB                       1660 00108$:
                                   1661 ;C:\Users\Jummy\Downloads\MSXgl-1.5.0b\engine/src/print.c:534: else if ((chr >= 'A') && (chr <= 'Z') && (PRINT_DATA.CharFirst <= 'a') && (PRINT_DATA.CharLast >= 'z')) // try to remap to lower case letter
    000005BB 79               [ 4] 1662 	ld	a, c
    000005BC D6 41            [ 7] 1663 	sub	a, #0x41
    000005BE 38 18            [12] 1664 	jr	c, 00102$
    000005C0 3E 5A            [ 7] 1665 	ld	a, #0x5a
    000005C2 91               [ 4] 1666 	sub	a, c
    000005C3 38 13            [12] 1667 	jr	c, 00102$
    000005C5 3E 61            [ 7] 1668 	ld	a, #0x61
    000005C7 90               [ 4] 1669 	sub	a, b
    000005C8 38 0E            [12] 1670 	jr	c, 00102$
    000005CA 3Ar16r00         [13] 1671 	ld	a, (#_g_PrintData + 22)
    000005CD D6 7A            [ 7] 1672 	sub	a, #0x7a
    000005CF 38 07            [12] 1673 	jr	c, 00102$
                                   1674 ;C:\Users\Jummy\Downloads\MSXgl-1.5.0b\engine/src/print.c:536: chr = chr - 'A' + 'a';
    000005D1 79               [ 4] 1675 	ld	a, c
    000005D2 C6 20            [ 7] 1676 	add	a, #0x20
    000005D4 4F               [ 4] 1677 	ld	c, a
    000005D5 C3rD9r05         [10] 1678 	jp	00114$
    000005D8                       1679 00102$:
                                   1680 ;C:\Users\Jummy\Downloads\MSXgl-1.5.0b\engine/src/print.c:539: chr = PRINT_DATA.CharFirst;
    000005D8 48               [ 4] 1681 	ld	c, b
    000005D9                       1682 00114$:
                                   1683 ;C:\Users\Jummy\Downloads\MSXgl-1.5.0b\engine/src/print.c:541: return chr;
    000005D9 79               [ 4] 1684 	ld	a, c
                                   1685 ;C:\Users\Jummy\Downloads\MSXgl-1.5.0b\engine/src/print.c:542: }
    000005DA C9               [10] 1686 	ret
                                   1687 ;C:\Users\Jummy\Downloads\MSXgl-1.5.0b\engine/src/print.c:547: u8 Print_ValidatePattern(u8 chr, const c8** patterns)
                                   1688 ;	---------------------------------
                                   1689 ; Function Print_ValidatePattern
                                   1690 ; ---------------------------------
    000005DB                       1691 _Print_ValidatePattern::
    000005DB DD E5            [15] 1692 	push	ix
    000005DD DD 21 00 00      [14] 1693 	ld	ix,	#0
    000005E1 DD 39            [15] 1694 	add	ix, sp
    000005E3 F5               [11] 1695 	push	af
    000005E4 47               [ 4] 1696 	ld	b, a
    000005E5 E1               [10] 1697 	pop	hl
    000005E6 D5               [11] 1698 	push	de
                                   1699 ;C:\Users\Jummy\Downloads\MSXgl-1.5.0b\engine/src/print.c:549: if ((chr < PRINT_DATA.CharFirst) || (chr > PRINT_DATA.CharLast))
    000005E7 21r15r00         [10] 1700 	ld	hl, #_g_PrintData + 21
    000005EA 4E               [ 7] 1701 	ld	c, (hl)
    000005EB 78               [ 4] 1702 	ld	a, b
    000005EC 91               [ 4] 1703 	sub	a, c
    000005ED 38 07            [12] 1704 	jr	c, 00113$
    000005EF 3Ar16r00         [13] 1705 	ld	a, (#_g_PrintData + 22)
    000005F2 90               [ 4] 1706 	sub	a, b
    000005F3 D2r7Br06         [10] 1707 	jp	nc, 00114$
    000005F6                       1708 00113$:
                                   1709 ;C:\Users\Jummy\Downloads\MSXgl-1.5.0b\engine/src/print.c:551: if ((chr >= 'a') && (chr <= 'z') && (PRINT_DATA.CharFirst <= 'A') && (PRINT_DATA.CharLast >= 'Z')) // try to remap to upper case letter
    000005F6 78               [ 4] 1710 	ld	a, b
    000005F7 D6 61            [ 7] 1711 	sub	a, #0x61
    000005F9 38 3A            [12] 1712 	jr	c, 00108$
    000005FB 3E 7A            [ 7] 1713 	ld	a, #0x7a
    000005FD 90               [ 4] 1714 	sub	a, b
    000005FE 38 35            [12] 1715 	jr	c, 00108$
    00000600 3E 41            [ 7] 1716 	ld	a, #0x41
    00000602 91               [ 4] 1717 	sub	a, c
    00000603 38 30            [12] 1718 	jr	c, 00108$
    00000605 3Ar16r00         [13] 1719 	ld	a, (#_g_PrintData + 22)
    00000608 D6 5A            [ 7] 1720 	sub	a, #0x5a
    0000060A 38 29            [12] 1721 	jr	c, 00108$
                                   1722 ;C:\Users\Jummy\Downloads\MSXgl-1.5.0b\engine/src/print.c:553: chr = chr - 'a' + 'A';
    0000060C 78               [ 4] 1723 	ld	a, b
    0000060D C6 E0            [ 7] 1724 	add	a, #0xe0
    0000060F 47               [ 4] 1725 	ld	b, a
                                   1726 ;C:\Users\Jummy\Downloads\MSXgl-1.5.0b\engine/src/print.c:554: *patterns = PRINT_DATA.FontPatterns + PRINT_DATA.PatternY * (chr - PRINT_DATA.CharFirst);
    00000610 ED 5Br1Dr00      [20] 1727 	ld	de, (#_g_PrintData + 29)
    00000614 21r01r00         [10] 1728 	ld	hl, #_g_PrintData + 1
    00000617 6E               [ 7] 1729 	ld	l, (hl)
    00000618 78               [ 4] 1730 	ld	a, b
    00000619 91               [ 4] 1731 	sub	a, c
    0000061A D5               [11] 1732 	push	de
    0000061B C5               [11] 1733 	push	bc
    0000061C 5F               [ 4] 1734 	ld	e, a
    0000061D 65               [ 4] 1735 	ld	h, l
    0000061E 2E 00            [ 7] 1736 	ld	l, #0x00
    00000620 55               [ 4] 1737 	ld	d, l
    00000621 06 08            [ 7] 1738 	ld	b, #0x08
    00000623                       1739 00190$:
    00000623 29               [11] 1740 	add	hl, hl
    00000624 30 01            [12] 1741 	jr	nc, 00191$
    00000626 19               [11] 1742 	add	hl, de
    00000627                       1743 00191$:
    00000627 10 FA            [13] 1744 	djnz	00190$
    00000629 C1               [10] 1745 	pop	bc
    0000062A D1               [10] 1746 	pop	de
    0000062B 19               [11] 1747 	add	hl, de
    0000062C EB               [ 4] 1748 	ex	de, hl
    0000062D E1               [10] 1749 	pop	hl
    0000062E E5               [11] 1750 	push	hl
    0000062F 73               [ 7] 1751 	ld	(hl), e
    00000630 23               [ 6] 1752 	inc	hl
    00000631 72               [ 7] 1753 	ld	(hl), d
    00000632 C3r7Br06         [10] 1754 	jp	00114$
    00000635                       1755 00108$:
                                   1756 ;C:\Users\Jummy\Downloads\MSXgl-1.5.0b\engine/src/print.c:556: else if ((chr >= 'A') && (chr <= 'Z') && (PRINT_DATA.CharFirst <= 'a') && (PRINT_DATA.CharLast >= 'z')) // try to remap to lower case letter
    00000635 78               [ 4] 1757 	ld	a, b
    00000636 D6 41            [ 7] 1758 	sub	a, #0x41
    00000638 38 3A            [12] 1759 	jr	c, 00102$
    0000063A 3E 5A            [ 7] 1760 	ld	a, #0x5a
    0000063C 90               [ 4] 1761 	sub	a, b
    0000063D 38 35            [12] 1762 	jr	c, 00102$
    0000063F 3E 61            [ 7] 1763 	ld	a, #0x61
    00000641 91               [ 4] 1764 	sub	a, c
    00000642 38 30            [12] 1765 	jr	c, 00102$
    00000644 3Ar16r00         [13] 1766 	ld	a, (#_g_PrintData + 22)
    00000647 D6 7A            [ 7] 1767 	sub	a, #0x7a
    00000649 38 29            [12] 1768 	jr	c, 00102$
                                   1769 ;C:\Users\Jummy\Downloads\MSXgl-1.5.0b\engine/src/print.c:558: chr = chr - 'A' + 'a';
    0000064B 78               [ 4] 1770 	ld	a, b
    0000064C C6 20            [ 7] 1771 	add	a, #0x20
    0000064E 47               [ 4] 1772 	ld	b, a
                                   1773 ;C:\Users\Jummy\Downloads\MSXgl-1.5.0b\engine/src/print.c:559: *patterns = PRINT_DATA.FontPatterns + PRINT_DATA.PatternY * (chr - PRINT_DATA.CharFirst);
    0000064F ED 5Br1Dr00      [20] 1774 	ld	de, (#_g_PrintData + 29)
    00000653 21r01r00         [10] 1775 	ld	hl, #_g_PrintData + 1
    00000656 6E               [ 7] 1776 	ld	l, (hl)
    00000657 78               [ 4] 1777 	ld	a, b
    00000658 91               [ 4] 1778 	sub	a, c
    00000659 D5               [11] 1779 	push	de
    0000065A C5               [11] 1780 	push	bc
    0000065B 5F               [ 4] 1781 	ld	e, a
    0000065C 65               [ 4] 1782 	ld	h, l
    0000065D 2E 00            [ 7] 1783 	ld	l, #0x00
    0000065F 55               [ 4] 1784 	ld	d, l
    00000660 06 08            [ 7] 1785 	ld	b, #0x08
    00000662                       1786 00192$:
    00000662 29               [11] 1787 	add	hl, hl
    00000663 30 01            [12] 1788 	jr	nc, 00193$
    00000665 19               [11] 1789 	add	hl, de
    00000666                       1790 00193$:
    00000666 10 FA            [13] 1791 	djnz	00192$
    00000668 C1               [10] 1792 	pop	bc
    00000669 D1               [10] 1793 	pop	de
    0000066A 19               [11] 1794 	add	hl, de
    0000066B EB               [ 4] 1795 	ex	de, hl
    0000066C E1               [10] 1796 	pop	hl
    0000066D E5               [11] 1797 	push	hl
    0000066E 73               [ 7] 1798 	ld	(hl), e
    0000066F 23               [ 6] 1799 	inc	hl
    00000670 72               [ 7] 1800 	ld	(hl), d
    00000671 C3r7Br06         [10] 1801 	jp	00114$
    00000674                       1802 00102$:
                                   1803 ;C:\Users\Jummy\Downloads\MSXgl-1.5.0b\engine/src/print.c:562: *patterns = g_PrintInvalid;
    00000674 E1               [10] 1804 	pop	hl
    00000675 36r00            [10] 1805 	ld	(hl), #<(_g_PrintInvalid)
    00000677 E5               [11] 1806 	push	hl
    00000678 23               [ 6] 1807 	inc	hl
    00000679 36s00            [10] 1808 	ld	(hl), #>(_g_PrintInvalid)
    0000067B                       1809 00114$:
                                   1810 ;C:\Users\Jummy\Downloads\MSXgl-1.5.0b\engine/src/print.c:564: return chr;
    0000067B 78               [ 4] 1811 	ld	a, b
                                   1812 ;C:\Users\Jummy\Downloads\MSXgl-1.5.0b\engine/src/print.c:565: }
    0000067C DD F9            [10] 1813 	ld	sp, ix
    0000067E DD E1            [14] 1814 	pop	ix
    00000680 C9               [10] 1815 	ret
                                   1816 ;C:\Users\Jummy\Downloads\MSXgl-1.5.0b\engine/src/print.c:579: void Print_SetBitmapFont(const u8* font)
                                   1817 ;	---------------------------------
                                   1818 ; Function Print_SetBitmapFont
                                   1819 ; ---------------------------------
    00000681                       1820 _Print_SetBitmapFont::
                                   1821 ;C:\Users\Jummy\Downloads\MSXgl-1.5.0b\engine/src/print.c:581: Print_SetFont(font);
    00000681 CDr00r02         [17] 1822 	call	_Print_SetFont
                                   1823 ;C:\Users\Jummy\Downloads\MSXgl-1.5.0b\engine/src/print.c:582: Print_SetMode(PRINT_MODE_BITMAP);
    00000684 AF               [ 4] 1824 	xor	a, a
    00000685 CDr79r01         [17] 1825 	call	_Print_SetMode
                                   1826 ;C:\Users\Jummy\Downloads\MSXgl-1.5.0b\engine/src/print.c:583: Print_Initialize();
                                   1827 ;C:\Users\Jummy\Downloads\MSXgl-1.5.0b\engine/src/print.c:584: }
    00000688 C3r94r00         [10] 1828 	jp	_Print_Initialize
                                   1829 ;C:\Users\Jummy\Downloads\MSXgl-1.5.0b\engine/src/print.c:590: void DrawChar_8B(u8 chr)
                                   1830 ;	---------------------------------
                                   1831 ; Function DrawChar_8B
                                   1832 ; ---------------------------------
    0000068B                       1833 _DrawChar_8B::
    0000068B DD E5            [15] 1834 	push	ix
    0000068D DD 21 00 00      [14] 1835 	ld	ix,	#0
    00000691 DD 39            [15] 1836 	add	ix, sp
    00000693 F5               [11] 1837 	push	af
    00000694 F5               [11] 1838 	push	af
    00000695 4F               [ 4] 1839 	ld	c, a
                                   1840 ;C:\Users\Jummy\Downloads\MSXgl-1.5.0b\engine/src/print.c:592: const u8* patterns = PRINT_DATA.FontAddr + chr * PRINT_H(PRINT_DATA.PatternY); // Get character patterns' base address
    00000696 ED 5Br1Fr00      [20] 1841 	ld	de, (#_g_PrintData + 31)
    0000069A 21r01r00         [10] 1842 	ld	hl, #(_g_PrintData + 1)
    0000069D 66               [ 7] 1843 	ld	h, (hl)
    0000069E D5               [11] 1844 	push	de
    0000069F 59               [ 4] 1845 	ld	e, c
    000006A0 2E 00            [ 7] 1846 	ld	l, #0x00
    000006A2 55               [ 4] 1847 	ld	d, l
    000006A3 06 08            [ 7] 1848 	ld	b, #0x08
    000006A5                       1849 00126$:
    000006A5 29               [11] 1850 	add	hl, hl
    000006A6 30 01            [12] 1851 	jr	nc, 00127$
    000006A8 19               [11] 1852 	add	hl, de
    000006A9                       1853 00127$:
    000006A9 10 FA            [13] 1854 	djnz	00126$
    000006AB D1               [10] 1855 	pop	de
    000006AC 19               [11] 1856 	add	hl, de
    000006AD E3               [19] 1857 	ex	(sp), hl
                                   1858 ;C:\Users\Jummy\Downloads\MSXgl-1.5.0b\engine/src/print.c:594: chr = Print_ValidatePattern(chr, &patterns);
    000006AE 21 00 00         [10] 1859 	ld	hl, #0
    000006B1 39               [11] 1860 	add	hl, sp
    000006B2 EB               [ 4] 1861 	ex	de, hl
    000006B3 79               [ 4] 1862 	ld	a, c
    000006B4 CDrDBr05         [17] 1863 	call	_Print_ValidatePattern
                                   1864 ;C:\Users\Jummy\Downloads\MSXgl-1.5.0b\engine/src/print.c:596: u16* l = (u16*)g_HeapStartAddress;
    000006B7 ED 4Br00r00      [20] 1865 	ld	bc, (_g_HeapStartAddress)
                                   1866 ;C:\Users\Jummy\Downloads\MSXgl-1.5.0b\engine/src/print.c:597: for (u8 j = 0; j < PRINT_H(PRINT_DATA.PatternY); ++j) // Unpack each 6/8-bits line to buffer and send it to VRAM
    000006BB DD 36 FF 00      [19] 1867 	ld	-1 (ix), #0x00
    000006BF                       1868 00105$:
    000006BF 21r01r00         [10] 1869 	ld	hl, #(_g_PrintData + 1)
    000006C2 5E               [ 7] 1870 	ld	e, (hl)
    000006C3 DD 7E FF         [19] 1871 	ld	a, -1 (ix)
    000006C6 93               [ 4] 1872 	sub	a, e
    000006C7 D2r57r07         [10] 1873 	jp	nc, 00101$
                                   1874 ;C:\Users\Jummy\Downloads\MSXgl-1.5.0b\engine/src/print.c:600: Print_InitColorBuffer(PRINT_DATA.TextColor[j], PRINT_DATA.BGColor);
    000006CA 21r14r00         [10] 1875 	ld	hl, #_g_PrintData + 20
    000006CD 6E               [ 7] 1876 	ld	l, (hl)
    000006CE 3Er08            [ 7] 1877 	ld	a, #<((_g_PrintData + 8))
    000006D0 DD 86 FF         [19] 1878 	add	a, -1 (ix)
    000006D3 5F               [ 4] 1879 	ld	e, a
    000006D4 3Es00            [ 7] 1880 	ld	a, #>((_g_PrintData + 8))
    000006D6 CE 00            [ 7] 1881 	adc	a, #0x00
    000006D8 57               [ 4] 1882 	ld	d, a
    000006D9 1A               [ 7] 1883 	ld	a, (de)
    000006DA C5               [11] 1884 	push	bc
    000006DB CDrD9r02         [17] 1885 	call	_Print_InitColorBuffer
    000006DE C1               [10] 1886 	pop	bc
                                   1887 ;C:\Users\Jummy\Downloads\MSXgl-1.5.0b\engine/src/print.c:602: u8 f = patterns[j];
    000006DF DD 7E FC         [19] 1888 	ld	a, -4 (ix)
    000006E2 DD 86 FF         [19] 1889 	add	a, -1 (ix)
    000006E5 5F               [ 4] 1890 	ld	e, a
    000006E6 DD 7E FD         [19] 1891 	ld	a, -3 (ix)
    000006E9 CE 00            [ 7] 1892 	adc	a, #0x00
    000006EB 57               [ 4] 1893 	ld	d, a
    000006EC 1A               [ 7] 1894 	ld	a, (de)
                                   1895 ;C:\Users\Jummy\Downloads\MSXgl-1.5.0b\engine/src/print.c:603: *l++ = ((u16*)PRINT_DATA.Buffer)[f >> 6];
    000006ED DD 77 FE         [19] 1896 	ld	-2 (ix), a
    000006F0 07               [ 4] 1897 	rlca
    000006F1 07               [ 4] 1898 	rlca
    000006F2 E6 03            [ 7] 1899 	and	a, #0x03
    000006F4 26 00            [ 7] 1900 	ld	h, #0x00
    000006F6 6F               [ 4] 1901 	ld	l, a
    000006F7 29               [11] 1902 	add	hl, hl
    000006F8 11r2Ar00         [10] 1903 	ld	de, #(_g_PrintData + 42)
    000006FB 19               [11] 1904 	add	hl, de
    000006FC 5E               [ 7] 1905 	ld	e, (hl)
    000006FD 23               [ 6] 1906 	inc	hl
    000006FE 56               [ 7] 1907 	ld	d, (hl)
    000006FF 69               [ 4] 1908 	ld	l, c
    00000700 60               [ 4] 1909 	ld	h, b
    00000701 73               [ 7] 1910 	ld	(hl), e
    00000702 23               [ 6] 1911 	inc	hl
    00000703 72               [ 7] 1912 	ld	(hl), d
    00000704 03               [ 6] 1913 	inc	bc
    00000705 03               [ 6] 1914 	inc	bc
                                   1915 ;C:\Users\Jummy\Downloads\MSXgl-1.5.0b\engine/src/print.c:604: *l++ = ((u16*)PRINT_DATA.Buffer)[(f >> 4) & 0x03];
    00000706 DD 7E FE         [19] 1916 	ld	a, -2 (ix)
    00000709 07               [ 4] 1917 	rlca
    0000070A 07               [ 4] 1918 	rlca
    0000070B 07               [ 4] 1919 	rlca
    0000070C 07               [ 4] 1920 	rlca
    0000070D E6 03            [ 7] 1921 	and	a, #0x3
    0000070F 26 00            [ 7] 1922 	ld	h, #0x00
    00000711 6F               [ 4] 1923 	ld	l, a
    00000712 29               [11] 1924 	add	hl, hl
    00000713 11r2Ar00         [10] 1925 	ld	de, #(_g_PrintData + 42)
    00000716 19               [11] 1926 	add	hl, de
    00000717 5E               [ 7] 1927 	ld	e, (hl)
    00000718 23               [ 6] 1928 	inc	hl
    00000719 56               [ 7] 1929 	ld	d, (hl)
    0000071A 69               [ 4] 1930 	ld	l, c
    0000071B 60               [ 4] 1931 	ld	h, b
    0000071C 73               [ 7] 1932 	ld	(hl), e
    0000071D 23               [ 6] 1933 	inc	hl
    0000071E 72               [ 7] 1934 	ld	(hl), d
    0000071F 03               [ 6] 1935 	inc	bc
    00000720 03               [ 6] 1936 	inc	bc
                                   1937 ;C:\Users\Jummy\Downloads\MSXgl-1.5.0b\engine/src/print.c:605: *l++ = ((u16*)PRINT_DATA.Buffer)[(f >> 2) & 0x03];
    00000721 DD 7E FE         [19] 1938 	ld	a, -2 (ix)
    00000724 0F               [ 4] 1939 	rrca
    00000725 0F               [ 4] 1940 	rrca
    00000726 E6 03            [ 7] 1941 	and	a, #0x3
    00000728 26 00            [ 7] 1942 	ld	h, #0x00
    0000072A 6F               [ 4] 1943 	ld	l, a
    0000072B 29               [11] 1944 	add	hl, hl
    0000072C 11r2Ar00         [10] 1945 	ld	de, #(_g_PrintData + 42)
    0000072F 19               [11] 1946 	add	hl, de
    00000730 5E               [ 7] 1947 	ld	e, (hl)
    00000731 23               [ 6] 1948 	inc	hl
    00000732 56               [ 7] 1949 	ld	d, (hl)
    00000733 69               [ 4] 1950 	ld	l, c
    00000734 60               [ 4] 1951 	ld	h, b
    00000735 73               [ 7] 1952 	ld	(hl), e
    00000736 23               [ 6] 1953 	inc	hl
    00000737 72               [ 7] 1954 	ld	(hl), d
    00000738 03               [ 6] 1955 	inc	bc
    00000739 03               [ 6] 1956 	inc	bc
                                   1957 ;C:\Users\Jummy\Downloads\MSXgl-1.5.0b\engine/src/print.c:607: *l++ = ((u16*)PRINT_DATA.Buffer)[f & 0x03];
    0000073A DD 7E FE         [19] 1958 	ld	a, -2 (ix)
    0000073D E6 03            [ 7] 1959 	and	a, #0x03
    0000073F 26 00            [ 7] 1960 	ld	h, #0x00
    00000741 6F               [ 4] 1961 	ld	l, a
    00000742 29               [11] 1962 	add	hl, hl
    00000743 11r2Ar00         [10] 1963 	ld	de, #(_g_PrintData + 42)
    00000746 19               [11] 1964 	add	hl, de
    00000747 5E               [ 7] 1965 	ld	e, (hl)
    00000748 23               [ 6] 1966 	inc	hl
    00000749 56               [ 7] 1967 	ld	d, (hl)
    0000074A 69               [ 4] 1968 	ld	l, c
    0000074B 60               [ 4] 1969 	ld	h, b
    0000074C 73               [ 7] 1970 	ld	(hl), e
    0000074D 23               [ 6] 1971 	inc	hl
    0000074E 72               [ 7] 1972 	ld	(hl), d
    0000074F 03               [ 6] 1973 	inc	bc
    00000750 03               [ 6] 1974 	inc	bc
                                   1975 ;C:\Users\Jummy\Downloads\MSXgl-1.5.0b\engine/src/print.c:597: for (u8 j = 0; j < PRINT_H(PRINT_DATA.PatternY); ++j) // Unpack each 6/8-bits line to buffer and send it to VRAM
    00000751 DD 34 FF         [23] 1976 	inc	-1 (ix)
    00000754 C3rBFr06         [10] 1977 	jp	00105$
    00000757                       1978 00101$:
                                   1979 ;C:\Users\Jummy\Downloads\MSXgl-1.5.0b\engine/src/print.c:610: VDP_CommandHMMC((u8*)g_HeapStartAddress, PRINT_DATA.CursorX, PRINT_DATA.CursorY, DATA_LEN, PRINT_H(PRINT_DATA.PatternY));
    00000757 DD 73 FE         [19] 1980 	ld	-2 (ix), e
    0000075A DD 36 FF 00      [19] 1981 	ld	-1 (ix), #0x00
    0000075E 21r07r00         [10] 1982 	ld	hl, #_g_PrintData + 7
    00000761 4E               [ 7] 1983 	ld	c, (hl)
    00000762 06 00            [ 7] 1984 	ld	b, #0x00
    00000764 2Ar05r00         [16] 1985 	ld	hl, (#_g_PrintData + 5)
    00000767 ED 5Br00r00      [20] 1986 	ld	de, (_g_HeapStartAddress)
                                   1987 ;C:\Users\Jummy\Downloads\MSXgl-1.5.0b\engine/src/vdp_inl.h:23: g_VDP_Command.DX = dx;
    0000076B 22r04r00         [16] 1988 	ld	((_g_VDP_Command + 4)), hl
                                   1989 ;C:\Users\Jummy\Downloads\MSXgl-1.5.0b\engine/src/vdp_inl.h:24: g_VDP_Command.DY = dy;
    0000076E ED 43r06r00      [20] 1990 	ld	((_g_VDP_Command + 6)), bc
                                   1991 ;C:\Users\Jummy\Downloads\MSXgl-1.5.0b\engine/src/vdp_inl.h:25: g_VDP_Command.NX = nx;
    00000772 21 08 00         [10] 1992 	ld	hl, #0x0008
    00000775 22r08r00         [16] 1993 	ld	((_g_VDP_Command + 8)), hl
                                   1994 ;C:\Users\Jummy\Downloads\MSXgl-1.5.0b\engine/src/vdp_inl.h:26: g_VDP_Command.NY = ny;
    00000778 21r0Ar00         [10] 1995 	ld	hl, #(_g_VDP_Command + 10)
    0000077B DD 7E FE         [19] 1996 	ld	a, -2 (ix)
    0000077E 77               [ 7] 1997 	ld	(hl), a
    0000077F 23               [ 6] 1998 	inc	hl
    00000780 AF               [ 4] 1999 	xor	a, a
    00000781 77               [ 7] 2000 	ld	(hl), a
                                   2001 ;C:\Users\Jummy\Downloads\MSXgl-1.5.0b\engine/src/vdp_inl.h:27: g_VDP_Command.CLR = *addr;
    00000782 23               [ 6] 2002 	inc	hl
    00000783 1A               [ 7] 2003 	ld	a, (de)
    00000784 77               [ 7] 2004 	ld	(hl), a
                                   2005 ;C:\Users\Jummy\Downloads\MSXgl-1.5.0b\engine/src/vdp_inl.h:28: g_VDP_Command.ARG = arg; 
    00000785 21r0Dr00         [10] 2006 	ld	hl, #_g_VDP_Command + 13
    00000788 36 00            [10] 2007 	ld	(hl), #0x00
                                   2008 ;C:\Users\Jummy\Downloads\MSXgl-1.5.0b\engine/src/vdp_inl.h:29: g_VDP_Command.CMD = VDP_CMD_HMMC;
    0000078A 21r0Er00         [10] 2009 	ld	hl, #_g_VDP_Command + 14
    0000078D 36 F0            [10] 2010 	ld	(hl), #0xf0
                                   2011 ;C:\Users\Jummy\Downloads\MSXgl-1.5.0b\engine/src/vdp_inl.h:30: VDP_CommandSetupR36();
    0000078F D5               [11] 2012 	push	de
    00000790 CDr00r00         [17] 2013 	call	_VDP_CommandSetupR36
    00000793 D1               [10] 2014 	pop	de
                                   2015 ;C:\Users\Jummy\Downloads\MSXgl-1.5.0b\engine/src/vdp_inl.h:31: VDP_CommandWriteLoop(addr);
    00000794 EB               [ 4] 2016 	ex	de, hl
    00000795 CDr00r00         [17] 2017 	call	_VDP_CommandWriteLoop
                                   2018 ;C:\Users\Jummy\Downloads\MSXgl-1.5.0b\engine/src/print.c:610: VDP_CommandHMMC((u8*)g_HeapStartAddress, PRINT_DATA.CursorX, PRINT_DATA.CursorY, DATA_LEN, PRINT_H(PRINT_DATA.PatternY));
                                   2019 ;C:\Users\Jummy\Downloads\MSXgl-1.5.0b\engine/src/print.c:611: }
    00000798 DD F9            [10] 2020 	ld	sp, ix
    0000079A DD E1            [14] 2021 	pop	ix
    0000079C C9               [10] 2022 	ret
                                   2023 ;C:\Users\Jummy\Downloads\MSXgl-1.5.0b\engine/src/print.c:619: void DrawChar_4B(u8 chr)
                                   2024 ;	---------------------------------
                                   2025 ; Function DrawChar_4B
                                   2026 ; ---------------------------------
    0000079D                       2027 _DrawChar_4B::
    0000079D DD E5            [15] 2028 	push	ix
    0000079F DD 21 00 00      [14] 2029 	ld	ix,	#0
    000007A3 DD 39            [15] 2030 	add	ix, sp
    000007A5 F5               [11] 2031 	push	af
    000007A6 F5               [11] 2032 	push	af
    000007A7 4F               [ 4] 2033 	ld	c, a
                                   2034 ;C:\Users\Jummy\Downloads\MSXgl-1.5.0b\engine/src/print.c:621: const u8* patterns = PRINT_DATA.FontAddr + chr * PRINT_H(PRINT_DATA.PatternY); // Get character patterns' base address
    000007A8 ED 5Br1Fr00      [20] 2035 	ld	de, (#_g_PrintData + 31)
    000007AC 21r01r00         [10] 2036 	ld	hl, #(_g_PrintData + 1)
    000007AF 66               [ 7] 2037 	ld	h, (hl)
    000007B0 D5               [11] 2038 	push	de
    000007B1 59               [ 4] 2039 	ld	e, c
    000007B2 2E 00            [ 7] 2040 	ld	l, #0x00
    000007B4 55               [ 4] 2041 	ld	d, l
    000007B5 06 08            [ 7] 2042 	ld	b, #0x08
    000007B7                       2043 00126$:
    000007B7 29               [11] 2044 	add	hl, hl
    000007B8 30 01            [12] 2045 	jr	nc, 00127$
    000007BA 19               [11] 2046 	add	hl, de
    000007BB                       2047 00127$:
    000007BB 10 FA            [13] 2048 	djnz	00126$
    000007BD D1               [10] 2049 	pop	de
    000007BE 19               [11] 2050 	add	hl, de
    000007BF E3               [19] 2051 	ex	(sp), hl
                                   2052 ;C:\Users\Jummy\Downloads\MSXgl-1.5.0b\engine/src/print.c:623: chr = Print_ValidatePattern(chr, &patterns);
    000007C0 21 00 00         [10] 2053 	ld	hl, #0
    000007C3 39               [11] 2054 	add	hl, sp
    000007C4 EB               [ 4] 2055 	ex	de, hl
    000007C5 79               [ 4] 2056 	ld	a, c
    000007C6 CDrDBr05         [17] 2057 	call	_Print_ValidatePattern
                                   2058 ;C:\Users\Jummy\Downloads\MSXgl-1.5.0b\engine/src/print.c:625: u8* l = (u8*)g_HeapStartAddress;
    000007C9 ED 4Br00r00      [20] 2059 	ld	bc, (_g_HeapStartAddress)
                                   2060 ;C:\Users\Jummy\Downloads\MSXgl-1.5.0b\engine/src/print.c:626: for (u8 j = 0; j < PRINT_H(PRINT_DATA.PatternY); ++j) // Unpack each 6/8-bits line to buffer and send it to VRAM
    000007CD 1E 00            [ 7] 2061 	ld	e, #0x00
    000007CF                       2062 00105$:
    000007CF 21r01r00         [10] 2063 	ld	hl, #(_g_PrintData + 1)
    000007D2 56               [ 7] 2064 	ld	d, (hl)
    000007D3 7B               [ 4] 2065 	ld	a, e
    000007D4 92               [ 4] 2066 	sub	a, d
    000007D5 30 60            [12] 2067 	jr	nc, 00101$
                                   2068 ;C:\Users\Jummy\Downloads\MSXgl-1.5.0b\engine/src/print.c:629: Print_InitColorBuffer(PRINT_DATA.TextColor[j], PRINT_DATA.BGColor);
    000007D7 21r14r00         [10] 2069 	ld	hl, #_g_PrintData + 20
    000007DA 56               [ 7] 2070 	ld	d, (hl)
    000007DB 3Er08            [ 7] 2071 	ld	a, #<((_g_PrintData + 8))
    000007DD 83               [ 4] 2072 	add	a, e
    000007DE 6F               [ 4] 2073 	ld	l, a
    000007DF 3Es00            [ 7] 2074 	ld	a, #>((_g_PrintData + 8))
    000007E1 CE 00            [ 7] 2075 	adc	a, #0x00
    000007E3 67               [ 4] 2076 	ld	h, a
    000007E4 7E               [ 7] 2077 	ld	a, (hl)
    000007E5 C5               [11] 2078 	push	bc
    000007E6 D5               [11] 2079 	push	de
    000007E7 6A               [ 4] 2080 	ld	l, d
    000007E8 CDrD9r02         [17] 2081 	call	_Print_InitColorBuffer
    000007EB D1               [10] 2082 	pop	de
    000007EC C1               [10] 2083 	pop	bc
                                   2084 ;C:\Users\Jummy\Downloads\MSXgl-1.5.0b\engine/src/print.c:631: u8 f = patterns[j];
    000007ED E1               [10] 2085 	pop	hl
    000007EE E5               [11] 2086 	push	hl
    000007EF 16 00            [ 7] 2087 	ld	d, #0x00
    000007F1 19               [11] 2088 	add	hl, de
    000007F2 56               [ 7] 2089 	ld	d, (hl)
                                   2090 ;C:\Users\Jummy\Downloads\MSXgl-1.5.0b\engine/src/print.c:632: *l++ = PRINT_DATA.Buffer[f >> 6];
    000007F3 7A               [ 4] 2091 	ld	a, d
    000007F4 07               [ 4] 2092 	rlca
    000007F5 07               [ 4] 2093 	rlca
    000007F6 E6 03            [ 7] 2094 	and	a, #0x03
    000007F8 C6r2A            [ 7] 2095 	add	a, #<((_g_PrintData + 42))
    000007FA 6F               [ 4] 2096 	ld	l, a
    000007FB 3E 00            [ 7] 2097 	ld	a, #0x00
    000007FD CEs00            [ 7] 2098 	adc	a, #>((_g_PrintData + 42))
    000007FF 67               [ 4] 2099 	ld	h, a
    00000800 7E               [ 7] 2100 	ld	a, (hl)
    00000801 02               [ 7] 2101 	ld	(bc), a
    00000802 03               [ 6] 2102 	inc	bc
                                   2103 ;C:\Users\Jummy\Downloads\MSXgl-1.5.0b\engine/src/print.c:633: *l++ = PRINT_DATA.Buffer[(f >> 4) & 0x03];
    00000803 7A               [ 4] 2104 	ld	a, d
    00000804 07               [ 4] 2105 	rlca
    00000805 07               [ 4] 2106 	rlca
    00000806 07               [ 4] 2107 	rlca
    00000807 07               [ 4] 2108 	rlca
    00000808 E6 03            [ 7] 2109 	and	a, #0x3
    0000080A C6r2A            [ 7] 2110 	add	a, #<((_g_PrintData + 42))
    0000080C 6F               [ 4] 2111 	ld	l, a
    0000080D 3E 00            [ 7] 2112 	ld	a, #0x00
    0000080F CEs00            [ 7] 2113 	adc	a, #>((_g_PrintData + 42))
    00000811 67               [ 4] 2114 	ld	h, a
    00000812 7E               [ 7] 2115 	ld	a, (hl)
    00000813 02               [ 7] 2116 	ld	(bc), a
    00000814 03               [ 6] 2117 	inc	bc
                                   2118 ;C:\Users\Jummy\Downloads\MSXgl-1.5.0b\engine/src/print.c:634: *l++ = PRINT_DATA.Buffer[(f >> 2) & 0x03];
    00000815 7A               [ 4] 2119 	ld	a, d
    00000816 0F               [ 4] 2120 	rrca
    00000817 0F               [ 4] 2121 	rrca
    00000818 E6 03            [ 7] 2122 	and	a, #0x3
    0000081A C6r2A            [ 7] 2123 	add	a, #<((_g_PrintData + 42))
    0000081C 6F               [ 4] 2124 	ld	l, a
    0000081D 3E 00            [ 7] 2125 	ld	a, #0x00
    0000081F CEs00            [ 7] 2126 	adc	a, #>((_g_PrintData + 42))
    00000821 67               [ 4] 2127 	ld	h, a
    00000822 7E               [ 7] 2128 	ld	a, (hl)
    00000823 02               [ 7] 2129 	ld	(bc), a
    00000824 03               [ 6] 2130 	inc	bc
                                   2131 ;C:\Users\Jummy\Downloads\MSXgl-1.5.0b\engine/src/print.c:636: *l++ = PRINT_DATA.Buffer[f & 0x03];
    00000825 7A               [ 4] 2132 	ld	a, d
    00000826 E6 03            [ 7] 2133 	and	a, #0x03
    00000828 C6r2A            [ 7] 2134 	add	a, #<((_g_PrintData + 42))
    0000082A 6F               [ 4] 2135 	ld	l, a
    0000082B 3E 00            [ 7] 2136 	ld	a, #0x00
    0000082D CEs00            [ 7] 2137 	adc	a, #>((_g_PrintData + 42))
    0000082F 67               [ 4] 2138 	ld	h, a
    00000830 7E               [ 7] 2139 	ld	a, (hl)
    00000831 02               [ 7] 2140 	ld	(bc), a
    00000832 03               [ 6] 2141 	inc	bc
                                   2142 ;C:\Users\Jummy\Downloads\MSXgl-1.5.0b\engine/src/print.c:626: for (u8 j = 0; j < PRINT_H(PRINT_DATA.PatternY); ++j) // Unpack each 6/8-bits line to buffer and send it to VRAM
    00000833 1C               [ 4] 2143 	inc	e
    00000834 C3rCFr07         [10] 2144 	jp	00105$
    00000837                       2145 00101$:
                                   2146 ;C:\Users\Jummy\Downloads\MSXgl-1.5.0b\engine/src/print.c:639: VDP_CommandHMMC((u8*)g_HeapStartAddress, PRINT_DATA.CursorX, PRINT_DATA.CursorY, DATA_LEN, PRINT_H(PRINT_DATA.PatternY));
    00000837 DD 72 FE         [19] 2147 	ld	-2 (ix), d
    0000083A DD 36 FF 00      [19] 2148 	ld	-1 (ix), #0x00
    0000083E 21r07r00         [10] 2149 	ld	hl, #_g_PrintData + 7
    00000841 4E               [ 7] 2150 	ld	c, (hl)
    00000842 06 00            [ 7] 2151 	ld	b, #0x00
    00000844 2Ar05r00         [16] 2152 	ld	hl, (#_g_PrintData + 5)
    00000847 ED 5Br00r00      [20] 2153 	ld	de, (_g_HeapStartAddress)
                                   2154 ;C:\Users\Jummy\Downloads\MSXgl-1.5.0b\engine/src/vdp_inl.h:23: g_VDP_Command.DX = dx;
    0000084B 22r04r00         [16] 2155 	ld	((_g_VDP_Command + 4)), hl
                                   2156 ;C:\Users\Jummy\Downloads\MSXgl-1.5.0b\engine/src/vdp_inl.h:24: g_VDP_Command.DY = dy;
    0000084E ED 43r06r00      [20] 2157 	ld	((_g_VDP_Command + 6)), bc
                                   2158 ;C:\Users\Jummy\Downloads\MSXgl-1.5.0b\engine/src/vdp_inl.h:25: g_VDP_Command.NX = nx;
    00000852 21 08 00         [10] 2159 	ld	hl, #0x0008
    00000855 22r08r00         [16] 2160 	ld	((_g_VDP_Command + 8)), hl
                                   2161 ;C:\Users\Jummy\Downloads\MSXgl-1.5.0b\engine/src/vdp_inl.h:26: g_VDP_Command.NY = ny;
    00000858 21r0Ar00         [10] 2162 	ld	hl, #(_g_VDP_Command + 10)
    0000085B DD 7E FE         [19] 2163 	ld	a, -2 (ix)
    0000085E 77               [ 7] 2164 	ld	(hl), a
    0000085F 23               [ 6] 2165 	inc	hl
    00000860 AF               [ 4] 2166 	xor	a, a
    00000861 77               [ 7] 2167 	ld	(hl), a
                                   2168 ;C:\Users\Jummy\Downloads\MSXgl-1.5.0b\engine/src/vdp_inl.h:27: g_VDP_Command.CLR = *addr;
    00000862 23               [ 6] 2169 	inc	hl
    00000863 1A               [ 7] 2170 	ld	a, (de)
    00000864 77               [ 7] 2171 	ld	(hl), a
                                   2172 ;C:\Users\Jummy\Downloads\MSXgl-1.5.0b\engine/src/vdp_inl.h:28: g_VDP_Command.ARG = arg; 
    00000865 21r0Dr00         [10] 2173 	ld	hl, #_g_VDP_Command + 13
    00000868 36 00            [10] 2174 	ld	(hl), #0x00
                                   2175 ;C:\Users\Jummy\Downloads\MSXgl-1.5.0b\engine/src/vdp_inl.h:29: g_VDP_Command.CMD = VDP_CMD_HMMC;
    0000086A 21r0Er00         [10] 2176 	ld	hl, #_g_VDP_Command + 14
    0000086D 36 F0            [10] 2177 	ld	(hl), #0xf0
                                   2178 ;C:\Users\Jummy\Downloads\MSXgl-1.5.0b\engine/src/vdp_inl.h:30: VDP_CommandSetupR36();
    0000086F D5               [11] 2179 	push	de
    00000870 CDr00r00         [17] 2180 	call	_VDP_CommandSetupR36
    00000873 D1               [10] 2181 	pop	de
                                   2182 ;C:\Users\Jummy\Downloads\MSXgl-1.5.0b\engine/src/vdp_inl.h:31: VDP_CommandWriteLoop(addr);
    00000874 EB               [ 4] 2183 	ex	de, hl
    00000875 CDr00r00         [17] 2184 	call	_VDP_CommandWriteLoop
                                   2185 ;C:\Users\Jummy\Downloads\MSXgl-1.5.0b\engine/src/print.c:639: VDP_CommandHMMC((u8*)g_HeapStartAddress, PRINT_DATA.CursorX, PRINT_DATA.CursorY, DATA_LEN, PRINT_H(PRINT_DATA.PatternY));
                                   2186 ;C:\Users\Jummy\Downloads\MSXgl-1.5.0b\engine/src/print.c:640: }
    00000878 DD F9            [10] 2187 	ld	sp, ix
    0000087A DD E1            [14] 2188 	pop	ix
    0000087C C9               [10] 2189 	ret
                                   2190 ;C:\Users\Jummy\Downloads\MSXgl-1.5.0b\engine/src/print.c:648: void DrawChar_2B(u8 chr)
                                   2191 ;	---------------------------------
                                   2192 ; Function DrawChar_2B
                                   2193 ; ---------------------------------
    0000087D                       2194 _DrawChar_2B::
    0000087D DD E5            [15] 2195 	push	ix
    0000087F DD 21 00 00      [14] 2196 	ld	ix,	#0
    00000883 DD 39            [15] 2197 	add	ix, sp
    00000885 F5               [11] 2198 	push	af
    00000886 F5               [11] 2199 	push	af
    00000887 4F               [ 4] 2200 	ld	c, a
                                   2201 ;C:\Users\Jummy\Downloads\MSXgl-1.5.0b\engine/src/print.c:650: const u8* patterns = PRINT_DATA.FontAddr + chr * PRINT_H(PRINT_DATA.PatternY); // Get character patterns' base address
    00000888 ED 5Br1Fr00      [20] 2202 	ld	de, (#_g_PrintData + 31)
    0000088C 21r01r00         [10] 2203 	ld	hl, #(_g_PrintData + 1)
    0000088F 66               [ 7] 2204 	ld	h, (hl)
    00000890 D5               [11] 2205 	push	de
    00000891 59               [ 4] 2206 	ld	e, c
    00000892 2E 00            [ 7] 2207 	ld	l, #0x00
    00000894 55               [ 4] 2208 	ld	d, l
    00000895 06 08            [ 7] 2209 	ld	b, #0x08
    00000897                       2210 00126$:
    00000897 29               [11] 2211 	add	hl, hl
    00000898 30 01            [12] 2212 	jr	nc, 00127$
    0000089A 19               [11] 2213 	add	hl, de
    0000089B                       2214 00127$:
    0000089B 10 FA            [13] 2215 	djnz	00126$
    0000089D D1               [10] 2216 	pop	de
    0000089E 19               [11] 2217 	add	hl, de
    0000089F E3               [19] 2218 	ex	(sp), hl
                                   2219 ;C:\Users\Jummy\Downloads\MSXgl-1.5.0b\engine/src/print.c:652: chr = Print_ValidatePattern(chr, &patterns);
    000008A0 21 00 00         [10] 2220 	ld	hl, #0
    000008A3 39               [11] 2221 	add	hl, sp
    000008A4 EB               [ 4] 2222 	ex	de, hl
    000008A5 79               [ 4] 2223 	ld	a, c
    000008A6 CDrDBr05         [17] 2224 	call	_Print_ValidatePattern
                                   2225 ;C:\Users\Jummy\Downloads\MSXgl-1.5.0b\engine/src/print.c:654: u8* l = (u8*)g_HeapStartAddress;
    000008A9 ED 4Br00r00      [20] 2226 	ld	bc, (_g_HeapStartAddress)
                                   2227 ;C:\Users\Jummy\Downloads\MSXgl-1.5.0b\engine/src/print.c:655: for (u8 j = 0; j < PRINT_H(PRINT_DATA.PatternY); ++j) // Unpack each 6/8-bits line to buffer and send it to VRAM
    000008AD 1E 00            [ 7] 2228 	ld	e, #0x00
    000008AF                       2229 00105$:
    000008AF 21r01r00         [10] 2230 	ld	hl, #(_g_PrintData + 1)
    000008B2 56               [ 7] 2231 	ld	d, (hl)
    000008B3 7B               [ 4] 2232 	ld	a, e
    000008B4 92               [ 4] 2233 	sub	a, d
    000008B5 30 40            [12] 2234 	jr	nc, 00101$
                                   2235 ;C:\Users\Jummy\Downloads\MSXgl-1.5.0b\engine/src/print.c:658: Print_InitColorBuffer(PRINT_DATA.TextColor[j], PRINT_DATA.BGColor);
    000008B7 21r14r00         [10] 2236 	ld	hl, #_g_PrintData + 20
    000008BA 56               [ 7] 2237 	ld	d, (hl)
    000008BB 3Er08            [ 7] 2238 	ld	a, #<((_g_PrintData + 8))
    000008BD 83               [ 4] 2239 	add	a, e
    000008BE 6F               [ 4] 2240 	ld	l, a
    000008BF 3Es00            [ 7] 2241 	ld	a, #>((_g_PrintData + 8))
    000008C1 CE 00            [ 7] 2242 	adc	a, #0x00
    000008C3 67               [ 4] 2243 	ld	h, a
    000008C4 7E               [ 7] 2244 	ld	a, (hl)
    000008C5 C5               [11] 2245 	push	bc
    000008C6 D5               [11] 2246 	push	de
    000008C7 6A               [ 4] 2247 	ld	l, d
    000008C8 CDrD9r02         [17] 2248 	call	_Print_InitColorBuffer
    000008CB D1               [10] 2249 	pop	de
    000008CC C1               [10] 2250 	pop	bc
                                   2251 ;C:\Users\Jummy\Downloads\MSXgl-1.5.0b\engine/src/print.c:660: u8 f = patterns[j];
    000008CD E1               [10] 2252 	pop	hl
    000008CE E5               [11] 2253 	push	hl
    000008CF 16 00            [ 7] 2254 	ld	d, #0x00
    000008D1 19               [11] 2255 	add	hl, de
    000008D2 56               [ 7] 2256 	ld	d, (hl)
                                   2257 ;C:\Users\Jummy\Downloads\MSXgl-1.5.0b\engine/src/print.c:661: *l++ = PRINT_DATA.Buffer[f >> 4];
    000008D3 7A               [ 4] 2258 	ld	a, d
    000008D4 07               [ 4] 2259 	rlca
    000008D5 07               [ 4] 2260 	rlca
    000008D6 07               [ 4] 2261 	rlca
    000008D7 07               [ 4] 2262 	rlca
    000008D8 E6 0F            [ 7] 2263 	and	a, #0x0f
    000008DA C6r2A            [ 7] 2264 	add	a, #<((_g_PrintData + 42))
    000008DC 6F               [ 4] 2265 	ld	l, a
    000008DD 3E 00            [ 7] 2266 	ld	a, #0x00
    000008DF CEs00            [ 7] 2267 	adc	a, #>((_g_PrintData + 42))
    000008E1 67               [ 4] 2268 	ld	h, a
    000008E2 7E               [ 7] 2269 	ld	a, (hl)
    000008E3 02               [ 7] 2270 	ld	(bc), a
    000008E4 03               [ 6] 2271 	inc	bc
                                   2272 ;C:\Users\Jummy\Downloads\MSXgl-1.5.0b\engine/src/print.c:662: *l++ = PRINT_DATA.Buffer[f & 0x0F];
    000008E5 7A               [ 4] 2273 	ld	a, d
    000008E6 E6 0F            [ 7] 2274 	and	a, #0x0f
    000008E8 C6r2A            [ 7] 2275 	add	a, #<((_g_PrintData + 42))
    000008EA 6F               [ 4] 2276 	ld	l, a
    000008EB 3E 00            [ 7] 2277 	ld	a, #0x00
    000008ED CEs00            [ 7] 2278 	adc	a, #>((_g_PrintData + 42))
    000008EF 67               [ 4] 2279 	ld	h, a
    000008F0 7E               [ 7] 2280 	ld	a, (hl)
    000008F1 02               [ 7] 2281 	ld	(bc), a
    000008F2 03               [ 6] 2282 	inc	bc
                                   2283 ;C:\Users\Jummy\Downloads\MSXgl-1.5.0b\engine/src/print.c:655: for (u8 j = 0; j < PRINT_H(PRINT_DATA.PatternY); ++j) // Unpack each 6/8-bits line to buffer and send it to VRAM
    000008F3 1C               [ 4] 2284 	inc	e
    000008F4 C3rAFr08         [10] 2285 	jp	00105$
    000008F7                       2286 00101$:
                                   2287 ;C:\Users\Jummy\Downloads\MSXgl-1.5.0b\engine/src/print.c:664: VDP_CommandHMMC((u8*)g_HeapStartAddress, PRINT_DATA.CursorX, PRINT_DATA.CursorY, 8, PRINT_H(PRINT_DATA.PatternY));
    000008F7 DD 72 FE         [19] 2288 	ld	-2 (ix), d
    000008FA DD 36 FF 00      [19] 2289 	ld	-1 (ix), #0x00
    000008FE 21r07r00         [10] 2290 	ld	hl, #_g_PrintData + 7
    00000901 4E               [ 7] 2291 	ld	c, (hl)
    00000902 06 00            [ 7] 2292 	ld	b, #0x00
    00000904 2Ar05r00         [16] 2293 	ld	hl, (#_g_PrintData + 5)
    00000907 ED 5Br00r00      [20] 2294 	ld	de, (_g_HeapStartAddress)
                                   2295 ;C:\Users\Jummy\Downloads\MSXgl-1.5.0b\engine/src/vdp_inl.h:23: g_VDP_Command.DX = dx;
    0000090B 22r04r00         [16] 2296 	ld	((_g_VDP_Command + 4)), hl
                                   2297 ;C:\Users\Jummy\Downloads\MSXgl-1.5.0b\engine/src/vdp_inl.h:24: g_VDP_Command.DY = dy;
    0000090E ED 43r06r00      [20] 2298 	ld	((_g_VDP_Command + 6)), bc
                                   2299 ;C:\Users\Jummy\Downloads\MSXgl-1.5.0b\engine/src/vdp_inl.h:25: g_VDP_Command.NX = nx;
    00000912 21 08 00         [10] 2300 	ld	hl, #0x0008
    00000915 22r08r00         [16] 2301 	ld	((_g_VDP_Command + 8)), hl
                                   2302 ;C:\Users\Jummy\Downloads\MSXgl-1.5.0b\engine/src/vdp_inl.h:26: g_VDP_Command.NY = ny;
    00000918 21r0Ar00         [10] 2303 	ld	hl, #(_g_VDP_Command + 10)
    0000091B DD 7E FE         [19] 2304 	ld	a, -2 (ix)
    0000091E 77               [ 7] 2305 	ld	(hl), a
    0000091F 23               [ 6] 2306 	inc	hl
    00000920 AF               [ 4] 2307 	xor	a, a
    00000921 77               [ 7] 2308 	ld	(hl), a
                                   2309 ;C:\Users\Jummy\Downloads\MSXgl-1.5.0b\engine/src/vdp_inl.h:27: g_VDP_Command.CLR = *addr;
    00000922 23               [ 6] 2310 	inc	hl
    00000923 1A               [ 7] 2311 	ld	a, (de)
    00000924 77               [ 7] 2312 	ld	(hl), a
                                   2313 ;C:\Users\Jummy\Downloads\MSXgl-1.5.0b\engine/src/vdp_inl.h:28: g_VDP_Command.ARG = arg; 
    00000925 21r0Dr00         [10] 2314 	ld	hl, #_g_VDP_Command + 13
    00000928 36 00            [10] 2315 	ld	(hl), #0x00
                                   2316 ;C:\Users\Jummy\Downloads\MSXgl-1.5.0b\engine/src/vdp_inl.h:29: g_VDP_Command.CMD = VDP_CMD_HMMC;
    0000092A 21r0Er00         [10] 2317 	ld	hl, #_g_VDP_Command + 14
    0000092D 36 F0            [10] 2318 	ld	(hl), #0xf0
                                   2319 ;C:\Users\Jummy\Downloads\MSXgl-1.5.0b\engine/src/vdp_inl.h:30: VDP_CommandSetupR36();
    0000092F D5               [11] 2320 	push	de
    00000930 CDr00r00         [17] 2321 	call	_VDP_CommandSetupR36
    00000933 D1               [10] 2322 	pop	de
                                   2323 ;C:\Users\Jummy\Downloads\MSXgl-1.5.0b\engine/src/vdp_inl.h:31: VDP_CommandWriteLoop(addr);
    00000934 EB               [ 4] 2324 	ex	de, hl
    00000935 CDr00r00         [17] 2325 	call	_VDP_CommandWriteLoop
                                   2326 ;C:\Users\Jummy\Downloads\MSXgl-1.5.0b\engine/src/print.c:664: VDP_CommandHMMC((u8*)g_HeapStartAddress, PRINT_DATA.CursorX, PRINT_DATA.CursorY, 8, PRINT_H(PRINT_DATA.PatternY));
                                   2327 ;C:\Users\Jummy\Downloads\MSXgl-1.5.0b\engine/src/print.c:665: }
    00000938 DD F9            [10] 2328 	ld	sp, ix
    0000093A DD E1            [14] 2329 	pop	ix
    0000093C C9               [10] 2330 	ret
                                   2331 ;C:\Users\Jummy\Downloads\MSXgl-1.5.0b\engine/src/print.c:671: void DrawChar_Trans(u8 chr)
                                   2332 ;	---------------------------------
                                   2333 ; Function DrawChar_Trans
                                   2334 ; ---------------------------------
    0000093D                       2335 _DrawChar_Trans::
    0000093D DD E5            [15] 2336 	push	ix
    0000093F DD 21 00 00      [14] 2337 	ld	ix,	#0
    00000943 DD 39            [15] 2338 	add	ix, sp
    00000945 F5               [11] 2339 	push	af
    00000946 3B               [ 6] 2340 	dec	sp
    00000947 4F               [ 4] 2341 	ld	c, a
                                   2342 ;C:\Users\Jummy\Downloads\MSXgl-1.5.0b\engine/src/print.c:673: const u8* patterns = PRINT_DATA.FontAddr + chr * PRINT_H(PRINT_DATA.PatternY); // Get character patterns' base address
    00000948 ED 5Br1Fr00      [20] 2343 	ld	de, (#_g_PrintData + 31)
    0000094C 21r01r00         [10] 2344 	ld	hl, #(_g_PrintData + 1)
    0000094F 66               [ 7] 2345 	ld	h, (hl)
    00000950 D5               [11] 2346 	push	de
    00000951 59               [ 4] 2347 	ld	e, c
    00000952 2E 00            [ 7] 2348 	ld	l, #0x00
    00000954 55               [ 4] 2349 	ld	d, l
    00000955 06 08            [ 7] 2350 	ld	b, #0x08
    00000957                       2351 00426$:
    00000957 29               [11] 2352 	add	hl, hl
    00000958 30 01            [12] 2353 	jr	nc, 00427$
    0000095A 19               [11] 2354 	add	hl, de
    0000095B                       2355 00427$:
    0000095B 10 FA            [13] 2356 	djnz	00426$
    0000095D D1               [10] 2357 	pop	de
    0000095E 19               [11] 2358 	add	hl, de
    0000095F E3               [19] 2359 	ex	(sp), hl
                                   2360 ;C:\Users\Jummy\Downloads\MSXgl-1.5.0b\engine/src/print.c:675: chr = Print_ValidatePattern(chr, &patterns);
    00000960 21 00 00         [10] 2361 	ld	hl, #0
    00000963 39               [11] 2362 	add	hl, sp
    00000964 EB               [ 4] 2363 	ex	de, hl
    00000965 79               [ 4] 2364 	ld	a, c
    00000966 CDrDBr05         [17] 2365 	call	_Print_ValidatePattern
                                   2366 ;C:\Users\Jummy\Downloads\MSXgl-1.5.0b\engine/src/print.c:678: if (PRINT_DATA.FX & PRINT_FX_SHADOW)
    00000969 3Ar26r00         [13] 2367 	ld	a, (#(_g_PrintData + 38) + 0)
    0000096C 0F               [ 4] 2368 	rrca
    0000096D D2r55r0A         [10] 2369 	jp	nc, 00119$
                                   2370 ;C:\Users\Jummy\Downloads\MSXgl-1.5.0b\engine/src/print.c:680: g_VDP_Command.DY = PRINT_DATA.CursorY + PRINT_DATA.ShadowOffsetY - 3;
    00000970 21r07r00         [10] 2371 	ld	hl, #_g_PrintData + 7
    00000973 4E               [ 7] 2372 	ld	c, (hl)
    00000974 06 00            [ 7] 2373 	ld	b, #0x00
    00000976 3Ar27r00         [13] 2374 	ld	a, (#_g_PrintData + 39)
    00000979 0F               [ 4] 2375 	rrca
    0000097A 0F               [ 4] 2376 	rrca
    0000097B 0F               [ 4] 2377 	rrca
    0000097C E6 07            [ 7] 2378 	and	a, #0x07
    0000097E 26 00            [ 7] 2379 	ld	h, #0x00
    00000980 6F               [ 4] 2380 	ld	l, a
    00000981 09               [11] 2381 	add	hl, bc
    00000982 7D               [ 4] 2382 	ld	a, l
    00000983 C6 FD            [ 7] 2383 	add	a, #0xfd
    00000985 6F               [ 4] 2384 	ld	l, a
    00000986 7C               [ 4] 2385 	ld	a, h
    00000987 CE FF            [ 7] 2386 	adc	a, #0xff
    00000989 67               [ 4] 2387 	ld	h, a
    0000098A 22r06r00         [16] 2388 	ld	((_g_VDP_Command + 6)), hl
                                   2389 ;C:\Users\Jummy\Downloads\MSXgl-1.5.0b\engine/src/print.c:681: g_VDP_Command.CLR = PRINT_DATA.ShadowColor;
    0000098D 3Ar28r00         [13] 2390 	ld	a, (#_g_PrintData + 40)
    00000990 32r0Cr00         [13] 2391 	ld	(#(_g_VDP_Command + 12)), a
                                   2392 ;C:\Users\Jummy\Downloads\MSXgl-1.5.0b\engine/src/print.c:682: g_VDP_Command.ARG = 0;
    00000993 21r0Dr00         [10] 2393 	ld	hl, #_g_VDP_Command + 13
    00000996 36 00            [10] 2394 	ld	(hl), #0x00
                                   2395 ;C:\Users\Jummy\Downloads\MSXgl-1.5.0b\engine/src/print.c:683: g_VDP_Command.CMD = VDP_CMD_PSET + 0;
    00000998 21r0Er00         [10] 2396 	ld	hl, #_g_VDP_Command + 14
    0000099B 36 50            [10] 2397 	ld	(hl), #0x50
                                   2398 ;C:\Users\Jummy\Downloads\MSXgl-1.5.0b\engine/src/print.c:684: for (u8 j = 0; j < PRINT_H(PRINT_DATA.PatternY); ++j)
    0000099D DD 36 FF 00      [19] 2399 	ld	-1 (ix), #0x00
    000009A1                       2400 00157$:
    000009A1 21r01r00         [10] 2401 	ld	hl, #(_g_PrintData + 1)
    000009A4 DD 7E FF         [19] 2402 	ld	a,-1 (ix)
    000009A7 96               [ 7] 2403 	sub	a,(hl)
    000009A8 D2r55r0A         [10] 2404 	jp	nc, 00119$
                                   2405 ;C:\Users\Jummy\Downloads\MSXgl-1.5.0b\engine/src/print.c:686: g_VDP_Command.DX = PRINT_DATA.CursorX + PRINT_DATA.ShadowOffsetX - 3;
    000009AB ED 4Br05r00      [20] 2406 	ld	bc, (#_g_PrintData + 5)
    000009AF 3Ar27r00         [13] 2407 	ld	a, (#_g_PrintData + 39)
    000009B2 E6 07            [ 7] 2408 	and	a, #0x07
    000009B4 26 00            [ 7] 2409 	ld	h, #0x00
    000009B6 6F               [ 4] 2410 	ld	l, a
    000009B7 09               [11] 2411 	add	hl, bc
    000009B8 7D               [ 4] 2412 	ld	a, l
    000009B9 C6 FD            [ 7] 2413 	add	a, #0xfd
    000009BB 6F               [ 4] 2414 	ld	l, a
    000009BC 7C               [ 4] 2415 	ld	a, h
    000009BD CE FF            [ 7] 2416 	adc	a, #0xff
    000009BF 67               [ 4] 2417 	ld	h, a
    000009C0 22r04r00         [16] 2418 	ld	((_g_VDP_Command + 4)), hl
                                   2419 ;C:\Users\Jummy\Downloads\MSXgl-1.5.0b\engine/src/print.c:688: u8 f = patterns[j];
    000009C3 DD 7E FD         [19] 2420 	ld	a, -3 (ix)
    000009C6 DD 86 FF         [19] 2421 	add	a, -1 (ix)
    000009C9 6F               [ 4] 2422 	ld	l, a
    000009CA DD 7E FE         [19] 2423 	ld	a, -2 (ix)
    000009CD CE 00            [ 7] 2424 	adc	a, #0x00
    000009CF 67               [ 4] 2425 	ld	h, a
    000009D0 4E               [ 7] 2426 	ld	c, (hl)
                                   2427 ;C:\Users\Jummy\Downloads\MSXgl-1.5.0b\engine/src/print.c:689: if (f & BIT_7) VDP_CommandSetupR36(); g_VDP_Command.DX++;
    000009D1 CB 79            [ 8] 2428 	bit	7, c
    000009D3 28 05            [12] 2429 	jr	z, 00102$
    000009D5 C5               [11] 2430 	push	bc
    000009D6 CDr00r00         [17] 2431 	call	_VDP_CommandSetupR36
    000009D9 C1               [10] 2432 	pop	bc
    000009DA                       2433 00102$:
    000009DA 2Ar04r00         [16] 2434 	ld	hl, (#(_g_VDP_Command + 4) + 0)
    000009DD 23               [ 6] 2435 	inc	hl
    000009DE 22r04r00         [16] 2436 	ld	((_g_VDP_Command + 4)), hl
                                   2437 ;C:\Users\Jummy\Downloads\MSXgl-1.5.0b\engine/src/print.c:690: if (f & BIT_6) VDP_CommandSetupR36(); g_VDP_Command.DX++;
    000009E1 CB 71            [ 8] 2438 	bit	6, c
    000009E3 28 05            [12] 2439 	jr	z, 00104$
    000009E5 C5               [11] 2440 	push	bc
    000009E6 CDr00r00         [17] 2441 	call	_VDP_CommandSetupR36
    000009E9 C1               [10] 2442 	pop	bc
    000009EA                       2443 00104$:
    000009EA 2Ar04r00         [16] 2444 	ld	hl, (#(_g_VDP_Command + 4) + 0)
    000009ED 23               [ 6] 2445 	inc	hl
    000009EE 22r04r00         [16] 2446 	ld	((_g_VDP_Command + 4)), hl
                                   2447 ;C:\Users\Jummy\Downloads\MSXgl-1.5.0b\engine/src/print.c:691: if (f & BIT_5) VDP_CommandSetupR36(); g_VDP_Command.DX++;
    000009F1 CB 69            [ 8] 2448 	bit	5, c
    000009F3 28 05            [12] 2449 	jr	z, 00106$
    000009F5 C5               [11] 2450 	push	bc
    000009F6 CDr00r00         [17] 2451 	call	_VDP_CommandSetupR36
    000009F9 C1               [10] 2452 	pop	bc
    000009FA                       2453 00106$:
    000009FA 2Ar04r00         [16] 2454 	ld	hl, (#(_g_VDP_Command + 4) + 0)
    000009FD 23               [ 6] 2455 	inc	hl
    000009FE 22r04r00         [16] 2456 	ld	((_g_VDP_Command + 4)), hl
                                   2457 ;C:\Users\Jummy\Downloads\MSXgl-1.5.0b\engine/src/print.c:692: if (f & BIT_4) VDP_CommandSetupR36(); g_VDP_Command.DX++;
    00000A01 CB 61            [ 8] 2458 	bit	4, c
    00000A03 28 05            [12] 2459 	jr	z, 00108$
    00000A05 C5               [11] 2460 	push	bc
    00000A06 CDr00r00         [17] 2461 	call	_VDP_CommandSetupR36
    00000A09 C1               [10] 2462 	pop	bc
    00000A0A                       2463 00108$:
    00000A0A 2Ar04r00         [16] 2464 	ld	hl, (#(_g_VDP_Command + 4) + 0)
    00000A0D 23               [ 6] 2465 	inc	hl
    00000A0E 22r04r00         [16] 2466 	ld	((_g_VDP_Command + 4)), hl
                                   2467 ;C:\Users\Jummy\Downloads\MSXgl-1.5.0b\engine/src/print.c:693: if (f & BIT_3) VDP_CommandSetupR36(); g_VDP_Command.DX++;
    00000A11 CB 59            [ 8] 2468 	bit	3, c
    00000A13 28 05            [12] 2469 	jr	z, 00110$
    00000A15 C5               [11] 2470 	push	bc
    00000A16 CDr00r00         [17] 2471 	call	_VDP_CommandSetupR36
    00000A19 C1               [10] 2472 	pop	bc
    00000A1A                       2473 00110$:
    00000A1A 2Ar04r00         [16] 2474 	ld	hl, (#(_g_VDP_Command + 4) + 0)
    00000A1D 23               [ 6] 2475 	inc	hl
    00000A1E 22r04r00         [16] 2476 	ld	((_g_VDP_Command + 4)), hl
                                   2477 ;C:\Users\Jummy\Downloads\MSXgl-1.5.0b\engine/src/print.c:694: if (f & BIT_2) VDP_CommandSetupR36(); g_VDP_Command.DX++;
    00000A21 CB 51            [ 8] 2478 	bit	2, c
    00000A23 28 05            [12] 2479 	jr	z, 00112$
    00000A25 C5               [11] 2480 	push	bc
    00000A26 CDr00r00         [17] 2481 	call	_VDP_CommandSetupR36
    00000A29 C1               [10] 2482 	pop	bc
    00000A2A                       2483 00112$:
    00000A2A 2Ar04r00         [16] 2484 	ld	hl, (#(_g_VDP_Command + 4) + 0)
    00000A2D 23               [ 6] 2485 	inc	hl
    00000A2E 22r04r00         [16] 2486 	ld	((_g_VDP_Command + 4)), hl
                                   2487 ;C:\Users\Jummy\Downloads\MSXgl-1.5.0b\engine/src/print.c:695: if (f & BIT_1) VDP_CommandSetupR36(); g_VDP_Command.DX++;
    00000A31 CB 49            [ 8] 2488 	bit	1, c
    00000A33 28 05            [12] 2489 	jr	z, 00114$
    00000A35 C5               [11] 2490 	push	bc
    00000A36 CDr00r00         [17] 2491 	call	_VDP_CommandSetupR36
    00000A39 C1               [10] 2492 	pop	bc
    00000A3A                       2493 00114$:
    00000A3A 2Ar04r00         [16] 2494 	ld	hl, (#(_g_VDP_Command + 4) + 0)
    00000A3D 23               [ 6] 2495 	inc	hl
    00000A3E 22r04r00         [16] 2496 	ld	((_g_VDP_Command + 4)), hl
                                   2497 ;C:\Users\Jummy\Downloads\MSXgl-1.5.0b\engine/src/print.c:696: if (f & BIT_0) VDP_CommandSetupR36();
    00000A41 CB 41            [ 8] 2498 	bit	0, c
    00000A43 28 03            [12] 2499 	jr	z, 00116$
    00000A45 CDr00r00         [17] 2500 	call	_VDP_CommandSetupR36
    00000A48                       2501 00116$:
                                   2502 ;C:\Users\Jummy\Downloads\MSXgl-1.5.0b\engine/src/print.c:697: g_VDP_Command.DY++;
    00000A48 2Ar06r00         [16] 2503 	ld	hl, (#(_g_VDP_Command + 6) + 0)
    00000A4B 23               [ 6] 2504 	inc	hl
    00000A4C 22r06r00         [16] 2505 	ld	((_g_VDP_Command + 6)), hl
                                   2506 ;C:\Users\Jummy\Downloads\MSXgl-1.5.0b\engine/src/print.c:684: for (u8 j = 0; j < PRINT_H(PRINT_DATA.PatternY); ++j)
    00000A4F DD 34 FF         [23] 2507 	inc	-1 (ix)
    00000A52 C3rA1r09         [10] 2508 	jp	00157$
    00000A55                       2509 00119$:
                                   2510 ;C:\Users\Jummy\Downloads\MSXgl-1.5.0b\engine/src/print.c:702: if (PRINT_DATA.FX & PRINT_FX_OUTLINE)
    00000A55 3Ar26r00         [13] 2511 	ld	a, (#(_g_PrintData + 38) + 0)
    00000A58 CB 4F            [ 8] 2512 	bit	1, a
    00000A5A CAr2Br0B         [10] 2513 	jp	z, 00138$
                                   2514 ;C:\Users\Jummy\Downloads\MSXgl-1.5.0b\engine/src/print.c:704: g_VDP_Command.DY = PRINT_DATA.CursorY - 1;
    00000A5D 01r00r00         [10] 2515 	ld	bc, #_g_VDP_Command+0
    00000A60 21r07r00         [10] 2516 	ld	hl, #_g_PrintData + 7
    00000A63 6E               [ 7] 2517 	ld	l, (hl)
    00000A64 26 00            [ 7] 2518 	ld	h, #0x00
    00000A66 2B               [ 6] 2519 	dec	hl
    00000A67 22r06r00         [16] 2520 	ld	((_g_VDP_Command + 6)), hl
                                   2521 ;C:\Users\Jummy\Downloads\MSXgl-1.5.0b\engine/src/print.c:705: g_VDP_Command.NX = 3;
    00000A6A 21 03 00         [10] 2522 	ld	hl, #0x0003
    00000A6D 22r08r00         [16] 2523 	ld	((_g_VDP_Command + 8)), hl
                                   2524 ;C:\Users\Jummy\Downloads\MSXgl-1.5.0b\engine/src/print.c:706: g_VDP_Command.NY = 3;
    00000A70 22r0Ar00         [16] 2525 	ld	((_g_VDP_Command + 10)), hl
                                   2526 ;C:\Users\Jummy\Downloads\MSXgl-1.5.0b\engine/src/print.c:707: g_VDP_Command.CLR = PRINT_DATA.OutlineColor;
    00000A73 3Ar29r00         [13] 2527 	ld	a, (#_g_PrintData + 41)
    00000A76 21r0Cr00         [10] 2528 	ld	hl, #(_g_VDP_Command + 12)
    00000A79 77               [ 7] 2529 	ld	(hl), a
                                   2530 ;C:\Users\Jummy\Downloads\MSXgl-1.5.0b\engine/src/print.c:708: g_VDP_Command.ARG = 0;
    00000A7A 23               [ 6] 2531 	inc	hl
    00000A7B 36 00            [10] 2532 	ld	(hl), #0x00
                                   2533 ;C:\Users\Jummy\Downloads\MSXgl-1.5.0b\engine/src/print.c:709: g_VDP_Command.CMD = (u8)(VDP_CMD_LMMV + 0);
    00000A7D 23               [ 6] 2534 	inc	hl
    00000A7E 36 80            [10] 2535 	ld	(hl), #0x80
                                   2536 ;C:\Users\Jummy\Downloads\MSXgl-1.5.0b\engine/src/print.c:710: for (u8 j = 0; j < PRINT_H(PRINT_DATA.PatternY); ++j)
    00000A80 1E 00            [ 7] 2537 	ld	e, #0x00
    00000A82                       2538 00160$:
    00000A82 21r01r00         [10] 2539 	ld	hl, #(_g_PrintData + 1)
    00000A85 7B               [ 4] 2540 	ld	a, e
    00000A86 96               [ 7] 2541 	sub	a, (hl)
    00000A87 D2r2Br0B         [10] 2542 	jp	nc, 00138$
                                   2543 ;C:\Users\Jummy\Downloads\MSXgl-1.5.0b\engine/src/print.c:712: g_VDP_Command.DX = PRINT_DATA.CursorX - 1;
    00000A8A 2Ar05r00         [16] 2544 	ld	hl, (#_g_PrintData + 5)
    00000A8D 2B               [ 6] 2545 	dec	hl
    00000A8E 22r04r00         [16] 2546 	ld	((_g_VDP_Command + 4)), hl
                                   2547 ;C:\Users\Jummy\Downloads\MSXgl-1.5.0b\engine/src/print.c:714: u8 f = patterns[j];
    00000A91 E1               [10] 2548 	pop	hl
    00000A92 E5               [11] 2549 	push	hl
    00000A93 16 00            [ 7] 2550 	ld	d, #0x00
    00000A95 19               [11] 2551 	add	hl, de
    00000A96 56               [ 7] 2552 	ld	d, (hl)
                                   2553 ;C:\Users\Jummy\Downloads\MSXgl-1.5.0b\engine/src/print.c:715: if (f & BIT_7) VDP_CommandSetupR36(); g_VDP_Command.DX++;
    00000A97 CB 7A            [ 8] 2554 	bit	7, d
    00000A99 28 07            [12] 2555 	jr	z, 00121$
    00000A9B C5               [11] 2556 	push	bc
    00000A9C D5               [11] 2557 	push	de
    00000A9D CDr00r00         [17] 2558 	call	_VDP_CommandSetupR36
    00000AA0 D1               [10] 2559 	pop	de
    00000AA1 C1               [10] 2560 	pop	bc
    00000AA2                       2561 00121$:
    00000AA2 2Ar04r00         [16] 2562 	ld	hl, (#(_g_VDP_Command + 4) + 0)
    00000AA5 23               [ 6] 2563 	inc	hl
    00000AA6 22r04r00         [16] 2564 	ld	((_g_VDP_Command + 4)), hl
                                   2565 ;C:\Users\Jummy\Downloads\MSXgl-1.5.0b\engine/src/print.c:716: if (f & BIT_6) VDP_CommandSetupR36(); g_VDP_Command.DX++;
    00000AA9 CB 72            [ 8] 2566 	bit	6, d
    00000AAB 28 07            [12] 2567 	jr	z, 00123$
    00000AAD C5               [11] 2568 	push	bc
    00000AAE D5               [11] 2569 	push	de
    00000AAF CDr00r00         [17] 2570 	call	_VDP_CommandSetupR36
    00000AB2 D1               [10] 2571 	pop	de
    00000AB3 C1               [10] 2572 	pop	bc
    00000AB4                       2573 00123$:
    00000AB4 2Ar04r00         [16] 2574 	ld	hl, (#(_g_VDP_Command + 4) + 0)
    00000AB7 23               [ 6] 2575 	inc	hl
    00000AB8 22r04r00         [16] 2576 	ld	((_g_VDP_Command + 4)), hl
                                   2577 ;C:\Users\Jummy\Downloads\MSXgl-1.5.0b\engine/src/print.c:717: if (f & BIT_5) VDP_CommandSetupR36(); g_VDP_Command.DX++;
    00000ABB CB 6A            [ 8] 2578 	bit	5, d
    00000ABD 28 07            [12] 2579 	jr	z, 00125$
    00000ABF C5               [11] 2580 	push	bc
    00000AC0 D5               [11] 2581 	push	de
    00000AC1 CDr00r00         [17] 2582 	call	_VDP_CommandSetupR36
    00000AC4 D1               [10] 2583 	pop	de
    00000AC5 C1               [10] 2584 	pop	bc
    00000AC6                       2585 00125$:
    00000AC6 2Ar04r00         [16] 2586 	ld	hl, (#(_g_VDP_Command + 4) + 0)
    00000AC9 23               [ 6] 2587 	inc	hl
    00000ACA 22r04r00         [16] 2588 	ld	((_g_VDP_Command + 4)), hl
                                   2589 ;C:\Users\Jummy\Downloads\MSXgl-1.5.0b\engine/src/print.c:718: if (f & BIT_4) VDP_CommandSetupR36(); g_VDP_Command.DX++;
    00000ACD CB 62            [ 8] 2590 	bit	4, d
    00000ACF 28 07            [12] 2591 	jr	z, 00127$
    00000AD1 C5               [11] 2592 	push	bc
    00000AD2 D5               [11] 2593 	push	de
    00000AD3 CDr00r00         [17] 2594 	call	_VDP_CommandSetupR36
    00000AD6 D1               [10] 2595 	pop	de
    00000AD7 C1               [10] 2596 	pop	bc
    00000AD8                       2597 00127$:
    00000AD8 2Ar04r00         [16] 2598 	ld	hl, (#(_g_VDP_Command + 4) + 0)
    00000ADB 23               [ 6] 2599 	inc	hl
    00000ADC 22r04r00         [16] 2600 	ld	((_g_VDP_Command + 4)), hl
                                   2601 ;C:\Users\Jummy\Downloads\MSXgl-1.5.0b\engine/src/print.c:719: if (f & BIT_3) VDP_CommandSetupR36(); g_VDP_Command.DX++;
    00000ADF CB 5A            [ 8] 2602 	bit	3, d
    00000AE1 28 07            [12] 2603 	jr	z, 00129$
    00000AE3 C5               [11] 2604 	push	bc
    00000AE4 D5               [11] 2605 	push	de
    00000AE5 CDr00r00         [17] 2606 	call	_VDP_CommandSetupR36
    00000AE8 D1               [10] 2607 	pop	de
    00000AE9 C1               [10] 2608 	pop	bc
    00000AEA                       2609 00129$:
    00000AEA 2Ar04r00         [16] 2610 	ld	hl, (#(_g_VDP_Command + 4) + 0)
    00000AED 23               [ 6] 2611 	inc	hl
    00000AEE 22r04r00         [16] 2612 	ld	((_g_VDP_Command + 4)), hl
                                   2613 ;C:\Users\Jummy\Downloads\MSXgl-1.5.0b\engine/src/print.c:720: if (f & BIT_2) VDP_CommandSetupR36(); g_VDP_Command.DX++;
    00000AF1 CB 52            [ 8] 2614 	bit	2, d
    00000AF3 28 07            [12] 2615 	jr	z, 00131$
    00000AF5 C5               [11] 2616 	push	bc
    00000AF6 D5               [11] 2617 	push	de
    00000AF7 CDr00r00         [17] 2618 	call	_VDP_CommandSetupR36
    00000AFA D1               [10] 2619 	pop	de
    00000AFB C1               [10] 2620 	pop	bc
    00000AFC                       2621 00131$:
    00000AFC 2Ar04r00         [16] 2622 	ld	hl, (#(_g_VDP_Command + 4) + 0)
    00000AFF 23               [ 6] 2623 	inc	hl
    00000B00 22r04r00         [16] 2624 	ld	((_g_VDP_Command + 4)), hl
                                   2625 ;C:\Users\Jummy\Downloads\MSXgl-1.5.0b\engine/src/print.c:721: if (f & BIT_1) VDP_CommandSetupR36(); g_VDP_Command.DX++;
    00000B03 CB 4A            [ 8] 2626 	bit	1, d
    00000B05 28 07            [12] 2627 	jr	z, 00133$
    00000B07 C5               [11] 2628 	push	bc
    00000B08 D5               [11] 2629 	push	de
    00000B09 CDr00r00         [17] 2630 	call	_VDP_CommandSetupR36
    00000B0C D1               [10] 2631 	pop	de
    00000B0D C1               [10] 2632 	pop	bc
    00000B0E                       2633 00133$:
    00000B0E 2Ar04r00         [16] 2634 	ld	hl, (#(_g_VDP_Command + 4) + 0)
    00000B11 23               [ 6] 2635 	inc	hl
    00000B12 22r04r00         [16] 2636 	ld	((_g_VDP_Command + 4)), hl
                                   2637 ;C:\Users\Jummy\Downloads\MSXgl-1.5.0b\engine/src/print.c:722: if (f & BIT_0) VDP_CommandSetupR36();
    00000B15 CB 42            [ 8] 2638 	bit	0, d
    00000B17 28 07            [12] 2639 	jr	z, 00135$
    00000B19 C5               [11] 2640 	push	bc
    00000B1A D5               [11] 2641 	push	de
    00000B1B CDr00r00         [17] 2642 	call	_VDP_CommandSetupR36
    00000B1E D1               [10] 2643 	pop	de
    00000B1F C1               [10] 2644 	pop	bc
    00000B20                       2645 00135$:
                                   2646 ;C:\Users\Jummy\Downloads\MSXgl-1.5.0b\engine/src/print.c:723: g_VDP_Command.DY++;
    00000B20 2Ar06r00         [16] 2647 	ld	hl, (#(_g_VDP_Command + 6) + 0)
    00000B23 23               [ 6] 2648 	inc	hl
    00000B24 22r06r00         [16] 2649 	ld	((_g_VDP_Command + 6)), hl
                                   2650 ;C:\Users\Jummy\Downloads\MSXgl-1.5.0b\engine/src/print.c:710: for (u8 j = 0; j < PRINT_H(PRINT_DATA.PatternY); ++j)
    00000B27 1C               [ 4] 2651 	inc	e
    00000B28 C3r82r0A         [10] 2652 	jp	00160$
    00000B2B                       2653 00138$:
                                   2654 ;C:\Users\Jummy\Downloads\MSXgl-1.5.0b\engine/src/print.c:732: g_VDP_Command.DY = PRINT_DATA.CursorY;
    00000B2B 21r07r00         [10] 2655 	ld	hl, #_g_PrintData + 7
    00000B2E 6E               [ 7] 2656 	ld	l, (hl)
    00000B2F 26 00            [ 7] 2657 	ld	h, #0x00
    00000B31 22r06r00         [16] 2658 	ld	((_g_VDP_Command + 6)), hl
                                   2659 ;C:\Users\Jummy\Downloads\MSXgl-1.5.0b\engine/src/print.c:733: g_VDP_Command.ARG = 0;
    00000B34 21r0Dr00         [10] 2660 	ld	hl, #_g_VDP_Command + 13
    00000B37 36 00            [10] 2661 	ld	(hl), #0x00
                                   2662 ;C:\Users\Jummy\Downloads\MSXgl-1.5.0b\engine/src/print.c:734: g_VDP_Command.CMD = VDP_CMD_PSET + 0;
    00000B39 21r0Er00         [10] 2663 	ld	hl, #_g_VDP_Command + 14
    00000B3C 36 50            [10] 2664 	ld	(hl), #0x50
                                   2665 ;C:\Users\Jummy\Downloads\MSXgl-1.5.0b\engine/src/print.c:738: for (u8 j = 0; j < PRINT_H(PRINT_DATA.PatternY); ++j)
    00000B3E DD 36 FF 00      [19] 2666 	ld	-1 (ix), #0x00
    00000B42                       2667 00163$:
    00000B42 21r01r00         [10] 2668 	ld	hl, #(_g_PrintData + 1)
    00000B45 DD 7E FF         [19] 2669 	ld	a,-1 (ix)
    00000B48 96               [ 7] 2670 	sub	a,(hl)
    00000B49 D2rF3r0B         [10] 2671 	jp	nc, 00165$
                                   2672 ;C:\Users\Jummy\Downloads\MSXgl-1.5.0b\engine/src/print.c:741: g_VDP_Command.CLR = PRINT_DATA.TextColor[j];
    00000B4C 3Er08            [ 7] 2673 	ld	a, #<((_g_PrintData + 8))
    00000B4E DD 86 FF         [19] 2674 	add	a, -1 (ix)
    00000B51 6F               [ 4] 2675 	ld	l, a
    00000B52 3Es00            [ 7] 2676 	ld	a, #>((_g_PrintData + 8))
    00000B54 CE 00            [ 7] 2677 	adc	a, #0x00
    00000B56 67               [ 4] 2678 	ld	h, a
    00000B57 7E               [ 7] 2679 	ld	a, (hl)
    00000B58 32r0Cr00         [13] 2680 	ld	(#(_g_VDP_Command + 12)), a
                                   2681 ;C:\Users\Jummy\Downloads\MSXgl-1.5.0b\engine/src/print.c:743: g_VDP_Command.DX = PRINT_DATA.CursorX;
    00000B5B 2Ar05r00         [16] 2682 	ld	hl, (#_g_PrintData + 5)
    00000B5E 22r04r00         [16] 2683 	ld	((_g_VDP_Command + 4)), hl
                                   2684 ;C:\Users\Jummy\Downloads\MSXgl-1.5.0b\engine/src/print.c:745: u8 f = patterns[j];
    00000B61 DD 7E FD         [19] 2685 	ld	a, -3 (ix)
    00000B64 DD 86 FF         [19] 2686 	add	a, -1 (ix)
    00000B67 6F               [ 4] 2687 	ld	l, a
    00000B68 DD 7E FE         [19] 2688 	ld	a, -2 (ix)
    00000B6B CE 00            [ 7] 2689 	adc	a, #0x00
    00000B6D 67               [ 4] 2690 	ld	h, a
    00000B6E 4E               [ 7] 2691 	ld	c, (hl)
                                   2692 ;C:\Users\Jummy\Downloads\MSXgl-1.5.0b\engine/src/print.c:746: if (f & BIT_7) VDP_CommandSetupR36(); g_VDP_Command.DX++;
    00000B6F CB 79            [ 8] 2693 	bit	7, c
    00000B71 28 05            [12] 2694 	jr	z, 00140$
    00000B73 C5               [11] 2695 	push	bc
    00000B74 CDr00r00         [17] 2696 	call	_VDP_CommandSetupR36
    00000B77 C1               [10] 2697 	pop	bc
    00000B78                       2698 00140$:
    00000B78 2Ar04r00         [16] 2699 	ld	hl, (#(_g_VDP_Command + 4) + 0)
    00000B7B 23               [ 6] 2700 	inc	hl
    00000B7C 22r04r00         [16] 2701 	ld	((_g_VDP_Command + 4)), hl
                                   2702 ;C:\Users\Jummy\Downloads\MSXgl-1.5.0b\engine/src/print.c:747: if (f & BIT_6) VDP_CommandSetupR36(); g_VDP_Command.DX++;
    00000B7F CB 71            [ 8] 2703 	bit	6, c
    00000B81 28 05            [12] 2704 	jr	z, 00142$
    00000B83 C5               [11] 2705 	push	bc
    00000B84 CDr00r00         [17] 2706 	call	_VDP_CommandSetupR36
    00000B87 C1               [10] 2707 	pop	bc
    00000B88                       2708 00142$:
    00000B88 2Ar04r00         [16] 2709 	ld	hl, (#(_g_VDP_Command + 4) + 0)
    00000B8B 23               [ 6] 2710 	inc	hl
    00000B8C 22r04r00         [16] 2711 	ld	((_g_VDP_Command + 4)), hl
                                   2712 ;C:\Users\Jummy\Downloads\MSXgl-1.5.0b\engine/src/print.c:748: if (f & BIT_5) VDP_CommandSetupR36(); g_VDP_Command.DX++;
    00000B8F CB 69            [ 8] 2713 	bit	5, c
    00000B91 28 05            [12] 2714 	jr	z, 00144$
    00000B93 C5               [11] 2715 	push	bc
    00000B94 CDr00r00         [17] 2716 	call	_VDP_CommandSetupR36
    00000B97 C1               [10] 2717 	pop	bc
    00000B98                       2718 00144$:
    00000B98 2Ar04r00         [16] 2719 	ld	hl, (#(_g_VDP_Command + 4) + 0)
    00000B9B 23               [ 6] 2720 	inc	hl
    00000B9C 22r04r00         [16] 2721 	ld	((_g_VDP_Command + 4)), hl
                                   2722 ;C:\Users\Jummy\Downloads\MSXgl-1.5.0b\engine/src/print.c:749: if (f & BIT_4) VDP_CommandSetupR36(); g_VDP_Command.DX++;
    00000B9F CB 61            [ 8] 2723 	bit	4, c
    00000BA1 28 05            [12] 2724 	jr	z, 00146$
    00000BA3 C5               [11] 2725 	push	bc
    00000BA4 CDr00r00         [17] 2726 	call	_VDP_CommandSetupR36
    00000BA7 C1               [10] 2727 	pop	bc
    00000BA8                       2728 00146$:
    00000BA8 2Ar04r00         [16] 2729 	ld	hl, (#(_g_VDP_Command + 4) + 0)
    00000BAB 23               [ 6] 2730 	inc	hl
    00000BAC 22r04r00         [16] 2731 	ld	((_g_VDP_Command + 4)), hl
                                   2732 ;C:\Users\Jummy\Downloads\MSXgl-1.5.0b\engine/src/print.c:750: if (f & BIT_3) VDP_CommandSetupR36(); g_VDP_Command.DX++;
    00000BAF CB 59            [ 8] 2733 	bit	3, c
    00000BB1 28 05            [12] 2734 	jr	z, 00148$
    00000BB3 C5               [11] 2735 	push	bc
    00000BB4 CDr00r00         [17] 2736 	call	_VDP_CommandSetupR36
    00000BB7 C1               [10] 2737 	pop	bc
    00000BB8                       2738 00148$:
    00000BB8 2Ar04r00         [16] 2739 	ld	hl, (#(_g_VDP_Command + 4) + 0)
    00000BBB 23               [ 6] 2740 	inc	hl
    00000BBC 22r04r00         [16] 2741 	ld	((_g_VDP_Command + 4)), hl
                                   2742 ;C:\Users\Jummy\Downloads\MSXgl-1.5.0b\engine/src/print.c:751: if (f & BIT_2) VDP_CommandSetupR36(); g_VDP_Command.DX++;
    00000BBF CB 51            [ 8] 2743 	bit	2, c
    00000BC1 28 05            [12] 2744 	jr	z, 00150$
    00000BC3 C5               [11] 2745 	push	bc
    00000BC4 CDr00r00         [17] 2746 	call	_VDP_CommandSetupR36
    00000BC7 C1               [10] 2747 	pop	bc
    00000BC8                       2748 00150$:
    00000BC8 2Ar04r00         [16] 2749 	ld	hl, (#(_g_VDP_Command + 4) + 0)
    00000BCB 23               [ 6] 2750 	inc	hl
    00000BCC 22r04r00         [16] 2751 	ld	((_g_VDP_Command + 4)), hl
                                   2752 ;C:\Users\Jummy\Downloads\MSXgl-1.5.0b\engine/src/print.c:752: if (f & BIT_1) VDP_CommandSetupR36(); g_VDP_Command.DX++;
    00000BCF CB 49            [ 8] 2753 	bit	1, c
    00000BD1 28 05            [12] 2754 	jr	z, 00152$
    00000BD3 C5               [11] 2755 	push	bc
    00000BD4 CDr00r00         [17] 2756 	call	_VDP_CommandSetupR36
    00000BD7 C1               [10] 2757 	pop	bc
    00000BD8                       2758 00152$:
    00000BD8 2Ar04r00         [16] 2759 	ld	hl, (#(_g_VDP_Command + 4) + 0)
    00000BDB 23               [ 6] 2760 	inc	hl
    00000BDC 22r04r00         [16] 2761 	ld	((_g_VDP_Command + 4)), hl
                                   2762 ;C:\Users\Jummy\Downloads\MSXgl-1.5.0b\engine/src/print.c:753: if (f & BIT_0) VDP_CommandSetupR36();
    00000BDF CB 41            [ 8] 2763 	bit	0, c
    00000BE1 28 03            [12] 2764 	jr	z, 00154$
    00000BE3 CDr00r00         [17] 2765 	call	_VDP_CommandSetupR36
    00000BE6                       2766 00154$:
                                   2767 ;C:\Users\Jummy\Downloads\MSXgl-1.5.0b\engine/src/print.c:754: g_VDP_Command.DY++;
    00000BE6 2Ar06r00         [16] 2768 	ld	hl, (#(_g_VDP_Command + 6) + 0)
    00000BE9 23               [ 6] 2769 	inc	hl
    00000BEA 22r06r00         [16] 2770 	ld	((_g_VDP_Command + 6)), hl
                                   2771 ;C:\Users\Jummy\Downloads\MSXgl-1.5.0b\engine/src/print.c:738: for (u8 j = 0; j < PRINT_H(PRINT_DATA.PatternY); ++j)
    00000BED DD 34 FF         [23] 2772 	inc	-1 (ix)
    00000BF0 C3r42r0B         [10] 2773 	jp	00163$
    00000BF3                       2774 00165$:
                                   2775 ;C:\Users\Jummy\Downloads\MSXgl-1.5.0b\engine/src/print.c:756: }
    00000BF3 DD F9            [10] 2776 	ld	sp, ix
    00000BF5 DD E1            [14] 2777 	pop	ix
    00000BF7 C9               [10] 2778 	ret
                                   2779 ;C:\Users\Jummy\Downloads\MSXgl-1.5.0b\engine/src/print.c:771: void Print_SetVRAMFont(const u8* font, UY y, u8 color, bool trans)
                                   2780 ;	---------------------------------
                                   2781 ; Function Print_SetVRAMFont
                                   2782 ; ---------------------------------
    00000BF8                       2783 _Print_SetVRAMFont::
    00000BF8 DD E5            [15] 2784 	push	ix
    00000BFA DD 21 00 00      [14] 2785 	ld	ix,	#0
    00000BFE DD 39            [15] 2786 	add	ix, sp
    00000C00 FD 21 F8 FF      [14] 2787 	ld	iy, #-8
    00000C04 FD 39            [15] 2788 	add	iy, sp
    00000C06 FD F9            [10] 2789 	ld	sp, iy
    00000C08 EB               [ 4] 2790 	ex	de, hl
                                   2791 ;C:\Users\Jummy\Downloads\MSXgl-1.5.0b\engine/src/print.c:773: UX cx = PRINT_DATA.CursorX;
    00000C09 21r05r00         [10] 2792 	ld	hl, #(_g_PrintData + 5)
    00000C0C 7E               [ 7] 2793 	ld	a, (hl)
    00000C0D DD 77 F8         [19] 2794 	ld	-8 (ix), a
    00000C10 23               [ 6] 2795 	inc	hl
    00000C11 7E               [ 7] 2796 	ld	a, (hl)
    00000C12 DD 77 F9         [19] 2797 	ld	-7 (ix), a
                                   2798 ;C:\Users\Jummy\Downloads\MSXgl-1.5.0b\engine/src/print.c:774: UY cy = PRINT_DATA.CursorY;
    00000C15 21r07r00         [10] 2799 	ld	hl, #(_g_PrintData + 7)
    00000C18 7E               [ 7] 2800 	ld	a, (hl)
    00000C19 DD 77 FA         [19] 2801 	ld	-6 (ix), a
                                   2802 ;C:\Users\Jummy\Downloads\MSXgl-1.5.0b\engine/src/print.c:776: Print_SetFont(font);
    00000C1C EB               [ 4] 2803 	ex	de, hl
    00000C1D CDr00r02         [17] 2804 	call	_Print_SetFont
                                   2805 ;C:\Users\Jummy\Downloads\MSXgl-1.5.0b\engine/src/print.c:777: Print_Initialize();
    00000C20 CDr94r00         [17] 2806 	call	_Print_Initialize
                                   2807 ;C:\Users\Jummy\Downloads\MSXgl-1.5.0b\engine/src/print.c:778: Print_SetColor(color, 0x0);
    00000C23 2E 00            [ 7] 2808 	ld	l, #0x00
    00000C25 DD 7E 05         [19] 2809 	ld	a, 5 (ix)
    00000C28 CDrF7r03         [17] 2810 	call	_Print_SetColor
                                   2811 ;C:\Users\Jummy\Downloads\MSXgl-1.5.0b\engine/src/print.c:781: Print_SetMode(PRINT_MODE_BITMAP_TRANS); // Activate default mode to write font data into VRAM
    00000C2B 3E 01            [ 7] 2812 	ld	a, #0x01
    00000C2D CDr79r01         [17] 2813 	call	_Print_SetMode
                                   2814 ;C:\Users\Jummy\Downloads\MSXgl-1.5.0b\engine/src/print.c:782: PRINT_DATA.FontVRAMY = y;
    00000C30 21r21r00         [10] 2815 	ld	hl, #(_g_PrintData + 33)
    00000C33 DD 7E 04         [19] 2816 	ld	a, 4 (ix)
    00000C36 77               [ 7] 2817 	ld	(hl), a
                                   2818 ;C:\Users\Jummy\Downloads\MSXgl-1.5.0b\engine/src/print.c:784: u8 nx = PRINT_DATA.ScreenWidth / PRINT_W(PRINT_DATA.UnitX);
    00000C37 ED 4Br1Br00      [20] 2819 	ld	bc, (#(_g_PrintData + 27) + 0)
    00000C3B 21r02r00         [10] 2820 	ld	hl, #(_g_PrintData + 2)
    00000C3E 5E               [ 7] 2821 	ld	e, (hl)
    00000C3F 16 00            [ 7] 2822 	ld	d, #0x00
    00000C41 69               [ 4] 2823 	ld	l, c
    00000C42 60               [ 4] 2824 	ld	h, b
    00000C43 CDr00r00         [17] 2825 	call	__divuint
    00000C46 DD 73 FB         [19] 2826 	ld	-5 (ix), e
                                   2827 ;C:\Users\Jummy\Downloads\MSXgl-1.5.0b\engine/src/print.c:785: for (u16 chr = PRINT_DATA.CharFirst; chr <= PRINT_DATA.CharLast; ++chr)
    00000C49 3Ar15r00         [13] 2828 	ld	a, (#(_g_PrintData + 21) + 0)
    00000C4C DD 77 FE         [19] 2829 	ld	-2 (ix), a
    00000C4F DD 36 FF 00      [19] 2830 	ld	-1 (ix), #0x00
    00000C53                       2831 00105$:
    00000C53 21r16r00         [10] 2832 	ld	hl, #_g_PrintData + 22
    00000C56 4E               [ 7] 2833 	ld	c, (hl)
    00000C57 06 00            [ 7] 2834 	ld	b, #0x00
    00000C59 79               [ 4] 2835 	ld	a, c
    00000C5A DD 96 FE         [19] 2836 	sub	a, -2 (ix)
    00000C5D 78               [ 4] 2837 	ld	a, b
    00000C5E DD 9E FF         [19] 2838 	sbc	a, -1 (ix)
    00000C61 DAr11r0D         [10] 2839 	jp	c, 00101$
                                   2840 ;C:\Users\Jummy\Downloads\MSXgl-1.5.0b\engine/src/print.c:787: u16 idx = chr - PRINT_DATA.CharFirst;
    00000C64 21r15r00         [10] 2841 	ld	hl, #(_g_PrintData + 21)
    00000C67 4E               [ 7] 2842 	ld	c, (hl)
    00000C68 06 00            [ 7] 2843 	ld	b, #0x00
    00000C6A DD 7E FE         [19] 2844 	ld	a, -2 (ix)
    00000C6D DD 5E FF         [19] 2845 	ld	e, -1 (ix)
    00000C70 91               [ 4] 2846 	sub	a, c
    00000C71 4F               [ 4] 2847 	ld	c, a
    00000C72 7B               [ 4] 2848 	ld	a, e
    00000C73 98               [ 4] 2849 	sbc	a, b
    00000C74 47               [ 4] 2850 	ld	b, a
                                   2851 ;C:\Users\Jummy\Downloads\MSXgl-1.5.0b\engine/src/print.c:789: PRINT_DATA.CursorX = (idx % nx) * PRINT_W(PRINT_DATA.UnitX);		
    00000C75 DD 7E FB         [19] 2852 	ld	a, -5 (ix)
    00000C78 DD 77 FC         [19] 2853 	ld	-4 (ix), a
    00000C7B DD 36 FD 00      [19] 2854 	ld	-3 (ix), #0x00
    00000C7F C5               [11] 2855 	push	bc
    00000C80 DD 5E FC         [19] 2856 	ld	e, -4 (ix)
    00000C83 16 00            [ 7] 2857 	ld	d, #0x00
    00000C85 69               [ 4] 2858 	ld	l, c
    00000C86 60               [ 4] 2859 	ld	h, b
    00000C87 CDr00r00         [17] 2860 	call	__moduint
    00000C8A C1               [10] 2861 	pop	bc
    00000C8B 21r02r00         [10] 2862 	ld	hl, #(_g_PrintData + 2)
    00000C8E 66               [ 7] 2863 	ld	h, (hl)
    00000C8F C5               [11] 2864 	push	bc
    00000C90 2E 00            [ 7] 2865 	ld	l, #0x00
    00000C92 55               [ 4] 2866 	ld	d, l
    00000C93 06 08            [ 7] 2867 	ld	b, #0x08
    00000C95                       2868 00136$:
    00000C95 29               [11] 2869 	add	hl, hl
    00000C96 30 01            [12] 2870 	jr	nc, 00137$
    00000C98 19               [11] 2871 	add	hl, de
    00000C99                       2872 00137$:
    00000C99 10 FA            [13] 2873 	djnz	00136$
    00000C9B C1               [10] 2874 	pop	bc
    00000C9C 22r05r00         [16] 2875 	ld	((_g_PrintData + 5)), hl
                                   2876 ;C:\Users\Jummy\Downloads\MSXgl-1.5.0b\engine/src/print.c:790: PRINT_DATA.CursorY = (idx / nx) * PRINT_H(PRINT_DATA.PatternY) + y;
    00000C9F DD 5E FC         [19] 2877 	ld	e, -4 (ix)
    00000CA2 16 00            [ 7] 2878 	ld	d, #0x00
    00000CA4 69               [ 4] 2879 	ld	l, c
    00000CA5 60               [ 4] 2880 	ld	h, b
    00000CA6 CDr00r00         [17] 2881 	call	__divuint
    00000CA9 21r01r00         [10] 2882 	ld	hl, #(_g_PrintData + 1)
    00000CAC 66               [ 7] 2883 	ld	h, (hl)
    00000CAD 2E 00            [ 7] 2884 	ld	l, #0x00
    00000CAF 55               [ 4] 2885 	ld	d, l
    00000CB0 06 08            [ 7] 2886 	ld	b, #0x08
    00000CB2                       2887 00138$:
    00000CB2 29               [11] 2888 	add	hl, hl
    00000CB3 30 01            [12] 2889 	jr	nc, 00139$
    00000CB5 19               [11] 2890 	add	hl, de
    00000CB6                       2891 00139$:
    00000CB6 10 FA            [13] 2892 	djnz	00138$
    00000CB8 7D               [ 4] 2893 	ld	a, l
    00000CB9 DD 86 04         [19] 2894 	add	a, 4 (ix)
    00000CBC 32r07r00         [13] 2895 	ld	(#(_g_PrintData + 7)), a
                                   2896 ;C:\Users\Jummy\Downloads\MSXgl-1.5.0b\engine/src/print.c:791: VDP_CommandHMMV(PRINT_DATA.CursorX, PRINT_DATA.CursorY, PRINT_W(PRINT_DATA.UnitX), PRINT_H(PRINT_DATA.PatternY), 0);
    00000CBF 21r01r00         [10] 2897 	ld	hl, #(_g_PrintData + 1)
    00000CC2 4E               [ 7] 2898 	ld	c, (hl)
    00000CC3 06 00            [ 7] 2899 	ld	b, #0x00
    00000CC5 21r02r00         [10] 2900 	ld	hl, #(_g_PrintData + 2)
    00000CC8 5E               [ 7] 2901 	ld	e, (hl)
    00000CC9 16 00            [ 7] 2902 	ld	d, #0x00
    00000CCB DD 77 FC         [19] 2903 	ld	-4 (ix), a
    00000CCE DD 36 FD 00      [19] 2904 	ld	-3 (ix), #0x00
    00000CD2 2Ar05r00         [16] 2905 	ld	hl, (#(_g_PrintData + 5) + 0)
                                   2906 ;C:\Users\Jummy\Downloads\MSXgl-1.5.0b\engine/src/vdp_inl.h:167: g_VDP_Command.DX = dx; 
    00000CD5 22r04r00         [16] 2907 	ld	((_g_VDP_Command + 4)), hl
                                   2908 ;C:\Users\Jummy\Downloads\MSXgl-1.5.0b\engine/src/vdp_inl.h:168: g_VDP_Command.DY = dy; 
    00000CD8 21r06r00         [10] 2909 	ld	hl, #(_g_VDP_Command + 6)
    00000CDB DD 7E FC         [19] 2910 	ld	a, -4 (ix)
    00000CDE 77               [ 7] 2911 	ld	(hl), a
    00000CDF 23               [ 6] 2912 	inc	hl
    00000CE0 AF               [ 4] 2913 	xor	a, a
    00000CE1 77               [ 7] 2914 	ld	(hl), a
                                   2915 ;C:\Users\Jummy\Downloads\MSXgl-1.5.0b\engine/src/vdp_inl.h:169: g_VDP_Command.NX = nx; 
    00000CE2 ED 53r08r00      [20] 2916 	ld	((_g_VDP_Command + 8)), de
                                   2917 ;C:\Users\Jummy\Downloads\MSXgl-1.5.0b\engine/src/vdp_inl.h:170: g_VDP_Command.NY = ny; 
    00000CE6 ED 43r0Ar00      [20] 2918 	ld	((_g_VDP_Command + 10)), bc
                                   2919 ;C:\Users\Jummy\Downloads\MSXgl-1.5.0b\engine/src/vdp_inl.h:171: g_VDP_Command.CLR = col; 
    00000CEA 21r0Cr00         [10] 2920 	ld	hl, #_g_VDP_Command + 12
    00000CED 36 00            [10] 2921 	ld	(hl), #0x00
                                   2922 ;C:\Users\Jummy\Downloads\MSXgl-1.5.0b\engine/src/vdp_inl.h:172: g_VDP_Command.ARG = arg; 
    00000CEF 21r0Dr00         [10] 2923 	ld	hl, #_g_VDP_Command + 13
    00000CF2 36 00            [10] 2924 	ld	(hl), #0x00
                                   2925 ;C:\Users\Jummy\Downloads\MSXgl-1.5.0b\engine/src/vdp_inl.h:173: g_VDP_Command.CMD = VDP_CMD_HMMV;
    00000CF4 21r0Er00         [10] 2926 	ld	hl, #_g_VDP_Command + 14
    00000CF7 36 C0            [10] 2927 	ld	(hl), #0xc0
                                   2928 ;C:\Users\Jummy\Downloads\MSXgl-1.5.0b\engine/src/vdp_inl.h:174: VDP_CommandSetupR36();
    00000CF9 CDr00r00         [17] 2929 	call	_VDP_CommandSetupR36
                                   2930 ;C:\Users\Jummy\Downloads\MSXgl-1.5.0b\engine/src/print.c:792: PRINT_DATA.DrawChar(chr);
    00000CFC 2Ar18r00         [16] 2931 	ld	hl, (#_g_PrintData + 24)
    00000CFF DD 7E FE         [19] 2932 	ld	a, -2 (ix)
    00000D02 CDr00r00         [17] 2933 	call	___sdcc_call_hl
                                   2934 ;C:\Users\Jummy\Downloads\MSXgl-1.5.0b\engine/src/print.c:785: for (u16 chr = PRINT_DATA.CharFirst; chr <= PRINT_DATA.CharLast; ++chr)
    00000D05 DD 34 FE         [23] 2935 	inc	-2 (ix)
    00000D08 C2r53r0C         [10] 2936 	jp	nz, 00105$
    00000D0B DD 34 FF         [23] 2937 	inc	-1 (ix)
    00000D0E C3r53r0C         [10] 2938 	jp	00105$
    00000D11                       2939 00101$:
                                   2940 ;C:\Users\Jummy\Downloads\MSXgl-1.5.0b\engine/src/print.c:795: PRINT_DATA.CursorX = cx;
    00000D11 21r05r00         [10] 2941 	ld	hl, #(_g_PrintData + 5)
    00000D14 DD 7E F8         [19] 2942 	ld	a, -8 (ix)
    00000D17 77               [ 7] 2943 	ld	(hl), a
    00000D18 23               [ 6] 2944 	inc	hl
    00000D19 DD 7E F9         [19] 2945 	ld	a, -7 (ix)
    00000D1C 77               [ 7] 2946 	ld	(hl), a
                                   2947 ;C:\Users\Jummy\Downloads\MSXgl-1.5.0b\engine/src/print.c:796: PRINT_DATA.CursorY = cy;
    00000D1D 23               [ 6] 2948 	inc	hl
    00000D1E DD 7E FA         [19] 2949 	ld	a, -6 (ix)
    00000D21 77               [ 7] 2950 	ld	(hl), a
                                   2951 ;C:\Users\Jummy\Downloads\MSXgl-1.5.0b\engine/src/print.c:798: PRINT_DATA.CharPerLine = PRINT_DATA.ScreenWidth / PRINT_W(PRINT_DATA.UnitX);
    00000D22 ED 4Br1Br00      [20] 2952 	ld	bc, (#(_g_PrintData + 27) + 0)
    00000D26 21r02r00         [10] 2953 	ld	hl, #(_g_PrintData + 2)
    00000D29 5E               [ 7] 2954 	ld	e, (hl)
    00000D2A 16 00            [ 7] 2955 	ld	d, #0x00
    00000D2C 69               [ 4] 2956 	ld	l, c
    00000D2D 60               [ 4] 2957 	ld	h, b
    00000D2E CDr00r00         [17] 2958 	call	__divuint
    00000D31 21r22r00         [10] 2959 	ld	hl, #(_g_PrintData + 34)
    00000D34 73               [ 7] 2960 	ld	(hl), e
                                   2961 ;C:\Users\Jummy\Downloads\MSXgl-1.5.0b\engine/src/print.c:800: Print_SetMode(trans ? PRINT_MODE_BITMAP_VRAM_TRANS : PRINT_MODE_BITMAP_VRAM);
    00000D35 DD 7E 06         [19] 2962 	ld	a, 6 (ix)
    00000D38 B7               [ 4] 2963 	or	a, a
    00000D39 3E 03            [ 7] 2964 	ld	a, #0x03
    00000D3B 20 02            [12] 2965 	jr	nz, 00110$
    00000D3D 3E 02            [ 7] 2966 	ld	a, #0x02
    00000D3F                       2967 00110$:
    00000D3F CDr79r01         [17] 2968 	call	_Print_SetMode
                                   2969 ;C:\Users\Jummy\Downloads\MSXgl-1.5.0b\engine/src/print.c:801: }
    00000D42 DD F9            [10] 2970 	ld	sp, ix
    00000D44 DD E1            [14] 2971 	pop	ix
    00000D46 E1               [10] 2972 	pop	hl
    00000D47 F1               [10] 2973 	pop	af
    00000D48 33               [ 6] 2974 	inc	sp
    00000D49 E9               [ 4] 2975 	jp	(hl)
                                   2976 ;C:\Users\Jummy\Downloads\MSXgl-1.5.0b\engine/src/print.c:807: void DrawChar_VRAM256(u8 chr)
                                   2977 ;	---------------------------------
                                   2978 ; Function DrawChar_VRAM256
                                   2979 ; ---------------------------------
    00000D4A                       2980 _DrawChar_VRAM256::
    00000D4A DD E5            [15] 2981 	push	ix
    00000D4C DD 21 00 00      [14] 2982 	ld	ix,	#0
    00000D50 DD 39            [15] 2983 	add	ix, sp
    00000D52 21 F3 FF         [10] 2984 	ld	hl, #-13
    00000D55 39               [11] 2985 	add	hl, sp
    00000D56 F9               [ 6] 2986 	ld	sp, hl
                                   2987 ;C:\Users\Jummy\Downloads\MSXgl-1.5.0b\engine/src/print.c:810: chr = Print_ValidateChar(chr);
    00000D57 CDr8Fr05         [17] 2988 	call	_Print_ValidateChar
    00000D5A 4F               [ 4] 2989 	ld	c, a
                                   2990 ;C:\Users\Jummy\Downloads\MSXgl-1.5.0b\engine/src/print.c:812: u8 idx = chr - PRINT_DATA.CharFirst;
    00000D5B 21r15r00         [10] 2991 	ld	hl, #_g_PrintData + 21
    00000D5E 79               [ 4] 2992 	ld	a, c
    00000D5F 96               [ 7] 2993 	sub	a, (hl)
    00000D60 4F               [ 4] 2994 	ld	c, a
                                   2995 ;C:\Users\Jummy\Downloads\MSXgl-1.5.0b\engine/src/print.c:813: u16 sx = (idx % PRINT_MOD256) * PRINT_W(PRINT_DATA.UnitX);		
    00000D61 21r22r00         [10] 2996 	ld	hl, #_g_PrintData + 34
    00000D64 46               [ 7] 2997 	ld	b, (hl)
    00000D65 C5               [11] 2998 	push	bc
    00000D66 68               [ 4] 2999 	ld	l, b
    00000D67 79               [ 4] 3000 	ld	a, c
    00000D68 CDr00r00         [17] 3001 	call	__moduchar
    00000D6B C1               [10] 3002 	pop	bc
    00000D6C 3Ar02r00         [13] 3003 	ld	a, (#_g_PrintData + 2)
    00000D6F DD 77 FF         [19] 3004 	ld	-1 (ix), a
    00000D72 C5               [11] 3005 	push	bc
    00000D73 67               [ 4] 3006 	ld	h, a
    00000D74 2E 00            [ 7] 3007 	ld	l, #0x00
    00000D76 55               [ 4] 3008 	ld	d, l
    00000D77 06 08            [ 7] 3009 	ld	b, #0x08
    00000D79                       3010 00118$:
    00000D79 29               [11] 3011 	add	hl, hl
    00000D7A 30 01            [12] 3012 	jr	nc, 00119$
    00000D7C 19               [11] 3013 	add	hl, de
    00000D7D                       3014 00119$:
    00000D7D 10 FA            [13] 3015 	djnz	00118$
    00000D7F C1               [10] 3016 	pop	bc
    00000D80 E3               [19] 3017 	ex	(sp), hl
                                   3018 ;C:\Users\Jummy\Downloads\MSXgl-1.5.0b\engine/src/print.c:814: u16 sy = (idx / PRINT_MOD256) * PRINT_H(PRINT_DATA.PatternY) + PRINT_DATA.FontVRAMY;
    00000D81 68               [ 4] 3019 	ld	l, b
    00000D82 79               [ 4] 3020 	ld	a, c
    00000D83 CDr00r00         [17] 3021 	call	__divuchar
    00000D86 DD 73 FD         [19] 3022 	ld	-3 (ix), e
    00000D89 3Ar01r00         [13] 3023 	ld	a, (#_g_PrintData + 1)
    00000D8C DD 77 FE         [19] 3024 	ld	-2 (ix), a
    00000D8F 5F               [ 4] 3025 	ld	e, a
    00000D90 DD 66 FD         [19] 3026 	ld	h, -3 (ix)
    00000D93 2E 00            [ 7] 3027 	ld	l, #0x00
    00000D95 55               [ 4] 3028 	ld	d, l
    00000D96 06 08            [ 7] 3029 	ld	b, #0x08
    00000D98                       3030 00120$:
    00000D98 29               [11] 3031 	add	hl, hl
    00000D99 30 01            [12] 3032 	jr	nc, 00121$
    00000D9B 19               [11] 3033 	add	hl, de
    00000D9C                       3034 00121$:
    00000D9C 10 FA            [13] 3035 	djnz	00120$
    00000D9E DD 75 F8         [19] 3036 	ld	-8 (ix), l
    00000DA1 DD 74 F9         [19] 3037 	ld	-7 (ix), h
    00000DA4 3Ar21r00         [13] 3038 	ld	a, (#_g_PrintData + 33)
    00000DA7 DD 77 FD         [19] 3039 	ld	-3 (ix), a
    00000DAA DD 77 FA         [19] 3040 	ld	-6 (ix), a
    00000DAD DD 36 FB 00      [19] 3041 	ld	-5 (ix), #0x00
    00000DB1 DD 5E FA         [19] 3042 	ld	e, -6 (ix)
    00000DB4 16 00            [ 7] 3043 	ld	d, #0x00
    00000DB6 DD 6E F8         [19] 3044 	ld	l, -8 (ix)
    00000DB9 DD 66 F9         [19] 3045 	ld	h, -7 (ix)
    00000DBC 19               [11] 3046 	add	hl, de
    00000DBD DD 75 FC         [19] 3047 	ld	-4 (ix), l
    00000DC0 DD 74 FD         [19] 3048 	ld	-3 (ix), h
    00000DC3 DD 7E FC         [19] 3049 	ld	a, -4 (ix)
    00000DC6 DD 77 F5         [19] 3050 	ld	-11 (ix), a
    00000DC9 DD 7E FD         [19] 3051 	ld	a, -3 (ix)
    00000DCC DD 77 F6         [19] 3052 	ld	-10 (ix), a
                                   3053 ;C:\Users\Jummy\Downloads\MSXgl-1.5.0b\engine/src/print.c:816: if (PRINT_DATA.SourceMode == PRINT_MODE_BITMAP_VRAM)
    00000DCF 3Ar1Ar00         [13] 3054 	ld	a, (#_g_PrintData + 26)
    00000DD2 E6 0F            [ 7] 3055 	and	a, #0x0f
    00000DD4 DD 77 F7         [19] 3056 	ld	-9 (ix), a
                                   3057 ;C:\Users\Jummy\Downloads\MSXgl-1.5.0b\engine/src/print.c:817: VDP_CommandHMMM(sx, sy, PRINT_DATA.CursorX, PRINT_DATA.CursorY, PRINT_W(PRINT_DATA.UnitX), PRINT_H(PRINT_DATA.PatternY));
    00000DD7 DD 7E FE         [19] 3058 	ld	a, -2 (ix)
    00000DDA DD 77 F8         [19] 3059 	ld	-8 (ix), a
    00000DDD DD 36 F9 00      [19] 3060 	ld	-7 (ix), #0x00
    00000DE1 DD 7E FF         [19] 3061 	ld	a, -1 (ix)
    00000DE4 DD 77 FA         [19] 3062 	ld	-6 (ix), a
    00000DE7 DD 36 FB 00      [19] 3063 	ld	-5 (ix), #0x00
    00000DEB 3Ar07r00         [13] 3064 	ld	a, (#_g_PrintData + 7)
    00000DEE DD 77 FF         [19] 3065 	ld	-1 (ix), a
    00000DF1 21r05r00         [10] 3066 	ld	hl, #_g_PrintData + 5
    00000DF4 7E               [ 7] 3067 	ld	a, (hl)
    00000DF5 DD 77 FC         [19] 3068 	ld	-4 (ix), a
    00000DF8 23               [ 6] 3069 	inc	hl
    00000DF9 7E               [ 7] 3070 	ld	a, (hl)
    00000DFA DD 77 FD         [19] 3071 	ld	-3 (ix), a
    00000DFD DD 7E FF         [19] 3072 	ld	a, -1 (ix)
    00000E00 DD 77 FE         [19] 3073 	ld	-2 (ix), a
    00000E03 DD 36 FF 00      [19] 3074 	ld	-1 (ix), #0x00
                                   3075 ;C:\Users\Jummy\Downloads\MSXgl-1.5.0b\engine/src/print.c:816: if (PRINT_DATA.SourceMode == PRINT_MODE_BITMAP_VRAM)
    00000E07 DD 7E F7         [19] 3076 	ld	a, -9 (ix)
    00000E0A D6 02            [ 7] 3077 	sub	a, #0x02
    00000E0C 20 45            [12] 3078 	jr	nz, 00102$
                                   3079 ;C:\Users\Jummy\Downloads\MSXgl-1.5.0b\engine/src/print.c:817: VDP_CommandHMMM(sx, sy, PRINT_DATA.CursorX, PRINT_DATA.CursorY, PRINT_W(PRINT_DATA.UnitX), PRINT_H(PRINT_DATA.PatternY));
                                   3080 ;C:\Users\Jummy\Downloads\MSXgl-1.5.0b\engine/src/vdp_inl.h:105: g_VDP_Command.SX = sx;
    00000E0E 21r00r00         [10] 3081 	ld	hl, #_g_VDP_Command
    00000E11 DD 7E F3         [19] 3082 	ld	a, -13 (ix)
    00000E14 77               [ 7] 3083 	ld	(hl), a
    00000E15 23               [ 6] 3084 	inc	hl
    00000E16 DD 7E F4         [19] 3085 	ld	a, -12 (ix)
    00000E19 77               [ 7] 3086 	ld	(hl), a
                                   3087 ;C:\Users\Jummy\Downloads\MSXgl-1.5.0b\engine/src/vdp_inl.h:106: g_VDP_Command.SY = sy;
    00000E1A 23               [ 6] 3088 	inc	hl
    00000E1B DD 7E F5         [19] 3089 	ld	a, -11 (ix)
    00000E1E 77               [ 7] 3090 	ld	(hl), a
    00000E1F 23               [ 6] 3091 	inc	hl
    00000E20 DD 7E F6         [19] 3092 	ld	a, -10 (ix)
    00000E23 77               [ 7] 3093 	ld	(hl), a
                                   3094 ;C:\Users\Jummy\Downloads\MSXgl-1.5.0b\engine/src/vdp_inl.h:107: g_VDP_Command.DX = dx;
    00000E24 23               [ 6] 3095 	inc	hl
    00000E25 DD 7E FC         [19] 3096 	ld	a, -4 (ix)
    00000E28 77               [ 7] 3097 	ld	(hl), a
    00000E29 23               [ 6] 3098 	inc	hl
    00000E2A DD 7E FD         [19] 3099 	ld	a, -3 (ix)
    00000E2D 77               [ 7] 3100 	ld	(hl), a
                                   3101 ;C:\Users\Jummy\Downloads\MSXgl-1.5.0b\engine/src/vdp_inl.h:108: g_VDP_Command.DY = dy;
    00000E2E 23               [ 6] 3102 	inc	hl
    00000E2F DD 7E FE         [19] 3103 	ld	a, -2 (ix)
    00000E32 77               [ 7] 3104 	ld	(hl), a
    00000E33 23               [ 6] 3105 	inc	hl
    00000E34 AF               [ 4] 3106 	xor	a, a
    00000E35 77               [ 7] 3107 	ld	(hl), a
                                   3108 ;C:\Users\Jummy\Downloads\MSXgl-1.5.0b\engine/src/vdp_inl.h:109: g_VDP_Command.NX = nx;
    00000E36 23               [ 6] 3109 	inc	hl
    00000E37 DD 7E FA         [19] 3110 	ld	a, -6 (ix)
    00000E3A 77               [ 7] 3111 	ld	(hl), a
    00000E3B 23               [ 6] 3112 	inc	hl
    00000E3C AF               [ 4] 3113 	xor	a, a
    00000E3D 77               [ 7] 3114 	ld	(hl), a
                                   3115 ;C:\Users\Jummy\Downloads\MSXgl-1.5.0b\engine/src/vdp_inl.h:110: g_VDP_Command.NY = ny;
    00000E3E 23               [ 6] 3116 	inc	hl
    00000E3F DD 7E F8         [19] 3117 	ld	a, -8 (ix)
    00000E42 77               [ 7] 3118 	ld	(hl), a
    00000E43 23               [ 6] 3119 	inc	hl
    00000E44 AF               [ 4] 3120 	xor	a, a
    00000E45 77               [ 7] 3121 	ld	(hl), a
                                   3122 ;C:\Users\Jummy\Downloads\MSXgl-1.5.0b\engine/src/vdp_inl.h:111: g_VDP_Command.ARG = arg; 
    00000E46 23               [ 6] 3123 	inc	hl
    00000E47 23               [ 6] 3124 	inc	hl
    00000E48 36 00            [10] 3125 	ld	(hl), #0x00
                                   3126 ;C:\Users\Jummy\Downloads\MSXgl-1.5.0b\engine/src/vdp_inl.h:112: g_VDP_Command.CMD = VDP_CMD_HMMM;
    00000E4A 23               [ 6] 3127 	inc	hl
    00000E4B 36 D0            [10] 3128 	ld	(hl), #0xd0
                                   3129 ;C:\Users\Jummy\Downloads\MSXgl-1.5.0b\engine/src/vdp_inl.h:113: VDP_CommandSetupR32();
    00000E4D CDr00r00         [17] 3130 	call	_VDP_CommandSetupR32
                                   3131 ;C:\Users\Jummy\Downloads\MSXgl-1.5.0b\engine/src/print.c:817: VDP_CommandHMMM(sx, sy, PRINT_DATA.CursorX, PRINT_DATA.CursorY, PRINT_W(PRINT_DATA.UnitX), PRINT_H(PRINT_DATA.PatternY));
    00000E50 C3r9Fr0E         [10] 3132 	jp	00108$
    00000E53                       3133 00102$:
                                   3134 ;C:\Users\Jummy\Downloads\MSXgl-1.5.0b\engine/src/print.c:819: VDP_CommandLMMM(sx, sy, PRINT_DATA.CursorX, PRINT_DATA.CursorY, PRINT_W(PRINT_DATA.UnitX), PRINT_H(PRINT_DATA.PatternY), VDP_OP_TIMP);
    00000E53 DD 4E FA         [19] 3135 	ld	c, -6 (ix)
    00000E56 06 00            [ 7] 3136 	ld	b, #0x00
    00000E58 DD 5E FE         [19] 3137 	ld	e, -2 (ix)
    00000E5B 16 00            [ 7] 3138 	ld	d, #0x00
    00000E5D DD 6E FC         [19] 3139 	ld	l, -4 (ix)
    00000E60 DD 66 FD         [19] 3140 	ld	h, -3 (ix)
                                   3141 ;C:\Users\Jummy\Downloads\MSXgl-1.5.0b\engine/src/vdp_inl.h:240: g_VDP_Command.SX = sx;
    00000E63 E5               [11] 3142 	push	hl
    00000E64 21r00r00         [10] 3143 	ld	hl, #_g_VDP_Command
    00000E67 DD 7E F3         [19] 3144 	ld	a, -13 (ix)
    00000E6A 77               [ 7] 3145 	ld	(hl), a
    00000E6B 23               [ 6] 3146 	inc	hl
    00000E6C DD 7E F4         [19] 3147 	ld	a, -12 (ix)
    00000E6F 77               [ 7] 3148 	ld	(hl), a
                                   3149 ;C:\Users\Jummy\Downloads\MSXgl-1.5.0b\engine/src/vdp_inl.h:241: g_VDP_Command.SY = sy;
    00000E70 21r02r00         [10] 3150 	ld	hl, #(_g_VDP_Command + 2)
    00000E73 DD 7E F5         [19] 3151 	ld	a, -11 (ix)
    00000E76 77               [ 7] 3152 	ld	(hl), a
    00000E77 23               [ 6] 3153 	inc	hl
    00000E78 DD 7E F6         [19] 3154 	ld	a, -10 (ix)
    00000E7B 77               [ 7] 3155 	ld	(hl), a
    00000E7C E1               [10] 3156 	pop	hl
                                   3157 ;C:\Users\Jummy\Downloads\MSXgl-1.5.0b\engine/src/vdp_inl.h:242: g_VDP_Command.DX = dx;
    00000E7D 22r04r00         [16] 3158 	ld	((_g_VDP_Command + 4)), hl
                                   3159 ;C:\Users\Jummy\Downloads\MSXgl-1.5.0b\engine/src/vdp_inl.h:243: g_VDP_Command.DY = dy;
    00000E80 ED 53r06r00      [20] 3160 	ld	((_g_VDP_Command + 6)), de
                                   3161 ;C:\Users\Jummy\Downloads\MSXgl-1.5.0b\engine/src/vdp_inl.h:244: g_VDP_Command.NX = nx;
    00000E84 ED 43r08r00      [20] 3162 	ld	((_g_VDP_Command + 8)), bc
                                   3163 ;C:\Users\Jummy\Downloads\MSXgl-1.5.0b\engine/src/vdp_inl.h:245: g_VDP_Command.NY = ny;
    00000E88 21r0Ar00         [10] 3164 	ld	hl, #(_g_VDP_Command + 10)
    00000E8B DD 7E F8         [19] 3165 	ld	a, -8 (ix)
    00000E8E 77               [ 7] 3166 	ld	(hl), a
    00000E8F 23               [ 6] 3167 	inc	hl
    00000E90 AF               [ 4] 3168 	xor	a, a
    00000E91 77               [ 7] 3169 	ld	(hl), a
                                   3170 ;C:\Users\Jummy\Downloads\MSXgl-1.5.0b\engine/src/vdp_inl.h:246: g_VDP_Command.ARG = arg; 
    00000E92 21r0Dr00         [10] 3171 	ld	hl, #_g_VDP_Command + 13
    00000E95 36 00            [10] 3172 	ld	(hl), #0x00
                                   3173 ;C:\Users\Jummy\Downloads\MSXgl-1.5.0b\engine/src/vdp_inl.h:247: g_VDP_Command.CMD = VDP_CMD_LMMM + op;
    00000E97 21r0Er00         [10] 3174 	ld	hl, #_g_VDP_Command + 14
    00000E9A 36 98            [10] 3175 	ld	(hl), #0x98
                                   3176 ;C:\Users\Jummy\Downloads\MSXgl-1.5.0b\engine/src/vdp_inl.h:248: VDP_CommandSetupR32();
    00000E9C CDr00r00         [17] 3177 	call	_VDP_CommandSetupR32
                                   3178 ;C:\Users\Jummy\Downloads\MSXgl-1.5.0b\engine/src/print.c:819: VDP_CommandLMMM(sx, sy, PRINT_DATA.CursorX, PRINT_DATA.CursorY, PRINT_W(PRINT_DATA.UnitX), PRINT_H(PRINT_DATA.PatternY), VDP_OP_TIMP);
    00000E9F                       3179 00108$:
                                   3180 ;C:\Users\Jummy\Downloads\MSXgl-1.5.0b\engine/src/print.c:820: }
    00000E9F DD F9            [10] 3181 	ld	sp, ix
    00000EA1 DD E1            [14] 3182 	pop	ix
    00000EA3 C9               [10] 3183 	ret
                                   3184 ;C:\Users\Jummy\Downloads\MSXgl-1.5.0b\engine/src/print.c:827: void DrawChar_VRAM512(u8 chr)
                                   3185 ;	---------------------------------
                                   3186 ; Function DrawChar_VRAM512
                                   3187 ; ---------------------------------
    00000EA4                       3188 _DrawChar_VRAM512::
    00000EA4 DD E5            [15] 3189 	push	ix
    00000EA6 DD 21 00 00      [14] 3190 	ld	ix,	#0
    00000EAA DD 39            [15] 3191 	add	ix, sp
    00000EAC 21 F3 FF         [10] 3192 	ld	hl, #-13
    00000EAF 39               [11] 3193 	add	hl, sp
    00000EB0 F9               [ 6] 3194 	ld	sp, hl
                                   3195 ;C:\Users\Jummy\Downloads\MSXgl-1.5.0b\engine/src/print.c:830: chr = Print_ValidateChar(chr);
    00000EB1 CDr8Fr05         [17] 3196 	call	_Print_ValidateChar
    00000EB4 4F               [ 4] 3197 	ld	c, a
                                   3198 ;C:\Users\Jummy\Downloads\MSXgl-1.5.0b\engine/src/print.c:832: u8 idx = chr - PRINT_DATA.CharFirst;
    00000EB5 21r15r00         [10] 3199 	ld	hl, #_g_PrintData + 21
    00000EB8 79               [ 4] 3200 	ld	a, c
    00000EB9 96               [ 7] 3201 	sub	a, (hl)
    00000EBA 4F               [ 4] 3202 	ld	c, a
                                   3203 ;C:\Users\Jummy\Downloads\MSXgl-1.5.0b\engine/src/print.c:833: u16 sx = (idx % PRINT_MOD512) * PRINT_W(PRINT_DATA.UnitX);		
    00000EBB 21r22r00         [10] 3204 	ld	hl, #_g_PrintData + 34
    00000EBE 46               [ 7] 3205 	ld	b, (hl)
    00000EBF C5               [11] 3206 	push	bc
    00000EC0 68               [ 4] 3207 	ld	l, b
    00000EC1 79               [ 4] 3208 	ld	a, c
    00000EC2 CDr00r00         [17] 3209 	call	__moduchar
    00000EC5 C1               [10] 3210 	pop	bc
    00000EC6 3Ar02r00         [13] 3211 	ld	a, (#_g_PrintData + 2)
    00000EC9 DD 77 FF         [19] 3212 	ld	-1 (ix), a
    00000ECC C5               [11] 3213 	push	bc
    00000ECD 67               [ 4] 3214 	ld	h, a
    00000ECE 2E 00            [ 7] 3215 	ld	l, #0x00
    00000ED0 55               [ 4] 3216 	ld	d, l
    00000ED1 06 08            [ 7] 3217 	ld	b, #0x08
    00000ED3                       3218 00118$:
    00000ED3 29               [11] 3219 	add	hl, hl
    00000ED4 30 01            [12] 3220 	jr	nc, 00119$
    00000ED6 19               [11] 3221 	add	hl, de
    00000ED7                       3222 00119$:
    00000ED7 10 FA            [13] 3223 	djnz	00118$
    00000ED9 C1               [10] 3224 	pop	bc
    00000EDA E3               [19] 3225 	ex	(sp), hl
                                   3226 ;C:\Users\Jummy\Downloads\MSXgl-1.5.0b\engine/src/print.c:834: u16 sy = (idx / PRINT_MOD512) * PRINT_H(PRINT_DATA.PatternY) + PRINT_DATA.FontVRAMY;
    00000EDB 68               [ 4] 3227 	ld	l, b
    00000EDC 79               [ 4] 3228 	ld	a, c
    00000EDD CDr00r00         [17] 3229 	call	__divuchar
    00000EE0 DD 73 FD         [19] 3230 	ld	-3 (ix), e
    00000EE3 3Ar01r00         [13] 3231 	ld	a, (#_g_PrintData + 1)
    00000EE6 DD 77 FE         [19] 3232 	ld	-2 (ix), a
    00000EE9 5F               [ 4] 3233 	ld	e, a
    00000EEA DD 66 FD         [19] 3234 	ld	h, -3 (ix)
    00000EED 2E 00            [ 7] 3235 	ld	l, #0x00
    00000EEF 55               [ 4] 3236 	ld	d, l
    00000EF0 06 08            [ 7] 3237 	ld	b, #0x08
    00000EF2                       3238 00120$:
    00000EF2 29               [11] 3239 	add	hl, hl
    00000EF3 30 01            [12] 3240 	jr	nc, 00121$
    00000EF5 19               [11] 3241 	add	hl, de
    00000EF6                       3242 00121$:
    00000EF6 10 FA            [13] 3243 	djnz	00120$
    00000EF8 DD 75 F8         [19] 3244 	ld	-8 (ix), l
    00000EFB DD 74 F9         [19] 3245 	ld	-7 (ix), h
    00000EFE 3Ar21r00         [13] 3246 	ld	a, (#_g_PrintData + 33)
    00000F01 DD 77 FD         [19] 3247 	ld	-3 (ix), a
    00000F04 DD 77 FA         [19] 3248 	ld	-6 (ix), a
    00000F07 DD 36 FB 00      [19] 3249 	ld	-5 (ix), #0x00
    00000F0B DD 5E FA         [19] 3250 	ld	e, -6 (ix)
    00000F0E 16 00            [ 7] 3251 	ld	d, #0x00
    00000F10 DD 6E F8         [19] 3252 	ld	l, -8 (ix)
    00000F13 DD 66 F9         [19] 3253 	ld	h, -7 (ix)
    00000F16 19               [11] 3254 	add	hl, de
    00000F17 DD 75 FC         [19] 3255 	ld	-4 (ix), l
    00000F1A DD 74 FD         [19] 3256 	ld	-3 (ix), h
    00000F1D DD 7E FC         [19] 3257 	ld	a, -4 (ix)
    00000F20 DD 77 F5         [19] 3258 	ld	-11 (ix), a
    00000F23 DD 7E FD         [19] 3259 	ld	a, -3 (ix)
    00000F26 DD 77 F6         [19] 3260 	ld	-10 (ix), a
                                   3261 ;C:\Users\Jummy\Downloads\MSXgl-1.5.0b\engine/src/print.c:836: if (PRINT_DATA.SourceMode == PRINT_MODE_BITMAP_VRAM)
    00000F29 3Ar1Ar00         [13] 3262 	ld	a, (#_g_PrintData + 26)
    00000F2C E6 0F            [ 7] 3263 	and	a, #0x0f
    00000F2E DD 77 F7         [19] 3264 	ld	-9 (ix), a
                                   3265 ;C:\Users\Jummy\Downloads\MSXgl-1.5.0b\engine/src/print.c:837: VDP_CommandHMMM(sx, sy, PRINT_DATA.CursorX, PRINT_DATA.CursorY, PRINT_W(PRINT_DATA.UnitX), PRINT_H(PRINT_DATA.PatternY));
    00000F31 DD 7E FE         [19] 3266 	ld	a, -2 (ix)
    00000F34 DD 77 F8         [19] 3267 	ld	-8 (ix), a
    00000F37 DD 36 F9 00      [19] 3268 	ld	-7 (ix), #0x00
    00000F3B DD 7E FF         [19] 3269 	ld	a, -1 (ix)
    00000F3E DD 77 FA         [19] 3270 	ld	-6 (ix), a
    00000F41 DD 36 FB 00      [19] 3271 	ld	-5 (ix), #0x00
    00000F45 3Ar07r00         [13] 3272 	ld	a, (#_g_PrintData + 7)
    00000F48 DD 77 FF         [19] 3273 	ld	-1 (ix), a
    00000F4B 21r05r00         [10] 3274 	ld	hl, #_g_PrintData + 5
    00000F4E 7E               [ 7] 3275 	ld	a, (hl)
    00000F4F DD 77 FC         [19] 3276 	ld	-4 (ix), a
    00000F52 23               [ 6] 3277 	inc	hl
    00000F53 7E               [ 7] 3278 	ld	a, (hl)
    00000F54 DD 77 FD         [19] 3279 	ld	-3 (ix), a
    00000F57 DD 7E FF         [19] 3280 	ld	a, -1 (ix)
    00000F5A DD 77 FE         [19] 3281 	ld	-2 (ix), a
    00000F5D DD 36 FF 00      [19] 3282 	ld	-1 (ix), #0x00
                                   3283 ;C:\Users\Jummy\Downloads\MSXgl-1.5.0b\engine/src/print.c:836: if (PRINT_DATA.SourceMode == PRINT_MODE_BITMAP_VRAM)
    00000F61 DD 7E F7         [19] 3284 	ld	a, -9 (ix)
    00000F64 D6 02            [ 7] 3285 	sub	a, #0x02
    00000F66 20 45            [12] 3286 	jr	nz, 00102$
                                   3287 ;C:\Users\Jummy\Downloads\MSXgl-1.5.0b\engine/src/print.c:837: VDP_CommandHMMM(sx, sy, PRINT_DATA.CursorX, PRINT_DATA.CursorY, PRINT_W(PRINT_DATA.UnitX), PRINT_H(PRINT_DATA.PatternY));
                                   3288 ;C:\Users\Jummy\Downloads\MSXgl-1.5.0b\engine/src/vdp_inl.h:105: g_VDP_Command.SX = sx;
    00000F68 21r00r00         [10] 3289 	ld	hl, #_g_VDP_Command
    00000F6B DD 7E F3         [19] 3290 	ld	a, -13 (ix)
    00000F6E 77               [ 7] 3291 	ld	(hl), a
    00000F6F 23               [ 6] 3292 	inc	hl
    00000F70 DD 7E F4         [19] 3293 	ld	a, -12 (ix)
    00000F73 77               [ 7] 3294 	ld	(hl), a
                                   3295 ;C:\Users\Jummy\Downloads\MSXgl-1.5.0b\engine/src/vdp_inl.h:106: g_VDP_Command.SY = sy;
    00000F74 23               [ 6] 3296 	inc	hl
    00000F75 DD 7E F5         [19] 3297 	ld	a, -11 (ix)
    00000F78 77               [ 7] 3298 	ld	(hl), a
    00000F79 23               [ 6] 3299 	inc	hl
    00000F7A DD 7E F6         [19] 3300 	ld	a, -10 (ix)
    00000F7D 77               [ 7] 3301 	ld	(hl), a
                                   3302 ;C:\Users\Jummy\Downloads\MSXgl-1.5.0b\engine/src/vdp_inl.h:107: g_VDP_Command.DX = dx;
    00000F7E 23               [ 6] 3303 	inc	hl
    00000F7F DD 7E FC         [19] 3304 	ld	a, -4 (ix)
    00000F82 77               [ 7] 3305 	ld	(hl), a
    00000F83 23               [ 6] 3306 	inc	hl
    00000F84 DD 7E FD         [19] 3307 	ld	a, -3 (ix)
    00000F87 77               [ 7] 3308 	ld	(hl), a
                                   3309 ;C:\Users\Jummy\Downloads\MSXgl-1.5.0b\engine/src/vdp_inl.h:108: g_VDP_Command.DY = dy;
    00000F88 23               [ 6] 3310 	inc	hl
    00000F89 DD 7E FE         [19] 3311 	ld	a, -2 (ix)
    00000F8C 77               [ 7] 3312 	ld	(hl), a
    00000F8D 23               [ 6] 3313 	inc	hl
    00000F8E AF               [ 4] 3314 	xor	a, a
    00000F8F 77               [ 7] 3315 	ld	(hl), a
                                   3316 ;C:\Users\Jummy\Downloads\MSXgl-1.5.0b\engine/src/vdp_inl.h:109: g_VDP_Command.NX = nx;
    00000F90 23               [ 6] 3317 	inc	hl
    00000F91 DD 7E FA         [19] 3318 	ld	a, -6 (ix)
    00000F94 77               [ 7] 3319 	ld	(hl), a
    00000F95 23               [ 6] 3320 	inc	hl
    00000F96 AF               [ 4] 3321 	xor	a, a
    00000F97 77               [ 7] 3322 	ld	(hl), a
                                   3323 ;C:\Users\Jummy\Downloads\MSXgl-1.5.0b\engine/src/vdp_inl.h:110: g_VDP_Command.NY = ny;
    00000F98 23               [ 6] 3324 	inc	hl
    00000F99 DD 7E F8         [19] 3325 	ld	a, -8 (ix)
    00000F9C 77               [ 7] 3326 	ld	(hl), a
    00000F9D 23               [ 6] 3327 	inc	hl
    00000F9E AF               [ 4] 3328 	xor	a, a
    00000F9F 77               [ 7] 3329 	ld	(hl), a
                                   3330 ;C:\Users\Jummy\Downloads\MSXgl-1.5.0b\engine/src/vdp_inl.h:111: g_VDP_Command.ARG = arg; 
    00000FA0 23               [ 6] 3331 	inc	hl
    00000FA1 23               [ 6] 3332 	inc	hl
    00000FA2 36 00            [10] 3333 	ld	(hl), #0x00
                                   3334 ;C:\Users\Jummy\Downloads\MSXgl-1.5.0b\engine/src/vdp_inl.h:112: g_VDP_Command.CMD = VDP_CMD_HMMM;
    00000FA4 23               [ 6] 3335 	inc	hl
    00000FA5 36 D0            [10] 3336 	ld	(hl), #0xd0
                                   3337 ;C:\Users\Jummy\Downloads\MSXgl-1.5.0b\engine/src/vdp_inl.h:113: VDP_CommandSetupR32();
    00000FA7 CDr00r00         [17] 3338 	call	_VDP_CommandSetupR32
                                   3339 ;C:\Users\Jummy\Downloads\MSXgl-1.5.0b\engine/src/print.c:837: VDP_CommandHMMM(sx, sy, PRINT_DATA.CursorX, PRINT_DATA.CursorY, PRINT_W(PRINT_DATA.UnitX), PRINT_H(PRINT_DATA.PatternY));
    00000FAA C3rF9r0F         [10] 3340 	jp	00108$
    00000FAD                       3341 00102$:
                                   3342 ;C:\Users\Jummy\Downloads\MSXgl-1.5.0b\engine/src/print.c:839: VDP_CommandLMMM(sx, sy, PRINT_DATA.CursorX, PRINT_DATA.CursorY, PRINT_W(PRINT_DATA.UnitX), PRINT_H(PRINT_DATA.PatternY), VDP_OP_TIMP);
    00000FAD DD 4E FA         [19] 3343 	ld	c, -6 (ix)
    00000FB0 06 00            [ 7] 3344 	ld	b, #0x00
    00000FB2 DD 5E FE         [19] 3345 	ld	e, -2 (ix)
    00000FB5 16 00            [ 7] 3346 	ld	d, #0x00
    00000FB7 DD 6E FC         [19] 3347 	ld	l, -4 (ix)
    00000FBA DD 66 FD         [19] 3348 	ld	h, -3 (ix)
                                   3349 ;C:\Users\Jummy\Downloads\MSXgl-1.5.0b\engine/src/vdp_inl.h:240: g_VDP_Command.SX = sx;
    00000FBD E5               [11] 3350 	push	hl
    00000FBE 21r00r00         [10] 3351 	ld	hl, #_g_VDP_Command
    00000FC1 DD 7E F3         [19] 3352 	ld	a, -13 (ix)
    00000FC4 77               [ 7] 3353 	ld	(hl), a
    00000FC5 23               [ 6] 3354 	inc	hl
    00000FC6 DD 7E F4         [19] 3355 	ld	a, -12 (ix)
    00000FC9 77               [ 7] 3356 	ld	(hl), a
                                   3357 ;C:\Users\Jummy\Downloads\MSXgl-1.5.0b\engine/src/vdp_inl.h:241: g_VDP_Command.SY = sy;
    00000FCA 21r02r00         [10] 3358 	ld	hl, #(_g_VDP_Command + 2)
    00000FCD DD 7E F5         [19] 3359 	ld	a, -11 (ix)
    00000FD0 77               [ 7] 3360 	ld	(hl), a
    00000FD1 23               [ 6] 3361 	inc	hl
    00000FD2 DD 7E F6         [19] 3362 	ld	a, -10 (ix)
    00000FD5 77               [ 7] 3363 	ld	(hl), a
    00000FD6 E1               [10] 3364 	pop	hl
                                   3365 ;C:\Users\Jummy\Downloads\MSXgl-1.5.0b\engine/src/vdp_inl.h:242: g_VDP_Command.DX = dx;
    00000FD7 22r04r00         [16] 3366 	ld	((_g_VDP_Command + 4)), hl
                                   3367 ;C:\Users\Jummy\Downloads\MSXgl-1.5.0b\engine/src/vdp_inl.h:243: g_VDP_Command.DY = dy;
    00000FDA ED 53r06r00      [20] 3368 	ld	((_g_VDP_Command + 6)), de
                                   3369 ;C:\Users\Jummy\Downloads\MSXgl-1.5.0b\engine/src/vdp_inl.h:244: g_VDP_Command.NX = nx;
    00000FDE ED 43r08r00      [20] 3370 	ld	((_g_VDP_Command + 8)), bc
                                   3371 ;C:\Users\Jummy\Downloads\MSXgl-1.5.0b\engine/src/vdp_inl.h:245: g_VDP_Command.NY = ny;
    00000FE2 21r0Ar00         [10] 3372 	ld	hl, #(_g_VDP_Command + 10)
    00000FE5 DD 7E F8         [19] 3373 	ld	a, -8 (ix)
    00000FE8 77               [ 7] 3374 	ld	(hl), a
    00000FE9 23               [ 6] 3375 	inc	hl
    00000FEA AF               [ 4] 3376 	xor	a, a
    00000FEB 77               [ 7] 3377 	ld	(hl), a
                                   3378 ;C:\Users\Jummy\Downloads\MSXgl-1.5.0b\engine/src/vdp_inl.h:246: g_VDP_Command.ARG = arg; 
    00000FEC 21r0Dr00         [10] 3379 	ld	hl, #_g_VDP_Command + 13
    00000FEF 36 00            [10] 3380 	ld	(hl), #0x00
                                   3381 ;C:\Users\Jummy\Downloads\MSXgl-1.5.0b\engine/src/vdp_inl.h:247: g_VDP_Command.CMD = VDP_CMD_LMMM + op;
    00000FF1 21r0Er00         [10] 3382 	ld	hl, #_g_VDP_Command + 14
    00000FF4 36 98            [10] 3383 	ld	(hl), #0x98
                                   3384 ;C:\Users\Jummy\Downloads\MSXgl-1.5.0b\engine/src/vdp_inl.h:248: VDP_CommandSetupR32();
    00000FF6 CDr00r00         [17] 3385 	call	_VDP_CommandSetupR32
                                   3386 ;C:\Users\Jummy\Downloads\MSXgl-1.5.0b\engine/src/print.c:839: VDP_CommandLMMM(sx, sy, PRINT_DATA.CursorX, PRINT_DATA.CursorY, PRINT_W(PRINT_DATA.UnitX), PRINT_H(PRINT_DATA.PatternY), VDP_OP_TIMP);
    00000FF9                       3387 00108$:
                                   3388 ;C:\Users\Jummy\Downloads\MSXgl-1.5.0b\engine/src/print.c:840: }
    00000FF9 DD F9            [10] 3389 	ld	sp, ix
    00000FFB DD E1            [14] 3390 	pop	ix
    00000FFD C9               [10] 3391 	ret
                                   3392 ;C:\Users\Jummy\Downloads\MSXgl-1.5.0b\engine/src/print.c:856: void CopyNo8HeightFontData(const u8* src, u16 dst, u8 height)
                                   3393 ;	---------------------------------
                                   3394 ; Function CopyNo8HeightFontData
                                   3395 ; ---------------------------------
    00000FFE                       3396 _CopyNo8HeightFontData::
    00000FFE DD E5            [15] 3397 	push	ix
    00001000 DD 21 00 00      [14] 3398 	ld	ix,	#0
    00001004 DD 39            [15] 3399 	add	ix, sp
    00001006 3B               [ 6] 3400 	dec	sp
    00001007 4D               [ 4] 3401 	ld	c, l
    00001008 44               [ 4] 3402 	ld	b, h
                                   3403 ;C:\Users\Jummy\Downloads\MSXgl-1.5.0b\engine/src/print.c:858: for (u8 i = 0; i < PRINT_DATA.CharCount; ++i)
    00001009 DD 36 FF 00      [19] 3404 	ld	-1 (ix), #0x00
    0000100D                       3405 00103$:
    0000100D 21r17r00         [10] 3406 	ld	hl, #(_g_PrintData + 23)
    00001010 DD 7E FF         [19] 3407 	ld	a,-1 (ix)
    00001013 96               [ 7] 3408 	sub	a,(hl)
    00001014 30 34            [12] 3409 	jr	nc, 00105$
                                   3410 ;C:\Users\Jummy\Downloads\MSXgl-1.5.0b\engine/src/print.c:860: VDP_FillVRAM(0, dst, 0, 8);
    00001016 C5               [11] 3411 	push	bc
    00001017 D5               [11] 3412 	push	de
    00001018 21 08 00         [10] 3413 	ld	hl, #0x0008
    0000101B E5               [11] 3414 	push	hl
    0000101C AF               [ 4] 3415 	xor	a, a
    0000101D F5               [11] 3416 	push	af
    0000101E 33               [ 6] 3417 	inc	sp
    0000101F AF               [ 4] 3418 	xor	a, a
    00001020 CDr00r00         [17] 3419 	call	_VDP_FillVRAM_128K
    00001023 D1               [10] 3420 	pop	de
    00001024 C1               [10] 3421 	pop	bc
                                   3422 ;C:\Users\Jummy\Downloads\MSXgl-1.5.0b\engine/src/print.c:861: VDP_WriteVRAM(src, dst, 0, height);
    00001025 DD 6E 04         [19] 3423 	ld	l, 4 (ix)
    00001028 26 00            [ 7] 3424 	ld	h, #0x00
    0000102A C5               [11] 3425 	push	bc
    0000102B D5               [11] 3426 	push	de
    0000102C E5               [11] 3427 	push	hl
    0000102D AF               [ 4] 3428 	xor	a, a
    0000102E F5               [11] 3429 	push	af
    0000102F 33               [ 6] 3430 	inc	sp
    00001030 69               [ 4] 3431 	ld	l, c
    00001031 60               [ 4] 3432 	ld	h, b
    00001032 CDr00r00         [17] 3433 	call	_VDP_WriteVRAM_128K
    00001035 D1               [10] 3434 	pop	de
    00001036 C1               [10] 3435 	pop	bc
                                   3436 ;C:\Users\Jummy\Downloads\MSXgl-1.5.0b\engine/src/print.c:862: src += height;
    00001037 79               [ 4] 3437 	ld	a, c
    00001038 DD 86 04         [19] 3438 	add	a, 4 (ix)
    0000103B 4F               [ 4] 3439 	ld	c, a
    0000103C 30 01            [12] 3440 	jr	nc, 00124$
    0000103E 04               [ 4] 3441 	inc	b
    0000103F                       3442 00124$:
                                   3443 ;C:\Users\Jummy\Downloads\MSXgl-1.5.0b\engine/src/print.c:863: dst += 8;
    0000103F 21 08 00         [10] 3444 	ld	hl, #0x0008
    00001042 19               [11] 3445 	add	hl, de
    00001043 EB               [ 4] 3446 	ex	de, hl
                                   3447 ;C:\Users\Jummy\Downloads\MSXgl-1.5.0b\engine/src/print.c:858: for (u8 i = 0; i < PRINT_DATA.CharCount; ++i)
    00001044 DD 34 FF         [23] 3448 	inc	-1 (ix)
    00001047 C3r0Dr10         [10] 3449 	jp	00103$
    0000104A                       3450 00105$:
                                   3451 ;C:\Users\Jummy\Downloads\MSXgl-1.5.0b\engine/src/print.c:865: }
    0000104A 33               [ 6] 3452 	inc	sp
    0000104B DD E1            [14] 3453 	pop	ix
    0000104D E1               [10] 3454 	pop	hl
    0000104E 33               [ 6] 3455 	inc	sp
    0000104F E9               [ 4] 3456 	jp	(hl)
                                   3457 ;C:\Users\Jummy\Downloads\MSXgl-1.5.0b\engine/src/print.c:870: void Print_SetTextFont(const u8* fontData, u8 offset)
                                   3458 ;	---------------------------------
                                   3459 ; Function Print_SetTextFont
                                   3460 ; ---------------------------------
    00001050                       3461 _Print_SetTextFont::
    00001050 DD E5            [15] 3462 	push	ix
    00001052 DD 21 00 00      [14] 3463 	ld	ix,	#0
    00001056 DD 39            [15] 3464 	add	ix, sp
    00001058 FD 21 F9 FF      [14] 3465 	ld	iy, #-7
    0000105C FD 39            [15] 3466 	add	iy, sp
    0000105E FD F9            [10] 3467 	ld	sp, iy
    00001060 4D               [ 4] 3468 	ld	c, l
    00001061 44               [ 4] 3469 	ld	b, h
                                   3470 ;C:\Users\Jummy\Downloads\MSXgl-1.5.0b\engine/src/print.c:872: PRINT_DATA.PatternOffset = offset;
    00001062 21r25r00         [10] 3471 	ld	hl, #(_g_PrintData + 37)
    00001065 DD 7E 04         [19] 3472 	ld	a, 4 (ix)
    00001068 77               [ 7] 3473 	ld	(hl), a
                                   3474 ;C:\Users\Jummy\Downloads\MSXgl-1.5.0b\engine/src/print.c:875: if (fontData == NULL) // Use Bios font (if any)
    00001069 78               [ 4] 3475 	ld	a, b
    0000106A B1               [ 4] 3476 	or	a, c
    0000106B 20 49            [12] 3477 	jr	nz, 00102$
                                   3478 ;C:\Users\Jummy\Downloads\MSXgl-1.5.0b\engine/src/print.c:876: Print_SetFontEx(8, 8, 1, 1, 1, 255, (const u8*)g_CGTABL + 8); // @todo Should be [1, 255] to include all characters
    0000106D ED 5B 04 00      [20] 3479 	ld	de, (_g_CGTABL)
    00001071 21 08 00         [10] 3480 	ld	hl, #0x0008
    00001074 19               [11] 3481 	add	hl, de
    00001075 EB               [ 4] 3482 	ex	de, hl
                                   3483 ;C:\Users\Jummy\Downloads\MSXgl-1.5.0b\engine/src/print.h:242: PRINT_DATA.PatternX     = patternX;
    00001076 21r00r00         [10] 3484 	ld	hl, #_g_PrintData
    00001079 36 08            [10] 3485 	ld	(hl), #0x08
                                   3486 ;C:\Users\Jummy\Downloads\MSXgl-1.5.0b\engine/src/print.h:243: PRINT_DATA.PatternY     = patternY;
    0000107B 23               [ 6] 3487 	inc	hl
    0000107C 36 08            [10] 3488 	ld	(hl), #0x08
                                   3489 ;C:\Users\Jummy\Downloads\MSXgl-1.5.0b\engine/src/print.h:244: PRINT_DATA.UnitX        = sizeX;
    0000107E 21r02r00         [10] 3490 	ld	hl, #_g_PrintData + 2
    00001081 36 01            [10] 3491 	ld	(hl), #0x01
                                   3492 ;C:\Users\Jummy\Downloads\MSXgl-1.5.0b\engine/src/print.h:245: PRINT_DATA.UnitY        = sizeY;
    00001083 21r03r00         [10] 3493 	ld	hl, #_g_PrintData + 3
    00001086 36 01            [10] 3494 	ld	(hl), #0x01
                                   3495 ;C:\Users\Jummy\Downloads\MSXgl-1.5.0b\engine/src/print.h:246: PRINT_DATA.CharFirst    = firstChr;
    00001088 21r15r00         [10] 3496 	ld	hl, #_g_PrintData + 21
    0000108B 36 01            [10] 3497 	ld	(hl), #0x01
                                   3498 ;C:\Users\Jummy\Downloads\MSXgl-1.5.0b\engine/src/print.h:247: PRINT_DATA.CharLast     = lastChr;
    0000108D 21r16r00         [10] 3499 	ld	hl, #_g_PrintData + 22
    00001090 36 FF            [10] 3500 	ld	(hl), #0xff
                                   3501 ;C:\Users\Jummy\Downloads\MSXgl-1.5.0b\engine/src/print.h:248: PRINT_DATA.CharCount    = lastChr - firstChr + 1;
    00001092 21r17r00         [10] 3502 	ld	hl, #_g_PrintData + 23
    00001095 DD 75 FB         [19] 3503 	ld	-5 (ix), l
    00001098 DD 74 FC         [19] 3504 	ld	-4 (ix), h
    0000109B 36 FF            [10] 3505 	ld	(hl), #0xff
                                   3506 ;C:\Users\Jummy\Downloads\MSXgl-1.5.0b\engine/src/print.h:249: PRINT_DATA.FontPatterns = patterns;
    0000109D 21r1Dr00         [10] 3507 	ld	hl, #_g_PrintData + 29
    000010A0 E3               [19] 3508 	ex	(sp), hl
    000010A1 E1               [10] 3509 	pop	hl
    000010A2 E5               [11] 3510 	push	hl
    000010A3 73               [ 7] 3511 	ld	(hl), e
    000010A4 23               [ 6] 3512 	inc	hl
    000010A5 72               [ 7] 3513 	ld	(hl), d
                                   3514 ;C:\Users\Jummy\Downloads\MSXgl-1.5.0b\engine/src/print.h:250: PRINT_DATA.FontAddr     = PRINT_DATA.FontPatterns - (firstChr * PRINT_DATA.PatternY); // pre-compute address of the virtual index 0 character (used to quick drawing in PutChar_GX functions)
    000010A6 21r01r00         [10] 3515 	ld	hl, #(_g_PrintData + 1)
    000010A9 7B               [ 4] 3516 	ld	a, e
    000010AA 96               [ 7] 3517 	sub	a, (hl)
    000010AB 6F               [ 4] 3518 	ld	l, a
    000010AC 7A               [ 4] 3519 	ld	a, d
    000010AD DE 00            [ 7] 3520 	sbc	a, #0x00
    000010AF 67               [ 4] 3521 	ld	h, a
    000010B0 22r1Fr00         [16] 3522 	ld	((_g_PrintData + 31)), hl
                                   3523 ;C:\Users\Jummy\Downloads\MSXgl-1.5.0b\engine/src/print.c:876: Print_SetFontEx(8, 8, 1, 1, 1, 255, (const u8*)g_CGTABL + 8); // @todo Should be [1, 255] to include all characters
    000010B3 C3r22r11         [10] 3524 	jp	00103$
    000010B6                       3525 00102$:
                                   3526 ;C:\Users\Jummy\Downloads\MSXgl-1.5.0b\engine/src/print.c:878: Print_SetFontEx(8, 8, 1, 1, fontData[2], fontData[3], fontData+4);
    000010B6 21 04 00         [10] 3527 	ld	hl, #0x0004
    000010B9 09               [11] 3528 	add	hl, bc
    000010BA DD 75 FE         [19] 3529 	ld	-2 (ix), l
    000010BD DD 74 FF         [19] 3530 	ld	-1 (ix), h
    000010C0 69               [ 4] 3531 	ld	l, c
    000010C1 60               [ 4] 3532 	ld	h, b
    000010C2 23               [ 6] 3533 	inc	hl
    000010C3 23               [ 6] 3534 	inc	hl
    000010C4 23               [ 6] 3535 	inc	hl
    000010C5 5E               [ 7] 3536 	ld	e, (hl)
    000010C6 69               [ 4] 3537 	ld	l, c
    000010C7 60               [ 4] 3538 	ld	h, b
    000010C8 23               [ 6] 3539 	inc	hl
    000010C9 23               [ 6] 3540 	inc	hl
    000010CA 56               [ 7] 3541 	ld	d, (hl)
                                   3542 ;C:\Users\Jummy\Downloads\MSXgl-1.5.0b\engine/src/print.h:242: PRINT_DATA.PatternX     = patternX;
    000010CB 21r00r00         [10] 3543 	ld	hl, #_g_PrintData
    000010CE 36 08            [10] 3544 	ld	(hl), #0x08
                                   3545 ;C:\Users\Jummy\Downloads\MSXgl-1.5.0b\engine/src/print.h:243: PRINT_DATA.PatternY     = patternY;
    000010D0 23               [ 6] 3546 	inc	hl
    000010D1 36 08            [10] 3547 	ld	(hl), #0x08
                                   3548 ;C:\Users\Jummy\Downloads\MSXgl-1.5.0b\engine/src/print.h:244: PRINT_DATA.UnitX        = sizeX;
    000010D3 21r02r00         [10] 3549 	ld	hl, #_g_PrintData + 2
    000010D6 36 01            [10] 3550 	ld	(hl), #0x01
                                   3551 ;C:\Users\Jummy\Downloads\MSXgl-1.5.0b\engine/src/print.h:245: PRINT_DATA.UnitY        = sizeY;
    000010D8 21r03r00         [10] 3552 	ld	hl, #_g_PrintData + 3
    000010DB 36 01            [10] 3553 	ld	(hl), #0x01
                                   3554 ;C:\Users\Jummy\Downloads\MSXgl-1.5.0b\engine/src/print.h:246: PRINT_DATA.CharFirst    = firstChr;
    000010DD 21r15r00         [10] 3555 	ld	hl, #(_g_PrintData + 21)
    000010E0 72               [ 7] 3556 	ld	(hl), d
                                   3557 ;C:\Users\Jummy\Downloads\MSXgl-1.5.0b\engine/src/print.h:247: PRINT_DATA.CharLast     = lastChr;
    000010E1 23               [ 6] 3558 	inc	hl
    000010E2 73               [ 7] 3559 	ld	(hl), e
                                   3560 ;C:\Users\Jummy\Downloads\MSXgl-1.5.0b\engine/src/print.h:248: PRINT_DATA.CharCount    = lastChr - firstChr + 1;
    000010E3 23               [ 6] 3561 	inc	hl
    000010E4 DD 75 FB         [19] 3562 	ld	-5 (ix), l
    000010E7 DD 74 FC         [19] 3563 	ld	-4 (ix), h
    000010EA 7B               [ 4] 3564 	ld	a, e
    000010EB 92               [ 4] 3565 	sub	a, d
    000010EC 3C               [ 4] 3566 	inc	a
    000010ED DD 6E FB         [19] 3567 	ld	l, -5 (ix)
    000010F0 DD 66 FC         [19] 3568 	ld	h, -4 (ix)
    000010F3 77               [ 7] 3569 	ld	(hl), a
                                   3570 ;C:\Users\Jummy\Downloads\MSXgl-1.5.0b\engine/src/print.h:249: PRINT_DATA.FontPatterns = patterns;
    000010F4 21r1Dr00         [10] 3571 	ld	hl, #_g_PrintData + 29
    000010F7 E3               [19] 3572 	ex	(sp), hl
    000010F8 E1               [10] 3573 	pop	hl
    000010F9 E5               [11] 3574 	push	hl
    000010FA DD 7E FE         [19] 3575 	ld	a, -2 (ix)
    000010FD 77               [ 7] 3576 	ld	(hl), a
    000010FE 23               [ 6] 3577 	inc	hl
    000010FF DD 7E FF         [19] 3578 	ld	a, -1 (ix)
    00001102 77               [ 7] 3579 	ld	(hl), a
                                   3580 ;C:\Users\Jummy\Downloads\MSXgl-1.5.0b\engine/src/print.h:250: PRINT_DATA.FontAddr     = PRINT_DATA.FontPatterns - (firstChr * PRINT_DATA.PatternY); // pre-compute address of the virtual index 0 character (used to quick drawing in PutChar_GX functions)
    00001103 21r01r00         [10] 3581 	ld	hl, #(_g_PrintData + 1)
    00001106 5E               [ 7] 3582 	ld	e, (hl)
    00001107 C5               [11] 3583 	push	bc
    00001108 62               [ 4] 3584 	ld	h, d
    00001109 2E 00            [ 7] 3585 	ld	l, #0x00
    0000110B 55               [ 4] 3586 	ld	d, l
    0000110C 06 08            [ 7] 3587 	ld	b, #0x08
    0000110E                       3588 00161$:
    0000110E 29               [11] 3589 	add	hl, hl
    0000110F 30 01            [12] 3590 	jr	nc, 00162$
    00001111 19               [11] 3591 	add	hl, de
    00001112                       3592 00162$:
    00001112 10 FA            [13] 3593 	djnz	00161$
    00001114 C1               [10] 3594 	pop	bc
    00001115 DD 7E FE         [19] 3595 	ld	a, -2 (ix)
    00001118 95               [ 4] 3596 	sub	a, l
    00001119 6F               [ 4] 3597 	ld	l, a
    0000111A DD 7E FF         [19] 3598 	ld	a, -1 (ix)
    0000111D 9C               [ 4] 3599 	sbc	a, h
    0000111E 67               [ 4] 3600 	ld	h, a
    0000111F 22r1Fr00         [16] 3601 	ld	((_g_PrintData + 31)), hl
                                   3602 ;C:\Users\Jummy\Downloads\MSXgl-1.5.0b\engine/src/print.c:878: Print_SetFontEx(8, 8, 1, 1, fontData[2], fontData[3], fontData+4);
    00001122                       3603 00103$:
                                   3604 ;C:\Users\Jummy\Downloads\MSXgl-1.5.0b\engine/src/print.c:879: Print_Initialize();
    00001122 C5               [11] 3605 	push	bc
    00001123 CDr94r00         [17] 3606 	call	_Print_Initialize
                                   3607 ;C:\Users\Jummy\Downloads\MSXgl-1.5.0b\engine/src/print.c:880: Print_SetMode(PRINT_MODE_TEXT);
    00001126 3E 05            [ 7] 3608 	ld	a, #0x05
    00001128 CDr79r01         [17] 3609 	call	_Print_SetMode
    0000112B C1               [10] 3610 	pop	bc
                                   3611 ;C:\Users\Jummy\Downloads\MSXgl-1.5.0b\engine/src/print.c:883: const u8* src = PRINT_DATA.FontPatterns;
    0000112C E1               [10] 3612 	pop	hl
    0000112D E5               [11] 3613 	push	hl
    0000112E 7E               [ 7] 3614 	ld	a, (hl)
    0000112F DD 77 FD         [19] 3615 	ld	-3 (ix), a
    00001132 23               [ 6] 3616 	inc	hl
    00001133 7E               [ 7] 3617 	ld	a, (hl)
    00001134 DD 77 FE         [19] 3618 	ld	-2 (ix), a
                                   3619 ;C:\Users\Jummy\Downloads\MSXgl-1.5.0b\engine/src/print.c:884: u16 dst = (u16)g_ScreenPatternLow + (offset * 8);
    00001137 DD 6E 04         [19] 3620 	ld	l, 4 (ix)
    0000113A 26 00            [ 7] 3621 	ld	h, #0x00
    0000113C 29               [11] 3622 	add	hl, hl
    0000113D 29               [11] 3623 	add	hl, hl
    0000113E 29               [11] 3624 	add	hl, hl
    0000113F ED 5Br00r00      [20] 3625 	ld	de, (_g_ScreenPatternLow)
    00001143 19               [11] 3626 	add	hl, de
    00001144 EB               [ 4] 3627 	ex	de, hl
                                   3628 ;C:\Users\Jummy\Downloads\MSXgl-1.5.0b\engine/src/print.c:886: if (fontData != NULL)
    00001145 78               [ 4] 3629 	ld	a, b
    00001146 B1               [ 4] 3630 	or	a, c
    00001147 28 15            [12] 3631 	jr	z, 00105$
                                   3632 ;C:\Users\Jummy\Downloads\MSXgl-1.5.0b\engine/src/print.c:887: CopyNo8HeightFontData(src, dst, fontData[0] & 0x0F);
    00001149 0A               [ 7] 3633 	ld	a, (bc)
    0000114A E6 0F            [ 7] 3634 	and	a, #0x0f
    0000114C C5               [11] 3635 	push	bc
    0000114D D5               [11] 3636 	push	de
    0000114E F5               [11] 3637 	push	af
    0000114F 33               [ 6] 3638 	inc	sp
    00001150 DD 6E FD         [19] 3639 	ld	l, -3 (ix)
    00001153 DD 66 FE         [19] 3640 	ld	h, -2 (ix)
    00001156 CDrFEr0F         [17] 3641 	call	_CopyNo8HeightFontData
    00001159 D1               [10] 3642 	pop	de
    0000115A C1               [10] 3643 	pop	bc
    0000115B C3r7Br11         [10] 3644 	jp	00106$
    0000115E                       3645 00105$:
                                   3646 ;C:\Users\Jummy\Downloads\MSXgl-1.5.0b\engine/src/print.c:890: VDP_WriteVRAM(src, dst, 0, PRINT_DATA.CharCount * 8);
    0000115E DD 6E FB         [19] 3647 	ld	l, -5 (ix)
    00001161 DD 66 FC         [19] 3648 	ld	h, -4 (ix)
    00001164 6E               [ 7] 3649 	ld	l, (hl)
    00001165 26 00            [ 7] 3650 	ld	h, #0x00
    00001167 29               [11] 3651 	add	hl, hl
    00001168 29               [11] 3652 	add	hl, hl
    00001169 29               [11] 3653 	add	hl, hl
    0000116A C5               [11] 3654 	push	bc
    0000116B D5               [11] 3655 	push	de
    0000116C E5               [11] 3656 	push	hl
    0000116D AF               [ 4] 3657 	xor	a, a
    0000116E F5               [11] 3658 	push	af
    0000116F 33               [ 6] 3659 	inc	sp
    00001170 DD 6E FD         [19] 3660 	ld	l, -3 (ix)
    00001173 DD 66 FE         [19] 3661 	ld	h, -2 (ix)
    00001176 CDr00r00         [17] 3662 	call	_VDP_WriteVRAM_128K
    00001179 D1               [10] 3663 	pop	de
    0000117A C1               [10] 3664 	pop	bc
    0000117B                       3665 00106$:
                                   3666 ;C:\Users\Jummy\Downloads\MSXgl-1.5.0b\engine/src/vdp.h:483: inline u8 VDP_GetMode() { return g_VDP_Data.Mode; }
    0000117B 3Ar00r00         [13] 3667 	ld	a, (#_g_VDP_Data+0)
                                   3668 ;C:\Users\Jummy\Downloads\MSXgl-1.5.0b\engine/src/print.c:892: switch (VDP_GetMode())
    0000117E DD 77 FF         [19] 3669 	ld	-1 (ix), a
    00001181 D6 03            [ 7] 3670 	sub	a, #0x03
    00001183 28 07            [12] 3671 	jr	z, 00108$
    00001185 DD 7E FF         [19] 3672 	ld	a, -1 (ix)
    00001188 D6 05            [ 7] 3673 	sub	a, #0x05
    0000118A 20 6B            [12] 3674 	jr	nz, 00119$
                                   3675 ;C:\Users\Jummy\Downloads\MSXgl-1.5.0b\engine/src/print.c:898: case VDP_MODE_GRAPHIC3:		// GRAPHIC 2 which can use sprite mode 2
    0000118C                       3676 00108$:
                                   3677 ;C:\Users\Jummy\Downloads\MSXgl-1.5.0b\engine/src/print.c:901: dst += 256 * 8;
    0000118C 21 00 08         [10] 3678 	ld	hl, #0x0800
    0000118F 19               [11] 3679 	add	hl, de
    00001190 EB               [ 4] 3680 	ex	de, hl
                                   3681 ;C:\Users\Jummy\Downloads\MSXgl-1.5.0b\engine/src/print.c:903: if (fontData != NULL)
    00001191 78               [ 4] 3682 	ld	a, b
    00001192 B1               [ 4] 3683 	or	a, c
    00001193 28 15            [12] 3684 	jr	z, 00110$
                                   3685 ;C:\Users\Jummy\Downloads\MSXgl-1.5.0b\engine/src/print.c:904: CopyNo8HeightFontData(src, dst, fontData[0] & 0x0F);
    00001195 0A               [ 7] 3686 	ld	a, (bc)
    00001196 E6 0F            [ 7] 3687 	and	a, #0x0f
    00001198 C5               [11] 3688 	push	bc
    00001199 D5               [11] 3689 	push	de
    0000119A F5               [11] 3690 	push	af
    0000119B 33               [ 6] 3691 	inc	sp
    0000119C DD 6E FD         [19] 3692 	ld	l, -3 (ix)
    0000119F DD 66 FE         [19] 3693 	ld	h, -2 (ix)
    000011A2 CDrFEr0F         [17] 3694 	call	_CopyNo8HeightFontData
    000011A5 D1               [10] 3695 	pop	de
    000011A6 C1               [10] 3696 	pop	bc
    000011A7 C3rC7r11         [10] 3697 	jp	00111$
    000011AA                       3698 00110$:
                                   3699 ;C:\Users\Jummy\Downloads\MSXgl-1.5.0b\engine/src/print.c:907: VDP_WriteVRAM(src, dst, 0, PRINT_DATA.CharCount * 8);
    000011AA DD 6E FB         [19] 3700 	ld	l, -5 (ix)
    000011AD DD 66 FC         [19] 3701 	ld	h, -4 (ix)
    000011B0 6E               [ 7] 3702 	ld	l, (hl)
    000011B1 26 00            [ 7] 3703 	ld	h, #0x00
    000011B3 29               [11] 3704 	add	hl, hl
    000011B4 29               [11] 3705 	add	hl, hl
    000011B5 29               [11] 3706 	add	hl, hl
    000011B6 C5               [11] 3707 	push	bc
    000011B7 D5               [11] 3708 	push	de
    000011B8 E5               [11] 3709 	push	hl
    000011B9 AF               [ 4] 3710 	xor	a, a
    000011BA F5               [11] 3711 	push	af
    000011BB 33               [ 6] 3712 	inc	sp
    000011BC DD 6E FD         [19] 3713 	ld	l, -3 (ix)
    000011BF DD 66 FE         [19] 3714 	ld	h, -2 (ix)
    000011C2 CDr00r00         [17] 3715 	call	_VDP_WriteVRAM_128K
    000011C5 D1               [10] 3716 	pop	de
    000011C6 C1               [10] 3717 	pop	bc
    000011C7                       3718 00111$:
                                   3719 ;C:\Users\Jummy\Downloads\MSXgl-1.5.0b\engine/src/print.c:908: dst += 256 * 8;
    000011C7 7A               [ 4] 3720 	ld	a, d
    000011C8 C6 08            [ 7] 3721 	add	a, #0x08
    000011CA 57               [ 4] 3722 	ld	d, a
                                   3723 ;C:\Users\Jummy\Downloads\MSXgl-1.5.0b\engine/src/print.c:910: if (fontData != NULL)
    000011CB 78               [ 4] 3724 	ld	a, b
    000011CC B1               [ 4] 3725 	or	a, c
    000011CD 28 11            [12] 3726 	jr	z, 00113$
                                   3727 ;C:\Users\Jummy\Downloads\MSXgl-1.5.0b\engine/src/print.c:911: CopyNo8HeightFontData(src, dst, fontData[0] & 0x0F);
    000011CF 0A               [ 7] 3728 	ld	a, (bc)
    000011D0 E6 0F            [ 7] 3729 	and	a, #0x0f
    000011D2 F5               [11] 3730 	push	af
    000011D3 33               [ 6] 3731 	inc	sp
    000011D4 DD 6E FD         [19] 3732 	ld	l, -3 (ix)
    000011D7 DD 66 FE         [19] 3733 	ld	h, -2 (ix)
    000011DA CDrFEr0F         [17] 3734 	call	_CopyNo8HeightFontData
    000011DD C3rF7r11         [10] 3735 	jp	00119$
    000011E0                       3736 00113$:
                                   3737 ;C:\Users\Jummy\Downloads\MSXgl-1.5.0b\engine/src/print.c:914: VDP_WriteVRAM(src, dst, 0, PRINT_DATA.CharCount * 8);
    000011E0 C1               [10] 3738 	pop	bc
    000011E1 E1               [10] 3739 	pop	hl
    000011E2 E5               [11] 3740 	push	hl
    000011E3 C5               [11] 3741 	push	bc
    000011E4 6E               [ 7] 3742 	ld	l, (hl)
    000011E5 26 00            [ 7] 3743 	ld	h, #0x00
    000011E7 29               [11] 3744 	add	hl, hl
    000011E8 29               [11] 3745 	add	hl, hl
    000011E9 29               [11] 3746 	add	hl, hl
    000011EA E5               [11] 3747 	push	hl
    000011EB AF               [ 4] 3748 	xor	a, a
    000011EC F5               [11] 3749 	push	af
    000011ED 33               [ 6] 3750 	inc	sp
    000011EE DD 6E FD         [19] 3751 	ld	l, -3 (ix)
    000011F1 DD 66 FE         [19] 3752 	ld	h, -2 (ix)
    000011F4 CDr00r00         [17] 3753 	call	_VDP_WriteVRAM_128K
                                   3754 ;C:\Users\Jummy\Downloads\MSXgl-1.5.0b\engine/src/print.c:917: };
    000011F7                       3755 00119$:
                                   3756 ;C:\Users\Jummy\Downloads\MSXgl-1.5.0b\engine/src/print.c:918: }
    000011F7 DD F9            [10] 3757 	ld	sp, ix
    000011F9 DD E1            [14] 3758 	pop	ix
    000011FB E1               [10] 3759 	pop	hl
    000011FC 33               [ 6] 3760 	inc	sp
    000011FD E9               [ 4] 3761 	jp	(hl)
                                   3762 ;C:\Users\Jummy\Downloads\MSXgl-1.5.0b\engine/src/print.c:923: void DrawChar_Layout(u8 chr)
                                   3763 ;	---------------------------------
                                   3764 ; Function DrawChar_Layout
                                   3765 ; ---------------------------------
    000011FE                       3766 _DrawChar_Layout::
    000011FE DD E5            [15] 3767 	push	ix
    00001200 DD 21 00 00      [14] 3768 	ld	ix,	#0
    00001204 DD 39            [15] 3769 	add	ix, sp
    00001206 3B               [ 6] 3770 	dec	sp
                                   3771 ;C:\Users\Jummy\Downloads\MSXgl-1.5.0b\engine/src/print.c:926: chr = Print_ValidateChar(chr);
    00001207 CDr8Fr05         [17] 3772 	call	_Print_ValidateChar
    0000120A 4F               [ 4] 3773 	ld	c, a
                                   3774 ;C:\Users\Jummy\Downloads\MSXgl-1.5.0b\engine/src/print.c:928: u8 shape = chr - PRINT_DATA.CharFirst + PRINT_DATA.PatternOffset;
    0000120B 21r15r00         [10] 3775 	ld	hl, #_g_PrintData + 21
    0000120E 79               [ 4] 3776 	ld	a, c
    0000120F 96               [ 7] 3777 	sub	a, (hl)
    00001210 21r25r00         [10] 3778 	ld	hl, #_g_PrintData + 37
    00001213 86               [ 7] 3779 	add	a, (hl)
    00001214 DD 77 FF         [19] 3780 	ld	-1 (ix), a
                                   3781 ;C:\Users\Jummy\Downloads\MSXgl-1.5.0b\engine/src/print.c:929: u16 dst = (u16)g_ScreenLayoutLow + (PRINT_DATA.CursorY * PRINT_DATA.ScreenWidth) + PRINT_DATA.CursorX;
    00001217 3Ar07r00         [13] 3782 	ld	a, (#_g_PrintData + 7)
    0000121A ED 5Br1Br00      [20] 3783 	ld	de, (#_g_PrintData + 27)
    0000121E 26 00            [ 7] 3784 	ld	h, #0x00
    00001220 6F               [ 4] 3785 	ld	l, a
    00001221 CDr00r00         [17] 3786 	call	__mulint
    00001224 7B               [ 4] 3787 	ld	a, e
    00001225 21r00r00         [10] 3788 	ld	hl, #_g_ScreenLayoutLow
    00001228 86               [ 7] 3789 	add	a, (hl)
    00001229 23               [ 6] 3790 	inc	hl
    0000122A 4F               [ 4] 3791 	ld	c, a
    0000122B 7A               [ 4] 3792 	ld	a, d
    0000122C 8E               [ 7] 3793 	adc	a, (hl)
    0000122D 47               [ 4] 3794 	ld	b, a
    0000122E 2Ar05r00         [16] 3795 	ld	hl, (#_g_PrintData + 5)
    00001231 09               [11] 3796 	add	hl, bc
    00001232 EB               [ 4] 3797 	ex	de, hl
                                   3798 ;C:\Users\Jummy\Downloads\MSXgl-1.5.0b\engine/src/print.c:930: VDP_Poke(shape, dst, g_ScreenLayoutHigh);
    00001233 3Ar00r00         [13] 3799 	ld	a, (_g_ScreenLayoutHigh)
    00001236 F5               [11] 3800 	push	af
    00001237 33               [ 6] 3801 	inc	sp
    00001238 DD 7E FF         [19] 3802 	ld	a, -1 (ix)
    0000123B CDr00r00         [17] 3803 	call	_VDP_Poke_128K
                                   3804 ;C:\Users\Jummy\Downloads\MSXgl-1.5.0b\engine/src/print.c:931: }
    0000123E 33               [ 6] 3805 	inc	sp
    0000123F DD E1            [14] 3806 	pop	ix
    00001241 C9               [10] 3807 	ret
                                   3808 ;C:\Users\Jummy\Downloads\MSXgl-1.5.0b\engine/src/print.c:950: void Print_SetSpriteFont(const u8* font, u8 patIdx, u8 sprtIdx)
                                   3809 ;	---------------------------------
                                   3810 ; Function Print_SetSpriteFont
                                   3811 ; ---------------------------------
    00001242                       3812 _Print_SetSpriteFont::
    00001242 DD E5            [15] 3813 	push	ix
    00001244 DD 21 00 00      [14] 3814 	ld	ix,	#0
    00001248 DD 39            [15] 3815 	add	ix, sp
    0000124A FD 21 F5 FF      [14] 3816 	ld	iy, #-11
    0000124E FD 39            [15] 3817 	add	iy, sp
    00001250 FD F9            [10] 3818 	ld	sp, iy
                                   3819 ;C:\Users\Jummy\Downloads\MSXgl-1.5.0b\engine/src/print.c:952: PRINT_DATA.SpritePattern = patIdx;
    00001252 01r23r00         [10] 3820 	ld	bc, #_g_PrintData + 35
    00001255 DD 7E 04         [19] 3821 	ld	a, 4 (ix)
    00001258 02               [ 7] 3822 	ld	(bc), a
                                   3823 ;C:\Users\Jummy\Downloads\MSXgl-1.5.0b\engine/src/print.c:953: PRINT_DATA.SpriteID = sprtIdx;
    00001259 01r24r00         [10] 3824 	ld	bc, #_g_PrintData + 36
    0000125C DD 7E 05         [19] 3825 	ld	a, 5 (ix)
    0000125F 02               [ 7] 3826 	ld	(bc), a
                                   3827 ;C:\Users\Jummy\Downloads\MSXgl-1.5.0b\engine/src/print.c:955: Print_SetFont(font);
    00001260 CDr00r02         [17] 3828 	call	_Print_SetFont
                                   3829 ;C:\Users\Jummy\Downloads\MSXgl-1.5.0b\engine/src/print.c:956: Print_Initialize();
    00001263 CDr94r00         [17] 3830 	call	_Print_Initialize
                                   3831 ;C:\Users\Jummy\Downloads\MSXgl-1.5.0b\engine/src/print.c:957: Print_SetMode(PRINT_MODE_SPRITE);
    00001266 3E 04            [ 7] 3832 	ld	a, #0x04
    00001268 CDr79r01         [17] 3833 	call	_Print_SetMode
                                   3834 ;C:\Users\Jummy\Downloads\MSXgl-1.5.0b\engine/src/print.c:962: u16 ram = (u16)PRINT_DATA.FontPatterns;
    0000126B 2Ar1Dr00         [16] 3835 	ld	hl, (#_g_PrintData + 29)
    0000126E DD 75 FC         [19] 3836 	ld	-4 (ix), l
    00001271 DD 74 FD         [19] 3837 	ld	-3 (ix), h
                                   3838 ;C:\Users\Jummy\Downloads\MSXgl-1.5.0b\engine/src/print.c:963: u16 vram = g_SpritePatternLow;
    00001274 2Ar00r00         [16] 3839 	ld	hl, (_g_SpritePatternLow)
    00001277 DD 75 F6         [19] 3840 	ld	-10 (ix), l
    0000127A DD 74 F7         [19] 3841 	ld	-9 (ix), h
                                   3842 ;C:\Users\Jummy\Downloads\MSXgl-1.5.0b\engine/src/print.c:964: for (u16 chr = PRINT_DATA.CharFirst; chr <= PRINT_DATA.CharLast; ++chr)
    0000127D 3Ar15r00         [13] 3843 	ld	a, (#_g_PrintData + 21)
    00001280 DD 77 FF         [19] 3844 	ld	-1 (ix), a
    00001283 DD 77 FE         [19] 3845 	ld	-2 (ix), a
    00001286 DD 36 FF 00      [19] 3846 	ld	-1 (ix), #0x00
    0000128A                       3847 00106$:
    0000128A 3Ar16r00         [13] 3848 	ld	a, (#_g_PrintData + 22)
    0000128D DD 77 FB         [19] 3849 	ld	-5 (ix), a
    00001290 DD 77 FA         [19] 3850 	ld	-6 (ix), a
    00001293 DD 36 FB 00      [19] 3851 	ld	-5 (ix), #0x00
    00001297 DD 7E FA         [19] 3852 	ld	a, -6 (ix)
    0000129A DD 96 FE         [19] 3853 	sub	a, -2 (ix)
    0000129D 3E 00            [ 7] 3854 	ld	a, #0x00
    0000129F DD 9E FF         [19] 3855 	sbc	a, -1 (ix)
    000012A2 DAr84r13         [10] 3856 	jp	c, 00108$
                                   3857 ;C:\Users\Jummy\Downloads\MSXgl-1.5.0b\engine/src/print.c:967: if (PRINT_H(PRINT_DATA.PatternY) < 8)
    000012A5 3Ar01r00         [13] 3858 	ld	a, (#(_g_PrintData + 1) + 0)
    000012A8 DD 77 F5         [19] 3859 	ld	-11 (ix), a
                                   3860 ;C:\Users\Jummy\Downloads\MSXgl-1.5.0b\engine/src/print.c:969: VDP_WriteVRAM((u8*)ram, vram, g_SpritePatternHigh, PRINT_H(PRINT_DATA.PatternY));
    000012AB DD 7E FC         [19] 3861 	ld	a, -4 (ix)
    000012AE DD 77 F8         [19] 3862 	ld	-8 (ix), a
    000012B1 DD 7E FD         [19] 3863 	ld	a, -3 (ix)
    000012B4 DD 77 F9         [19] 3864 	ld	-7 (ix), a
                                   3865 ;C:\Users\Jummy\Downloads\MSXgl-1.5.0b\engine/src/print.c:970: vram += PRINT_H(PRINT_DATA.PatternY);
    000012B7 DD 7E F6         [19] 3866 	ld	a, -10 (ix)
    000012BA DD 77 FA         [19] 3867 	ld	-6 (ix), a
    000012BD DD 7E F7         [19] 3868 	ld	a, -9 (ix)
    000012C0 DD 77 FB         [19] 3869 	ld	-5 (ix), a
                                   3870 ;C:\Users\Jummy\Downloads\MSXgl-1.5.0b\engine/src/print.c:967: if (PRINT_H(PRINT_DATA.PatternY) < 8)
    000012C3 DD 7E F5         [19] 3871 	ld	a, -11 (ix)
    000012C6 D6 08            [ 7] 3872 	sub	a, #0x08
    000012C8 30 52            [12] 3873 	jr	nc, 00102$
                                   3874 ;C:\Users\Jummy\Downloads\MSXgl-1.5.0b\engine/src/print.c:969: VDP_WriteVRAM((u8*)ram, vram, g_SpritePatternHigh, PRINT_H(PRINT_DATA.PatternY));
    000012CA DD 4E F5         [19] 3875 	ld	c, -11 (ix)
    000012CD 06 00            [ 7] 3876 	ld	b, #0x00
    000012CF C5               [11] 3877 	push	bc
    000012D0 3Ar00r00         [13] 3878 	ld	a, (_g_SpritePatternHigh)
    000012D3 F5               [11] 3879 	push	af
    000012D4 33               [ 6] 3880 	inc	sp
    000012D5 DD 5E F6         [19] 3881 	ld	e, -10 (ix)
    000012D8 DD 56 F7         [19] 3882 	ld	d, -9 (ix)
    000012DB DD 6E F8         [19] 3883 	ld	l, -8 (ix)
    000012DE DD 66 F9         [19] 3884 	ld	h, -7 (ix)
    000012E1 CDr00r00         [17] 3885 	call	_VDP_WriteVRAM_128K
                                   3886 ;C:\Users\Jummy\Downloads\MSXgl-1.5.0b\engine/src/print.c:970: vram += PRINT_H(PRINT_DATA.PatternY);
    000012E4 21r01r00         [10] 3887 	ld	hl, #(_g_PrintData + 1)
    000012E7 4E               [ 7] 3888 	ld	c, (hl)
    000012E8 06 00            [ 7] 3889 	ld	b, #0x00
    000012EA 59               [ 4] 3890 	ld	e, c
    000012EB 50               [ 4] 3891 	ld	d, b
    000012EC DD 6E FA         [19] 3892 	ld	l, -6 (ix)
    000012EF DD 66 FB         [19] 3893 	ld	h, -5 (ix)
    000012F2 19               [11] 3894 	add	hl, de
    000012F3 EB               [ 4] 3895 	ex	de, hl
                                   3896 ;C:\Users\Jummy\Downloads\MSXgl-1.5.0b\engine/src/print.c:971: VDP_FillVRAM(0, vram, g_SpritePatternHigh, 8 - PRINT_H(PRINT_DATA.PatternY));
    000012F4 3E 08            [ 7] 3897 	ld	a, #0x08
    000012F6 91               [ 4] 3898 	sub	a, c
    000012F7 4F               [ 4] 3899 	ld	c, a
    000012F8 9F               [ 4] 3900 	sbc	a, a
    000012F9 47               [ 4] 3901 	ld	b, a
    000012FA D5               [11] 3902 	push	de
    000012FB C5               [11] 3903 	push	bc
    000012FC 3Ar00r00         [13] 3904 	ld	a, (_g_SpritePatternHigh)
    000012FF F5               [11] 3905 	push	af
    00001300 33               [ 6] 3906 	inc	sp
    00001301 AF               [ 4] 3907 	xor	a, a
    00001302 CDr00r00         [17] 3908 	call	_VDP_FillVRAM_128K
    00001305 D1               [10] 3909 	pop	de
                                   3910 ;C:\Users\Jummy\Downloads\MSXgl-1.5.0b\engine/src/print.c:972: vram += 8 - PRINT_H(PRINT_DATA.PatternY);
    00001306 21r01r00         [10] 3911 	ld	hl, #(_g_PrintData + 1)
    00001309 4E               [ 7] 3912 	ld	c, (hl)
    0000130A 06 00            [ 7] 3913 	ld	b, #0x00
    0000130C 3E 08            [ 7] 3914 	ld	a, #0x08
    0000130E 91               [ 4] 3915 	sub	a, c
    0000130F 6F               [ 4] 3916 	ld	l, a
    00001310 9F               [ 4] 3917 	sbc	a, a
    00001311 67               [ 4] 3918 	ld	h, a
    00001312 19               [11] 3919 	add	hl, de
    00001313 DD 75 F6         [19] 3920 	ld	-10 (ix), l
    00001316 DD 74 F7         [19] 3921 	ld	-9 (ix), h
    00001319 C3r50r13         [10] 3922 	jp	00103$
    0000131C                       3923 00102$:
                                   3924 ;C:\Users\Jummy\Downloads\MSXgl-1.5.0b\engine/src/print.c:976: VDP_WriteVRAM((u8*)ram, vram, g_SpritePatternHigh, 8);
    0000131C 21 08 00         [10] 3925 	ld	hl, #0x0008
    0000131F E5               [11] 3926 	push	hl
    00001320 3Ar00r00         [13] 3927 	ld	a, (_g_SpritePatternHigh)
    00001323 F5               [11] 3928 	push	af
    00001324 33               [ 6] 3929 	inc	sp
    00001325 DD 5E F6         [19] 3930 	ld	e, -10 (ix)
    00001328 DD 56 F7         [19] 3931 	ld	d, -9 (ix)
    0000132B DD 6E F8         [19] 3932 	ld	l, -8 (ix)
    0000132E DD 66 F9         [19] 3933 	ld	h, -7 (ix)
    00001331 CDr00r00         [17] 3934 	call	_VDP_WriteVRAM_128K
                                   3935 ;C:\Users\Jummy\Downloads\MSXgl-1.5.0b\engine/src/print.c:977: vram += 8;
    00001334 11 08 00         [10] 3936 	ld	de, #0x0008
    00001337 DD 6E FA         [19] 3937 	ld	l, -6 (ix)
    0000133A DD 66 FB         [19] 3938 	ld	h, -5 (ix)
    0000133D 19               [11] 3939 	add	hl, de
    0000133E DD 75 F8         [19] 3940 	ld	-8 (ix), l
    00001341 DD 74 F9         [19] 3941 	ld	-7 (ix), h
    00001344 DD 7E F8         [19] 3942 	ld	a, -8 (ix)
    00001347 DD 77 F6         [19] 3943 	ld	-10 (ix), a
    0000134A DD 7E F9         [19] 3944 	ld	a, -7 (ix)
    0000134D DD 77 F7         [19] 3945 	ld	-9 (ix), a
    00001350                       3946 00103$:
                                   3947 ;C:\Users\Jummy\Downloads\MSXgl-1.5.0b\engine/src/print.c:979: ram += PRINT_H(PRINT_DATA.PatternY);
    00001350 3Ar01r00         [13] 3948 	ld	a, (#(_g_PrintData + 1) + 0)
    00001353 DD 77 F8         [19] 3949 	ld	-8 (ix), a
    00001356 DD 36 F9 00      [19] 3950 	ld	-7 (ix), #0x00
    0000135A DD 7E FC         [19] 3951 	ld	a, -4 (ix)
    0000135D DD 77 FA         [19] 3952 	ld	-6 (ix), a
    00001360 DD 7E FD         [19] 3953 	ld	a, -3 (ix)
    00001363 DD 77 FB         [19] 3954 	ld	-5 (ix), a
    00001366 DD 5E FA         [19] 3955 	ld	e, -6 (ix)
    00001369 DD 56 FB         [19] 3956 	ld	d, -5 (ix)
    0000136C DD 6E F8         [19] 3957 	ld	l, -8 (ix)
    0000136F 26 00            [ 7] 3958 	ld	h, #0x00
    00001371 19               [11] 3959 	add	hl, de
    00001372 DD 75 FC         [19] 3960 	ld	-4 (ix), l
    00001375 DD 74 FD         [19] 3961 	ld	-3 (ix), h
                                   3962 ;C:\Users\Jummy\Downloads\MSXgl-1.5.0b\engine/src/print.c:964: for (u16 chr = PRINT_DATA.CharFirst; chr <= PRINT_DATA.CharLast; ++chr)
    00001378 DD 34 FE         [23] 3963 	inc	-2 (ix)
    0000137B C2r8Ar12         [10] 3964 	jp	nz, 00106$
    0000137E DD 34 FF         [23] 3965 	inc	-1 (ix)
    00001381 C3r8Ar12         [10] 3966 	jp	00106$
    00001384                       3967 00108$:
                                   3968 ;C:\Users\Jummy\Downloads\MSXgl-1.5.0b\engine/src/print.c:982: }
    00001384 DD F9            [10] 3969 	ld	sp, ix
    00001386 DD E1            [14] 3970 	pop	ix
    00001388 E1               [10] 3971 	pop	hl
    00001389 F1               [10] 3972 	pop	af
    0000138A E9               [ 4] 3973 	jp	(hl)
                                   3974 ;C:\Users\Jummy\Downloads\MSXgl-1.5.0b\engine/src/print.c:988: void DrawChar_Sprite(u8 chr)
                                   3975 ;	---------------------------------
                                   3976 ; Function DrawChar_Sprite
                                   3977 ; ---------------------------------
    0000138B                       3978 _DrawChar_Sprite::
    0000138B 4F               [ 4] 3979 	ld	c, a
                                   3980 ;C:\Users\Jummy\Downloads\MSXgl-1.5.0b\engine/src/print.c:990: u16 shape = chr - PRINT_DATA.CharFirst + PRINT_DATA.SpritePattern;
    0000138C 21r15r00         [10] 3981 	ld	hl, #_g_PrintData + 21
    0000138F 79               [ 4] 3982 	ld	a, c
    00001390 96               [ 7] 3983 	sub	a, (hl)
    00001391 21r23r00         [10] 3984 	ld	hl, #_g_PrintData + 35
    00001394 86               [ 7] 3985 	add	a, (hl)
    00001395 5F               [ 4] 3986 	ld	e, a
                                   3987 ;C:\Users\Jummy\Downloads\MSXgl-1.5.0b\engine/src/print.c:994: VDP_SetSpriteExMultiColor(PRINT_DATA.SpriteID++, PRINT_DATA.CursorX, PRINT_DATA.CursorY, shape, PRINT_DATA.TextColor);
    00001396 21r07r00         [10] 3988 	ld	hl, #_g_PrintData + 7
    00001399 46               [ 7] 3989 	ld	b, (hl)
    0000139A 21r05r00         [10] 3990 	ld	hl, #_g_PrintData + 5
    0000139D 4E               [ 7] 3991 	ld	c, (hl)
    0000139E 21r24r00         [10] 3992 	ld	hl, #_g_PrintData + 36
    000013A1 7E               [ 7] 3993 	ld	a, (hl)
    000013A2 57               [ 4] 3994 	ld	d, a
    000013A3 14               [ 4] 3995 	inc	d
    000013A4 72               [ 7] 3996 	ld	(hl), d
    000013A5 21r08r00         [10] 3997 	ld	hl, #(_g_PrintData + 8)
    000013A8 E5               [11] 3998 	push	hl
    000013A9 63               [ 4] 3999 	ld	h, e
    000013AA 68               [ 4] 4000 	ld	l, b
    000013AB E5               [11] 4001 	push	hl
    000013AC 69               [ 4] 4002 	ld	l, c
    000013AD CDr00r00         [17] 4003 	call	_VDP_SetSpriteExMultiColor
                                   4004 ;C:\Users\Jummy\Downloads\MSXgl-1.5.0b\engine/src/print.c:996: }
    000013B0 C9               [10] 4005 	ret
                                   4006 ;C:\Users\Jummy\Downloads\MSXgl-1.5.0b\engine/src/print.c:1014: void Print_SetShadow(bool enable, i8 offsetX, i8 offsetY, u8 color)
                                   4007 ;	---------------------------------
                                   4008 ; Function Print_SetShadow
                                   4009 ; ---------------------------------
    000013B1                       4010 _Print_SetShadow::
    000013B1 DD E5            [15] 4011 	push	ix
    000013B3 DD 21 00 00      [14] 4012 	ld	ix,	#0
    000013B7 DD 39            [15] 4013 	add	ix, sp
                                   4014 ;C:\Users\Jummy\Downloads\MSXgl-1.5.0b\engine/src/print.c:1016: Print_EnableShadow(enable);
    000013B9 E5               [11] 4015 	push	hl
    000013BA CDrEBr13         [17] 4016 	call	_Print_EnableShadow
    000013BD E1               [10] 4017 	pop	hl
                                   4018 ;C:\Users\Jummy\Downloads\MSXgl-1.5.0b\engine/src/print.c:1017: PRINT_DATA.ShadowOffsetX = 3 + offsetX;
    000013BE 01r27r00         [10] 4019 	ld	bc, #_g_PrintData + 39
    000013C1 7D               [ 4] 4020 	ld	a, l
    000013C2 C6 03            [ 7] 4021 	add	a, #0x03
    000013C4 E6 07            [ 7] 4022 	and	a, #0x07
    000013C6 5F               [ 4] 4023 	ld	e, a
    000013C7 0A               [ 7] 4024 	ld	a, (bc)
    000013C8 E6 F8            [ 7] 4025 	and	a, #0xf8
    000013CA B3               [ 4] 4026 	or	a, e
    000013CB 02               [ 7] 4027 	ld	(bc), a
                                   4028 ;C:\Users\Jummy\Downloads\MSXgl-1.5.0b\engine/src/print.c:1018: PRINT_DATA.ShadowOffsetY = 3 + offsetY;
    000013CC 01r27r00         [10] 4029 	ld	bc, #_g_PrintData + 39
    000013CF DD 7E 04         [19] 4030 	ld	a, 4 (ix)
    000013D2 C6 03            [ 7] 4031 	add	a, #0x03
    000013D4 07               [ 4] 4032 	rlca
    000013D5 07               [ 4] 4033 	rlca
    000013D6 07               [ 4] 4034 	rlca
    000013D7 E6 38            [ 7] 4035 	and	a, #0x38
    000013D9 5F               [ 4] 4036 	ld	e, a
    000013DA 0A               [ 7] 4037 	ld	a, (bc)
    000013DB E6 C7            [ 7] 4038 	and	a, #0xc7
    000013DD B3               [ 4] 4039 	or	a, e
    000013DE 02               [ 7] 4040 	ld	(bc), a
                                   4041 ;C:\Users\Jummy\Downloads\MSXgl-1.5.0b\engine/src/print.c:1019: PRINT_DATA.ShadowColor   = color;
    000013DF 21r28r00         [10] 4042 	ld	hl, #(_g_PrintData + 40)
    000013E2 DD 7E 05         [19] 4043 	ld	a, 5 (ix)
    000013E5 77               [ 7] 4044 	ld	(hl), a
                                   4045 ;C:\Users\Jummy\Downloads\MSXgl-1.5.0b\engine/src/print.c:1020: }
    000013E6 DD E1            [14] 4046 	pop	ix
    000013E8 E1               [10] 4047 	pop	hl
    000013E9 F1               [10] 4048 	pop	af
    000013EA E9               [ 4] 4049 	jp	(hl)
                                   4050 ;C:\Users\Jummy\Downloads\MSXgl-1.5.0b\engine/src/print.c:1025: void Print_EnableShadow(bool enable)
                                   4051 ;	---------------------------------
                                   4052 ; Function Print_EnableShadow
                                   4053 ; ---------------------------------
    000013EB                       4054 _Print_EnableShadow::
                                   4055 ;C:\Users\Jummy\Downloads\MSXgl-1.5.0b\engine/src/print.c:1027: PRINT_DATA.FX = enable ? PRINT_FX_SHADOW : 0;
    000013EB 4F               [ 4] 4056 	ld	c, a
    000013EC B7               [ 4] 4057 	or	a, a
    000013ED 3E 01            [ 7] 4058 	ld	a, #0x01
    000013EF 20 01            [12] 4059 	jr	nz, 00104$
    000013F1 AF               [ 4] 4060 	xor	a, a
    000013F2                       4061 00104$:
    000013F2 32r26r00         [13] 4062 	ld	(#(_g_PrintData + 38)), a
                                   4063 ;C:\Users\Jummy\Downloads\MSXgl-1.5.0b\engine/src/print.c:1028: Print_SetMode(enable ? PRINT_MODE_BITMAP_TRANS : PRINT_MODE_BITMAP); // enable default mode to write font data into VRAM
    000013F5 79               [ 4] 4064 	ld	a, c
    000013F6 B7               [ 4] 4065 	or	a, a
    000013F7 28 05            [12] 4066 	jr	z, 00105$
    000013F9 3E 01            [ 7] 4067 	ld	a, #0x01
    000013FB C3r79r01         [10] 4068 	jp	_Print_SetMode
    000013FE                       4069 00105$:
    000013FE AF               [ 4] 4070 	xor	a, a
                                   4071 ;C:\Users\Jummy\Downloads\MSXgl-1.5.0b\engine/src/print.c:1029: }
    000013FF C3r79r01         [10] 4072 	jp	_Print_SetMode
                                   4073 ;C:\Users\Jummy\Downloads\MSXgl-1.5.0b\engine/src/print.c:1054: void Print_SetOutline(bool enable, u8 color)
                                   4074 ;	---------------------------------
                                   4075 ; Function Print_SetOutline
                                   4076 ; ---------------------------------
    00001402                       4077 _Print_SetOutline::
    00001402 4D               [ 4] 4078 	ld	c, l
                                   4079 ;C:\Users\Jummy\Downloads\MSXgl-1.5.0b\engine/src/print.c:1056: Print_EnableOutline(enable);
    00001403 C5               [11] 4080 	push	bc
    00001404 CDr0Dr14         [17] 4081 	call	_Print_EnableOutline
    00001407 C1               [10] 4082 	pop	bc
                                   4083 ;C:\Users\Jummy\Downloads\MSXgl-1.5.0b\engine/src/print.c:1057: PRINT_DATA.OutlineColor = color;
    00001408 21r29r00         [10] 4084 	ld	hl, #(_g_PrintData + 41)
    0000140B 71               [ 7] 4085 	ld	(hl), c
                                   4086 ;C:\Users\Jummy\Downloads\MSXgl-1.5.0b\engine/src/print.c:1058: }
    0000140C C9               [10] 4087 	ret
                                   4088 ;C:\Users\Jummy\Downloads\MSXgl-1.5.0b\engine/src/print.c:1062: void Print_EnableOutline(bool enable)
                                   4089 ;	---------------------------------
                                   4090 ; Function Print_EnableOutline
                                   4091 ; ---------------------------------
    0000140D                       4092 _Print_EnableOutline::
                                   4093 ;C:\Users\Jummy\Downloads\MSXgl-1.5.0b\engine/src/print.c:1064: PRINT_DATA.FX = enable ? PRINT_FX_OUTLINE : 0;
    0000140D 4F               [ 4] 4094 	ld	c, a
    0000140E B7               [ 4] 4095 	or	a, a
    0000140F 3E 02            [ 7] 4096 	ld	a, #0x02
    00001411 20 01            [12] 4097 	jr	nz, 00104$
    00001413 AF               [ 4] 4098 	xor	a, a
    00001414                       4099 00104$:
    00001414 32r26r00         [13] 4100 	ld	(#(_g_PrintData + 38)), a
                                   4101 ;C:\Users\Jummy\Downloads\MSXgl-1.5.0b\engine/src/print.c:1065: Print_SetMode(enable ? PRINT_MODE_BITMAP_TRANS : PRINT_MODE_BITMAP); // enable default mode to write font data into VRAM
    00001417 79               [ 4] 4102 	ld	a, c
    00001418 B7               [ 4] 4103 	or	a, a
    00001419 28 05            [12] 4104 	jr	z, 00105$
    0000141B 3E 01            [ 7] 4105 	ld	a, #0x01
    0000141D C3r79r01         [10] 4106 	jp	_Print_SetMode
    00001420                       4107 00105$:
    00001420 AF               [ 4] 4108 	xor	a, a
                                   4109 ;C:\Users\Jummy\Downloads\MSXgl-1.5.0b\engine/src/print.c:1066: }
    00001421 C3r79r01         [10] 4110 	jp	_Print_SetMode
                                   4111 ;C:\Users\Jummy\Downloads\MSXgl-1.5.0b\engine/src/print.c:1096: void Print_Clear()
                                   4112 ;	---------------------------------
                                   4113 ; Function Print_Clear
                                   4114 ; ---------------------------------
    00001424                       4115 _Print_Clear::
                                   4116 ;C:\Users\Jummy\Downloads\MSXgl-1.5.0b\engine/src/vdp.h:483: inline u8 VDP_GetMode() { return g_VDP_Data.Mode; }
                                   4117 ;C:\Users\Jummy\Downloads\MSXgl-1.5.0b\engine/src/vdp.h:499: return mode >= VDP_MODE_GRAPHIC4;
    00001424 3Ar00r00         [13] 4118 	ld	a, (#_g_VDP_Data+0)
    00001427 D6 06            [ 7] 4119 	sub	a, #0x06
    00001429 3E 00            [ 7] 4120 	ld	a, #0x00
    0000142B 17               [ 4] 4121 	rla
                                   4122 ;C:\Users\Jummy\Downloads\MSXgl-1.5.0b\engine/src/print.c:1098: if (VDP_IsBitmapMode(VDP_GetMode())) // Bitmap mode
    0000142C EE 01            [ 7] 4123 	xor	a,#0x01
    0000142E 28 31            [12] 4124 	jr	z, 00102$
                                   4125 ;C:\Users\Jummy\Downloads\MSXgl-1.5.0b\engine/src/print.c:1101: u8 color = Print_MergeColor(PRINT_DATA.BGColor);
    00001430 3Ar14r00         [13] 4126 	ld	a, (#_g_PrintData + 20)
    00001433 CDr42r00         [17] 4127 	call	_Print_MergeColor
    00001436 4F               [ 4] 4128 	ld	c, a
                                   4129 ;C:\Users\Jummy\Downloads\MSXgl-1.5.0b\engine/src/print.c:1102: VDP_CommandHMMV(0, 0, PRINT_DATA.ScreenWidth, 212, color); // @todo Check the 192/212 lines parameter
    00001437 ED 5Br1Br00      [20] 4130 	ld	de, (#_g_PrintData + 27)
                                   4131 ;C:\Users\Jummy\Downloads\MSXgl-1.5.0b\engine/src/vdp_inl.h:167: g_VDP_Command.DX = dx; 
    0000143B 21 00 00         [10] 4132 	ld	hl, #0x0000
    0000143E 22r04r00         [16] 4133 	ld	((_g_VDP_Command + 4)), hl
                                   4134 ;C:\Users\Jummy\Downloads\MSXgl-1.5.0b\engine/src/vdp_inl.h:168: g_VDP_Command.DY = dy; 
    00001441 22r06r00         [16] 4135 	ld	((_g_VDP_Command + 6)), hl
                                   4136 ;C:\Users\Jummy\Downloads\MSXgl-1.5.0b\engine/src/vdp_inl.h:169: g_VDP_Command.NX = nx; 
    00001444 ED 53r08r00      [20] 4137 	ld	((_g_VDP_Command + 8)), de
                                   4138 ;C:\Users\Jummy\Downloads\MSXgl-1.5.0b\engine/src/vdp_inl.h:170: g_VDP_Command.NY = ny; 
    00001448 2E D4            [ 7] 4139 	ld	l, #0xd4
    0000144A 22r0Ar00         [16] 4140 	ld	((_g_VDP_Command + 10)), hl
                                   4141 ;C:\Users\Jummy\Downloads\MSXgl-1.5.0b\engine/src/vdp_inl.h:171: g_VDP_Command.CLR = col; 
    0000144D 21r0Cr00         [10] 4142 	ld	hl, #(_g_VDP_Command + 12)
    00001450 71               [ 7] 4143 	ld	(hl), c
                                   4144 ;C:\Users\Jummy\Downloads\MSXgl-1.5.0b\engine/src/vdp_inl.h:172: g_VDP_Command.ARG = arg; 
    00001451 21r0Dr00         [10] 4145 	ld	hl, #_g_VDP_Command + 13
    00001454 36 00            [10] 4146 	ld	(hl), #0x00
                                   4147 ;C:\Users\Jummy\Downloads\MSXgl-1.5.0b\engine/src/vdp_inl.h:173: g_VDP_Command.CMD = VDP_CMD_HMMV;
    00001456 21r0Er00         [10] 4148 	ld	hl, #_g_VDP_Command + 14
    00001459 36 C0            [10] 4149 	ld	(hl), #0xc0
                                   4150 ;C:\Users\Jummy\Downloads\MSXgl-1.5.0b\engine/src/vdp_inl.h:174: VDP_CommandSetupR36();
    0000145B CDr00r00         [17] 4151 	call	_VDP_CommandSetupR36
                                   4152 ;C:\Users\Jummy\Downloads\MSXgl-1.5.0b\engine/src/print.c:1103: VDP_CommandWait();
    0000145E C3r00r00         [10] 4153 	jp	_VDP_CommandWait
    00001461                       4154 00102$:
                                   4155 ;C:\Users\Jummy\Downloads\MSXgl-1.5.0b\engine/src/print.c:1109: VDP_FillVRAM(0, g_ScreenLayoutLow, g_ScreenLayoutHigh, 24 * PRINT_DATA.ScreenWidth);
    00001461 2Ar1Br00         [16] 4156 	ld	hl, (#(_g_PrintData + 27) + 0)
    00001464 4D               [ 4] 4157 	ld	c, l
    00001465 44               [ 4] 4158 	ld	b, h
    00001466 29               [11] 4159 	add	hl, hl
    00001467 09               [11] 4160 	add	hl, bc
    00001468 29               [11] 4161 	add	hl, hl
    00001469 29               [11] 4162 	add	hl, hl
    0000146A 29               [11] 4163 	add	hl, hl
    0000146B E5               [11] 4164 	push	hl
    0000146C 3Ar00r00         [13] 4165 	ld	a, (_g_ScreenLayoutHigh)
    0000146F F5               [11] 4166 	push	af
    00001470 33               [ 6] 4167 	inc	sp
    00001471 ED 5Br00r00      [20] 4168 	ld	de, (_g_ScreenLayoutLow)
    00001475 AF               [ 4] 4169 	xor	a, a
    00001476 CDr00r00         [17] 4170 	call	_VDP_FillVRAM_128K
                                   4171 ;C:\Users\Jummy\Downloads\MSXgl-1.5.0b\engine/src/print.c:1112: }
    00001479 C9               [10] 4172 	ret
                                   4173 ;C:\Users\Jummy\Downloads\MSXgl-1.5.0b\engine/src/print.c:1117: void Print_Backspace(u8 num)
                                   4174 ;	---------------------------------
                                   4175 ; Function Print_Backspace
                                   4176 ; ---------------------------------
    0000147A                       4177 _Print_Backspace::
    0000147A DD E5            [15] 4178 	push	ix
    0000147C DD 21 00 00      [14] 4179 	ld	ix,	#0
    00001480 DD 39            [15] 4180 	add	ix, sp
    00001482 F5               [11] 4181 	push	af
    00001483 F5               [11] 4182 	push	af
    00001484 DD 77 FF         [19] 4183 	ld	-1 (ix), a
                                   4184 ;C:\Users\Jummy\Downloads\MSXgl-1.5.0b\engine/src/vdp.h:483: inline u8 VDP_GetMode() { return g_VDP_Data.Mode; }
                                   4185 ;C:\Users\Jummy\Downloads\MSXgl-1.5.0b\engine/src/vdp.h:499: return mode >= VDP_MODE_GRAPHIC4;
    00001487 3Ar00r00         [13] 4186 	ld	a, (#_g_VDP_Data+0)
    0000148A D6 06            [ 7] 4187 	sub	a, #0x06
    0000148C 3E 00            [ 7] 4188 	ld	a, #0x00
    0000148E 17               [ 4] 4189 	rla
                                   4190 ;C:\Users\Jummy\Downloads\MSXgl-1.5.0b\engine/src/print.c:1120: if (VDP_IsBitmapMode(VDP_GetMode())) // Bitmap mode
    0000148F EE 01            [ 7] 4191 	xor	a,#0x01
    00001491 CAr18r15         [10] 4192 	jp	z, 00105$
                                   4193 ;C:\Users\Jummy\Downloads\MSXgl-1.5.0b\engine/src/print.c:1123: u16 x = PRINT_W(PRINT_DATA.UnitX) * num;
    00001494 21r02r00         [10] 4194 	ld	hl, #_g_PrintData + 2
    00001497 5E               [ 7] 4195 	ld	e, (hl)
    00001498 DD 66 FF         [19] 4196 	ld	h, -1 (ix)
    0000149B 2E 00            [ 7] 4197 	ld	l, #0x00
    0000149D 55               [ 4] 4198 	ld	d, l
    0000149E 06 08            [ 7] 4199 	ld	b, #0x08
    000014A0                       4200 00129$:
    000014A0 29               [11] 4201 	add	hl, hl
    000014A1 30 01            [12] 4202 	jr	nc, 00130$
    000014A3 19               [11] 4203 	add	hl, de
    000014A4                       4204 00130$:
    000014A4 10 FA            [13] 4205 	djnz	00129$
    000014A6 4D               [ 4] 4206 	ld	c, l
    000014A7 44               [ 4] 4207 	ld	b, h
                                   4208 ;C:\Users\Jummy\Downloads\MSXgl-1.5.0b\engine/src/print.c:1124: if (x >  PRINT_DATA.CursorX)
    000014A8 2Ar05r00         [16] 4209 	ld	hl, (#(_g_PrintData + 5) + 0)
    000014AB 7D               [ 4] 4210 	ld	a, l
    000014AC 91               [ 4] 4211 	sub	a, c
    000014AD 7C               [ 4] 4212 	ld	a, h
    000014AE 98               [ 4] 4213 	sbc	a, b
    000014AF 30 06            [12] 4214 	jr	nc, 00102$
                                   4215 ;C:\Users\Jummy\Downloads\MSXgl-1.5.0b\engine/src/print.c:1125: x = 0;
    000014B1 01 00 00         [10] 4216 	ld	bc, #0x0000
    000014B4 C3rBDr14         [10] 4217 	jp	00103$
    000014B7                       4218 00102$:
                                   4219 ;C:\Users\Jummy\Downloads\MSXgl-1.5.0b\engine/src/print.c:1127: x = PRINT_DATA.CursorX - x;
    000014B7 7D               [ 4] 4220 	ld	a, l
    000014B8 91               [ 4] 4221 	sub	a, c
    000014B9 4F               [ 4] 4222 	ld	c, a
    000014BA 7C               [ 4] 4223 	ld	a, h
    000014BB 98               [ 4] 4224 	sbc	a, b
    000014BC 47               [ 4] 4225 	ld	b, a
    000014BD                       4226 00103$:
                                   4227 ;C:\Users\Jummy\Downloads\MSXgl-1.5.0b\engine/src/print.c:1129: u8 color = Print_MergeColor(PRINT_DATA.BGColor);
    000014BD 3Ar14r00         [13] 4228 	ld	a, (#_g_PrintData + 20)
    000014C0 C5               [11] 4229 	push	bc
    000014C1 CDr42r00         [17] 4230 	call	_Print_MergeColor
    000014C4 DD 77 FC         [19] 4231 	ld	-4 (ix), a
    000014C7 C1               [10] 4232 	pop	bc
                                   4233 ;C:\Users\Jummy\Downloads\MSXgl-1.5.0b\engine/src/print.c:1130: VDP_CommandHMMV(x, PRINT_DATA.CursorY, x - PRINT_DATA.CursorX, PRINT_H(PRINT_DATA.UnitY), color); // @todo Check the 192/212 lines parameter
    000014C8 21r03r00         [10] 4234 	ld	hl, #_g_PrintData + 3
    000014CB 5E               [ 7] 4235 	ld	e, (hl)
    000014CC 16 00            [ 7] 4236 	ld	d, #0x00
    000014CE 2Ar05r00         [16] 4237 	ld	hl, (#(_g_PrintData + 5) + 0)
    000014D1 79               [ 4] 4238 	ld	a, c
    000014D2 95               [ 4] 4239 	sub	a, l
    000014D3 DD 77 FD         [19] 4240 	ld	-3 (ix), a
    000014D6 78               [ 4] 4241 	ld	a, b
    000014D7 9C               [ 4] 4242 	sbc	a, h
    000014D8 DD 77 FE         [19] 4243 	ld	-2 (ix), a
    000014DB 21r07r00         [10] 4244 	ld	hl, #_g_PrintData + 7
    000014DE 6E               [ 7] 4245 	ld	l, (hl)
    000014DF 26 00            [ 7] 4246 	ld	h, #0x00
                                   4247 ;C:\Users\Jummy\Downloads\MSXgl-1.5.0b\engine/src/vdp_inl.h:167: g_VDP_Command.DX = dx; 
    000014E1 ED 43r04r00      [20] 4248 	ld	((_g_VDP_Command + 4)), bc
                                   4249 ;C:\Users\Jummy\Downloads\MSXgl-1.5.0b\engine/src/vdp_inl.h:168: g_VDP_Command.DY = dy; 
    000014E5 22r06r00         [16] 4250 	ld	((_g_VDP_Command + 6)), hl
                                   4251 ;C:\Users\Jummy\Downloads\MSXgl-1.5.0b\engine/src/vdp_inl.h:169: g_VDP_Command.NX = nx; 
    000014E8 21r08r00         [10] 4252 	ld	hl, #(_g_VDP_Command + 8)
    000014EB DD 7E FD         [19] 4253 	ld	a, -3 (ix)
    000014EE 77               [ 7] 4254 	ld	(hl), a
    000014EF 23               [ 6] 4255 	inc	hl
    000014F0 DD 7E FE         [19] 4256 	ld	a, -2 (ix)
    000014F3 77               [ 7] 4257 	ld	(hl), a
                                   4258 ;C:\Users\Jummy\Downloads\MSXgl-1.5.0b\engine/src/vdp_inl.h:170: g_VDP_Command.NY = ny; 
    000014F4 ED 53r0Ar00      [20] 4259 	ld	((_g_VDP_Command + 10)), de
                                   4260 ;C:\Users\Jummy\Downloads\MSXgl-1.5.0b\engine/src/vdp_inl.h:171: g_VDP_Command.CLR = col; 
    000014F8 11r0Cr00         [10] 4261 	ld	de, #_g_VDP_Command + 12
    000014FB DD 7E FC         [19] 4262 	ld	a, -4 (ix)
    000014FE 12               [ 7] 4263 	ld	(de), a
                                   4264 ;C:\Users\Jummy\Downloads\MSXgl-1.5.0b\engine/src/vdp_inl.h:172: g_VDP_Command.ARG = arg; 
    000014FF 21r0Dr00         [10] 4265 	ld	hl, #_g_VDP_Command + 13
    00001502 36 00            [10] 4266 	ld	(hl), #0x00
                                   4267 ;C:\Users\Jummy\Downloads\MSXgl-1.5.0b\engine/src/vdp_inl.h:173: g_VDP_Command.CMD = VDP_CMD_HMMV;
    00001504 21r0Er00         [10] 4268 	ld	hl, #_g_VDP_Command + 14
    00001507 36 C0            [10] 4269 	ld	(hl), #0xc0
                                   4270 ;C:\Users\Jummy\Downloads\MSXgl-1.5.0b\engine/src/vdp_inl.h:174: VDP_CommandSetupR36();
    00001509 C5               [11] 4271 	push	bc
    0000150A CDr00r00         [17] 4272 	call	_VDP_CommandSetupR36
    0000150D C1               [10] 4273 	pop	bc
                                   4274 ;C:\Users\Jummy\Downloads\MSXgl-1.5.0b\engine/src/print.c:1131: PRINT_DATA.CursorX = x;
    0000150E ED 43r05r00      [20] 4275 	ld	((_g_PrintData + 5)), bc
                                   4276 ;C:\Users\Jummy\Downloads\MSXgl-1.5.0b\engine/src/print.c:1132: VDP_CommandWait();	
    00001512 CDr00r00         [17] 4277 	call	_VDP_CommandWait
    00001515 C3r5Ar15         [10] 4278 	jp	00111$
    00001518                       4279 00105$:
                                   4280 ;C:\Users\Jummy\Downloads\MSXgl-1.5.0b\engine/src/print.c:1138: u16 dst = g_ScreenLayoutLow + (PRINT_DATA.CursorY * PRINT_DATA.ScreenWidth) + PRINT_DATA.CursorX - num;
    00001518 3Ar07r00         [13] 4281 	ld	a, (#_g_PrintData + 7)
    0000151B ED 5Br1Br00      [20] 4282 	ld	de, (#_g_PrintData + 27)
    0000151F 26 00            [ 7] 4283 	ld	h, #0x00
    00001521 6F               [ 4] 4284 	ld	l, a
    00001522 CDr00r00         [17] 4285 	call	__mulint
    00001525 7B               [ 4] 4286 	ld	a, e
    00001526 FD 21r00r00      [14] 4287 	ld	iy, #_g_ScreenLayoutLow
    0000152A FD 86 00         [19] 4288 	add	a, 0 (iy)
    0000152D 4F               [ 4] 4289 	ld	c, a
    0000152E 7A               [ 4] 4290 	ld	a, d
    0000152F FD 8E 01         [19] 4291 	adc	a, 1 (iy)
    00001532 47               [ 4] 4292 	ld	b, a
    00001533 2Ar05r00         [16] 4293 	ld	hl, (#(_g_PrintData + 5) + 0)
    00001536 09               [11] 4294 	add	hl, bc
    00001537 DD 4E FF         [19] 4295 	ld	c, -1 (ix)
    0000153A 06 00            [ 7] 4296 	ld	b, #0x00
    0000153C BF               [ 4] 4297 	cp	a, a
    0000153D ED 42            [15] 4298 	sbc	hl, bc
    0000153F EB               [ 4] 4299 	ex	de, hl
                                   4300 ;C:\Users\Jummy\Downloads\MSXgl-1.5.0b\engine/src/print.c:1139: VDP_FillVRAM(0, dst, g_ScreenLayoutHigh, num);
    00001540 DD 6E FF         [19] 4301 	ld	l, -1 (ix)
    00001543 26 00            [ 7] 4302 	ld	h, #0x00
    00001545 C5               [11] 4303 	push	bc
    00001546 E5               [11] 4304 	push	hl
    00001547 3Ar00r00         [13] 4305 	ld	a, (_g_ScreenLayoutHigh)
    0000154A F5               [11] 4306 	push	af
    0000154B 33               [ 6] 4307 	inc	sp
    0000154C AF               [ 4] 4308 	xor	a, a
    0000154D CDr00r00         [17] 4309 	call	_VDP_FillVRAM_128K
    00001550 C1               [10] 4310 	pop	bc
                                   4311 ;C:\Users\Jummy\Downloads\MSXgl-1.5.0b\engine/src/print.c:1140: PRINT_DATA.CursorX -= num;
    00001551 2Ar05r00         [16] 4312 	ld	hl, (#(_g_PrintData + 5) + 0)
    00001554 BF               [ 4] 4313 	cp	a, a
    00001555 ED 42            [15] 4314 	sbc	hl, bc
    00001557 22r05r00         [16] 4315 	ld	((_g_PrintData + 5)), hl
    0000155A                       4316 00111$:
                                   4317 ;C:\Users\Jummy\Downloads\MSXgl-1.5.0b\engine/src/print.c:1143: }
    0000155A DD F9            [10] 4318 	ld	sp, ix
    0000155C DD E1            [14] 4319 	pop	ix
    0000155E C9               [10] 4320 	ret
                                   4321 ;C:\Users\Jummy\Downloads\MSXgl-1.5.0b\engine/src/print.c:1148: void Print_DrawChar(u8 chr)
                                   4322 ;	---------------------------------
                                   4323 ; Function Print_DrawChar
                                   4324 ; ---------------------------------
    0000155F                       4325 _Print_DrawChar::
    0000155F 4F               [ 4] 4326 	ld	c, a
                                   4327 ;C:\Users\Jummy\Downloads\MSXgl-1.5.0b\engine/src/print.c:1151: if (PRINT_DATA.CursorX + PRINT_W(PRINT_DATA.UnitX) > PRINT_DATA.ScreenWidth) // Handle automatic new-line when 
    00001560 ED 5Br05r00      [20] 4328 	ld	de, (#(_g_PrintData + 5) + 0)
    00001564 21r02r00         [10] 4329 	ld	hl, #(_g_PrintData + 2)
    00001567 6E               [ 7] 4330 	ld	l, (hl)
    00001568 26 00            [ 7] 4331 	ld	h, #0x00
    0000156A 19               [11] 4332 	add	hl, de
    0000156B EB               [ 4] 4333 	ex	de, hl
    0000156C 2Ar1Br00         [16] 4334 	ld	hl, (#_g_PrintData + 27)
    0000156F AF               [ 4] 4335 	xor	a, a
    00001570 ED 52            [15] 4336 	sbc	hl, de
    00001572 30 0F            [12] 4337 	jr	nc, 00102$
                                   4338 ;C:\Users\Jummy\Downloads\MSXgl-1.5.0b\engine/src/print.h:500: PRINT_DATA.CursorX = 0;
    00001574 21 00 00         [10] 4339 	ld	hl, #0x0000
    00001577 22r05r00         [16] 4340 	ld	((_g_PrintData + 5)), hl
                                   4341 ;C:\Users\Jummy\Downloads\MSXgl-1.5.0b\engine/src/print.h:501: PRINT_DATA.CursorY += PRINT_H(PRINT_DATA.UnitY);
    0000157A 11r07r00         [10] 4342 	ld	de, #_g_PrintData + 7
    0000157D 1A               [ 7] 4343 	ld	a, (de)
    0000157E 21r03r00         [10] 4344 	ld	hl, #_g_PrintData + 3
    00001581 86               [ 7] 4345 	add	a, (hl)
    00001582 12               [ 7] 4346 	ld	(de), a
                                   4347 ;C:\Users\Jummy\Downloads\MSXgl-1.5.0b\engine/src/print.c:1152: Print_Return();
    00001583                       4348 00102$:
                                   4349 ;C:\Users\Jummy\Downloads\MSXgl-1.5.0b\engine/src/print.c:1154: VDP_CommandWait();
    00001583 CDr00r00         [17] 4350 	call	_VDP_CommandWait
                                   4351 ;C:\Users\Jummy\Downloads\MSXgl-1.5.0b\engine/src/print.c:1157: PRINT_DATA.DrawChar(chr);
    00001586 2Ar18r00         [16] 4352 	ld	hl, (#_g_PrintData + 24)
    00001589 79               [ 4] 4353 	ld	a, c
    0000158A CDr00r00         [17] 4354 	call	___sdcc_call_hl
                                   4355 ;C:\Users\Jummy\Downloads\MSXgl-1.5.0b\engine/src/print.c:1160: PRINT_DATA.CursorX += PRINT_W(PRINT_DATA.UnitX);
    0000158D ED 4Br05r00      [20] 4356 	ld	bc, (#(_g_PrintData + 5) + 0)
    00001591 21r02r00         [10] 4357 	ld	hl, #(_g_PrintData + 2)
    00001594 6E               [ 7] 4358 	ld	l, (hl)
    00001595 26 00            [ 7] 4359 	ld	h, #0x00
    00001597 09               [11] 4360 	add	hl, bc
    00001598 22r05r00         [16] 4361 	ld	((_g_PrintData + 5)), hl
                                   4362 ;C:\Users\Jummy\Downloads\MSXgl-1.5.0b\engine/src/print.c:1161: }
    0000159B C9               [10] 4363 	ret
                                   4364 ;C:\Users\Jummy\Downloads\MSXgl-1.5.0b\engine/src/print.c:1167: void Print_DrawCharX(c8 chr, u8 num)
                                   4365 ;	---------------------------------
                                   4366 ; Function Print_DrawCharX
                                   4367 ; ---------------------------------
    0000159C                       4368 _Print_DrawCharX::
    0000159C 4F               [ 4] 4369 	ld	c, a
                                   4370 ;C:\Users\Jummy\Downloads\MSXgl-1.5.0b\engine/src/print.c:1169: for (u8 i = 0; i < num; ++i)
    0000159D 06 00            [ 7] 4371 	ld	b, #0x00
    0000159F                       4372 00103$:
    0000159F 78               [ 4] 4373 	ld	a, b
    000015A0 95               [ 4] 4374 	sub	a, l
    000015A1 D0               [11] 4375 	ret	nc
                                   4376 ;C:\Users\Jummy\Downloads\MSXgl-1.5.0b\engine/src/print.c:1170: Print_DrawChar(chr);
    000015A2 E5               [11] 4377 	push	hl
    000015A3 C5               [11] 4378 	push	bc
    000015A4 79               [ 4] 4379 	ld	a, c
    000015A5 CDr5Fr15         [17] 4380 	call	_Print_DrawChar
    000015A8 C1               [10] 4381 	pop	bc
    000015A9 E1               [10] 4382 	pop	hl
                                   4383 ;C:\Users\Jummy\Downloads\MSXgl-1.5.0b\engine/src/print.c:1169: for (u8 i = 0; i < num; ++i)
    000015AA 04               [ 4] 4384 	inc	b
                                   4385 ;C:\Users\Jummy\Downloads\MSXgl-1.5.0b\engine/src/print.c:1171: }
    000015AB C3r9Fr15         [10] 4386 	jp	00103$
                                   4387 ;C:\Users\Jummy\Downloads\MSXgl-1.5.0b\engine/src/print.c:1176: void Print_DrawText(const c8* str)
                                   4388 ;	---------------------------------
                                   4389 ; Function Print_DrawText
                                   4390 ; ---------------------------------
    000015AE                       4391 _Print_DrawText::
    000015AE DD E5            [15] 4392 	push	ix
    000015B0 DD 21 00 00      [14] 4393 	ld	ix,	#0
    000015B4 DD 39            [15] 4394 	add	ix, sp
    000015B6 FD 21 F8 FF      [14] 4395 	ld	iy, #-8
    000015BA FD 39            [15] 4396 	add	iy, sp
    000015BC FD F9            [10] 4397 	ld	sp, iy
    000015BE DD 75 FE         [19] 4398 	ld	-2 (ix), l
    000015C1 DD 74 FF         [19] 4399 	ld	-1 (ix), h
                                   4400 ;C:\Users\Jummy\Downloads\MSXgl-1.5.0b\engine/src/print.c:1178: while (*str != 0)
    000015C4                       4401 00110$:
    000015C4 DD 6E FE         [19] 4402 	ld	l, -2 (ix)
    000015C7 DD 66 FF         [19] 4403 	ld	h, -1 (ix)
    000015CA 7E               [ 7] 4404 	ld	a, (hl)
    000015CB DD 77 FD         [19] 4405 	ld	-3 (ix), a
    000015CE B7               [ 4] 4406 	or	a, a
    000015CF CAr7Cr16         [10] 4407 	jp	z, 00116$
                                   4408 ;C:\Users\Jummy\Downloads\MSXgl-1.5.0b\engine/src/print.c:1180: if (*str == '\t')
    000015D2 DD 7E FD         [19] 4409 	ld	a, -3 (ix)
    000015D5 D6 09            [ 7] 4410 	sub	a, #0x09
    000015D7 20 31            [12] 4411 	jr	nz, 00108$
                                   4412 ;C:\Users\Jummy\Downloads\MSXgl-1.5.0b\engine/src/print.h:492: PRINT_DATA.CursorX += PRINT_W(PRINT_DATA.UnitX) + PRINT_DATA.TabSize - 1;
    000015D9 ED 4Br05r00      [20] 4413 	ld	bc, (#(_g_PrintData + 5) + 0)
    000015DD 21r02r00         [10] 4414 	ld	hl, #(_g_PrintData + 2)
    000015E0 5E               [ 7] 4415 	ld	e, (hl)
    000015E1 16 00            [ 7] 4416 	ld	d, #0x00
    000015E3 21r04r00         [10] 4417 	ld	hl, #(_g_PrintData + 4)
    000015E6 6E               [ 7] 4418 	ld	l, (hl)
    000015E7 26 00            [ 7] 4419 	ld	h, #0x00
    000015E9 19               [11] 4420 	add	hl, de
    000015EA 2B               [ 6] 4421 	dec	hl
    000015EB 09               [11] 4422 	add	hl, bc
    000015EC EB               [ 4] 4423 	ex	de, hl
    000015ED ED 53r05r00      [20] 4424 	ld	((_g_PrintData + 5)), de
                                   4425 ;C:\Users\Jummy\Downloads\MSXgl-1.5.0b\engine/src/print.h:493: PRINT_DATA.CursorX &= ~(PRINT_DATA.TabSize - 1);
    000015F1 21r04r00         [10] 4426 	ld	hl, #(_g_PrintData + 4)
    000015F4 4E               [ 7] 4427 	ld	c, (hl)
    000015F5 06 00            [ 7] 4428 	ld	b, #0x00
    000015F7 0B               [ 6] 4429 	dec	bc
    000015F8 79               [ 4] 4430 	ld	a, c
    000015F9 2F               [ 4] 4431 	cpl
    000015FA 4F               [ 4] 4432 	ld	c, a
    000015FB 78               [ 4] 4433 	ld	a, b
    000015FC 2F               [ 4] 4434 	cpl
    000015FD 47               [ 4] 4435 	ld	b, a
    000015FE 7B               [ 4] 4436 	ld	a, e
    000015FF A1               [ 4] 4437 	and	a, c
    00001600 6F               [ 4] 4438 	ld	l, a
    00001601 7A               [ 4] 4439 	ld	a, d
    00001602 A0               [ 4] 4440 	and	a, b
    00001603 67               [ 4] 4441 	ld	h, a
    00001604 22r05r00         [16] 4442 	ld	((_g_PrintData + 5)), hl
                                   4443 ;C:\Users\Jummy\Downloads\MSXgl-1.5.0b\engine/src/print.c:1181: Print_Tab();
    00001607 C3r70r16         [10] 4444 	jp	00109$
    0000160A                       4445 00108$:
                                   4446 ;C:\Users\Jummy\Downloads\MSXgl-1.5.0b\engine/src/print.c:1182: else if (*str == '\n')
    0000160A DD 7E FD         [19] 4447 	ld	a, -3 (ix)
    0000160D D6 0A            [ 7] 4448 	sub	a, #0x0a
    0000160F 20 12            [12] 4449 	jr	nz, 00105$
                                   4450 ;C:\Users\Jummy\Downloads\MSXgl-1.5.0b\engine/src/print.h:500: PRINT_DATA.CursorX = 0;
    00001611 21 00 00         [10] 4451 	ld	hl, #0x0000
    00001614 22r05r00         [16] 4452 	ld	((_g_PrintData + 5)), hl
                                   4453 ;C:\Users\Jummy\Downloads\MSXgl-1.5.0b\engine/src/print.h:501: PRINT_DATA.CursorY += PRINT_H(PRINT_DATA.UnitY);
    00001617 01r07r00         [10] 4454 	ld	bc, #_g_PrintData + 7
    0000161A 0A               [ 7] 4455 	ld	a, (bc)
    0000161B 21r03r00         [10] 4456 	ld	hl, #_g_PrintData + 3
    0000161E 86               [ 7] 4457 	add	a, (hl)
    0000161F 02               [ 7] 4458 	ld	(bc), a
                                   4459 ;C:\Users\Jummy\Downloads\MSXgl-1.5.0b\engine/src/print.c:1183: Print_Return();
    00001620 C3r70r16         [10] 4460 	jp	00109$
    00001623                       4461 00105$:
                                   4462 ;C:\Users\Jummy\Downloads\MSXgl-1.5.0b\engine/src/print.c:1185: else if (*str == ' ')
    00001623 DD 7E FD         [19] 4463 	ld	a, -3 (ix)
    00001626 D6 20            [ 7] 4464 	sub	a, #0x20
    00001628 20 40            [12] 4465 	jr	nz, 00102$
                                   4466 ;C:\Users\Jummy\Downloads\MSXgl-1.5.0b\engine/src/print.h:486: inline void Print_Space() { PRINT_DATA.CursorX += PRINT_W(PRINT_DATA.UnitX); }
    0000162A 21r05r00         [10] 4467 	ld	hl, #(_g_PrintData + 5)
    0000162D 7E               [ 7] 4468 	ld	a, (hl)
    0000162E DD 77 FC         [19] 4469 	ld	-4 (ix), a
    00001631 23               [ 6] 4470 	inc	hl
    00001632 7E               [ 7] 4471 	ld	a, (hl)
    00001633 DD 77 FD         [19] 4472 	ld	-3 (ix), a
    00001636 3Ar02r00         [13] 4473 	ld	a, (#(_g_PrintData + 2) + 0)
    00001639 DD 77 F8         [19] 4474 	ld	-8 (ix), a
    0000163C DD 36 F9 00      [19] 4475 	ld	-7 (ix), #0x00
    00001640 DD 7E FC         [19] 4476 	ld	a, -4 (ix)
    00001643 DD 77 FA         [19] 4477 	ld	-6 (ix), a
    00001646 DD 7E FD         [19] 4478 	ld	a, -3 (ix)
    00001649 DD 77 FB         [19] 4479 	ld	-5 (ix), a
    0000164C DD 5E FA         [19] 4480 	ld	e, -6 (ix)
    0000164F DD 56 FB         [19] 4481 	ld	d, -5 (ix)
    00001652 E1               [10] 4482 	pop	hl
    00001653 E5               [11] 4483 	push	hl
    00001654 19               [11] 4484 	add	hl, de
    00001655 DD 75 FC         [19] 4485 	ld	-4 (ix), l
    00001658 DD 74 FD         [19] 4486 	ld	-3 (ix), h
    0000165B 21r05r00         [10] 4487 	ld	hl, #(_g_PrintData + 5)
    0000165E DD 7E FC         [19] 4488 	ld	a, -4 (ix)
    00001661 77               [ 7] 4489 	ld	(hl), a
    00001662 23               [ 6] 4490 	inc	hl
    00001663 DD 7E FD         [19] 4491 	ld	a, -3 (ix)
    00001666 77               [ 7] 4492 	ld	(hl), a
                                   4493 ;C:\Users\Jummy\Downloads\MSXgl-1.5.0b\engine/src/print.c:1186: Print_Space();
    00001667 C3r70r16         [10] 4494 	jp	00109$
    0000166A                       4495 00102$:
                                   4496 ;C:\Users\Jummy\Downloads\MSXgl-1.5.0b\engine/src/print.c:1189: Print_DrawChar(*str);
    0000166A DD 7E FD         [19] 4497 	ld	a, -3 (ix)
    0000166D CDr5Fr15         [17] 4498 	call	_Print_DrawChar
    00001670                       4499 00109$:
                                   4500 ;C:\Users\Jummy\Downloads\MSXgl-1.5.0b\engine/src/print.c:1190: str++;
    00001670 DD 34 FE         [23] 4501 	inc	-2 (ix)
    00001673 C2rC4r15         [10] 4502 	jp	nz, 00110$
    00001676 DD 34 FF         [23] 4503 	inc	-1 (ix)
    00001679 C3rC4r15         [10] 4504 	jp	00110$
    0000167C                       4505 00116$:
                                   4506 ;C:\Users\Jummy\Downloads\MSXgl-1.5.0b\engine/src/print.c:1192: }
    0000167C DD F9            [10] 4507 	ld	sp, ix
    0000167E DD E1            [14] 4508 	pop	ix
    00001680 C9               [10] 4509 	ret
                                   4510 ;C:\Users\Jummy\Downloads\MSXgl-1.5.0b\engine/src/print.c:1197: void Print_DrawBin8(u8 value)
                                   4511 ;	---------------------------------
                                   4512 ; Function Print_DrawBin8
                                   4513 ; ---------------------------------
    00001681                       4514 _Print_DrawBin8::
    00001681 5F               [ 4] 4515 	ld	e, a
                                   4516 ;C:\Users\Jummy\Downloads\MSXgl-1.5.0b\engine/src/print.c:1199: u8 flag = (u8)(1 << 7);
                                   4517 ;C:\Users\Jummy\Downloads\MSXgl-1.5.0b\engine/src/print.c:1200: for (u8 i = 0; i < 8; ++i)
    00001682 01 80 00         [10] 4518 	ld	bc, #0x80
    00001685                       4519 00103$:
    00001685 78               [ 4] 4520 	ld	a, b
    00001686 D6 08            [ 7] 4521 	sub	a, #0x08
    00001688 D0               [11] 4522 	ret	nc
                                   4523 ;C:\Users\Jummy\Downloads\MSXgl-1.5.0b\engine/src/print.c:1202: Print_DrawChar((value & flag) ? '1' : '0');
    00001689 7B               [ 4] 4524 	ld	a, e
    0000168A A1               [ 4] 4525 	and	a, c
    0000168B 3E 31            [ 7] 4526 	ld	a, #0x31
    0000168D 20 02            [12] 4527 	jr	nz, 00108$
    0000168F 3E 30            [ 7] 4528 	ld	a, #0x30
    00001691                       4529 00108$:
    00001691 C5               [11] 4530 	push	bc
    00001692 D5               [11] 4531 	push	de
    00001693 CDr5Fr15         [17] 4532 	call	_Print_DrawChar
    00001696 D1               [10] 4533 	pop	de
    00001697 C1               [10] 4534 	pop	bc
                                   4535 ;C:\Users\Jummy\Downloads\MSXgl-1.5.0b\engine/src/print.c:1203: flag >>= 1;
    00001698 CB 39            [ 8] 4536 	srl	c
                                   4537 ;C:\Users\Jummy\Downloads\MSXgl-1.5.0b\engine/src/print.c:1200: for (u8 i = 0; i < 8; ++i)
    0000169A 04               [ 4] 4538 	inc	b
                                   4539 ;C:\Users\Jummy\Downloads\MSXgl-1.5.0b\engine/src/print.c:1208: }
    0000169B C3r85r16         [10] 4540 	jp	00103$
                                   4541 ;C:\Users\Jummy\Downloads\MSXgl-1.5.0b\engine/src/print.c:1213: void Print_DrawHex8(u8 value)
                                   4542 ;	---------------------------------
                                   4543 ; Function Print_DrawHex8
                                   4544 ; ---------------------------------
    0000169E                       4545 _Print_DrawHex8::
                                   4546 ;C:\Users\Jummy\Downloads\MSXgl-1.5.0b\engine/src/print.c:1215: Print_DrawChar(g_HexChar[(value >> 4) & 0x000F]);
    0000169E 4F               [ 4] 4547 	ld	c, a
    0000169F 07               [ 4] 4548 	rlca
    000016A0 07               [ 4] 4549 	rlca
    000016A1 07               [ 4] 4550 	rlca
    000016A2 07               [ 4] 4551 	rlca
    000016A3 E6 0F            [ 7] 4552 	and	a, #0xf
    000016A5 6F               [ 4] 4553 	ld	l, a
    000016A6 26 00            [ 7] 4554 	ld	h, #0x00
    000016A8 11r32r00         [10] 4555 	ld	de, #_g_HexChar
    000016AB 19               [11] 4556 	add	hl, de
    000016AC 7E               [ 7] 4557 	ld	a, (hl)
    000016AD C5               [11] 4558 	push	bc
    000016AE CDr5Fr15         [17] 4559 	call	_Print_DrawChar
    000016B1 C1               [10] 4560 	pop	bc
                                   4561 ;C:\Users\Jummy\Downloads\MSXgl-1.5.0b\engine/src/print.c:1216: Print_DrawChar(g_HexChar[value & 0x000F]);
    000016B2 79               [ 4] 4562 	ld	a, c
    000016B3 E6 0F            [ 7] 4563 	and	a, #0x0f
    000016B5 6F               [ 4] 4564 	ld	l, a
    000016B6 26 00            [ 7] 4565 	ld	h, #0x00
    000016B8 11r32r00         [10] 4566 	ld	de, #_g_HexChar
    000016BB 19               [11] 4567 	add	hl, de
    000016BC 7E               [ 7] 4568 	ld	a, (hl)
                                   4569 ;C:\Users\Jummy\Downloads\MSXgl-1.5.0b\engine/src/print.c:1220: }
    000016BD C3r5Fr15         [10] 4570 	jp	_Print_DrawChar
                                   4571 ;C:\Users\Jummy\Downloads\MSXgl-1.5.0b\engine/src/print.c:1225: void Print_DrawHex16(u16 value)
                                   4572 ;	---------------------------------
                                   4573 ; Function Print_DrawHex16
                                   4574 ; ---------------------------------
    000016C0                       4575 _Print_DrawHex16::
                                   4576 ;C:\Users\Jummy\Downloads\MSXgl-1.5.0b\engine/src/print.c:1227: Print_DrawHex8(value >> 8);
    000016C0 7C               [ 4] 4577 	ld	a, h
    000016C1 E5               [11] 4578 	push	hl
    000016C2 CDr9Er16         [17] 4579 	call	_Print_DrawHex8
    000016C5 E1               [10] 4580 	pop	hl
                                   4581 ;C:\Users\Jummy\Downloads\MSXgl-1.5.0b\engine/src/print.c:1228: Print_DrawHex8((u8)value);
    000016C6 7D               [ 4] 4582 	ld	a, l
                                   4583 ;C:\Users\Jummy\Downloads\MSXgl-1.5.0b\engine/src/print.c:1229: }
    000016C7 C3r9Er16         [10] 4584 	jp	_Print_DrawHex8
                                   4585 ;C:\Users\Jummy\Downloads\MSXgl-1.5.0b\engine/src/print.c:1235: void Print_DrawHex32(u32 value)
                                   4586 ;	---------------------------------
                                   4587 ; Function Print_DrawHex32
                                   4588 ; ---------------------------------
    000016CA                       4589 _Print_DrawHex32::
                                   4590 ;C:\Users\Jummy\Downloads\MSXgl-1.5.0b\engine/src/print.c:1237: Print_DrawHex16(value >> 16);
    000016CA E5               [11] 4591 	push	hl
    000016CB D5               [11] 4592 	push	de
    000016CC CDrC0r16         [17] 4593 	call	_Print_DrawHex16
    000016CF D1               [10] 4594 	pop	de
    000016D0 C1               [10] 4595 	pop	bc
                                   4596 ;C:\Users\Jummy\Downloads\MSXgl-1.5.0b\engine/src/print.c:1238: Print_DrawHex16((u16)value);
    000016D1 EB               [ 4] 4597 	ex	de, hl
                                   4598 ;C:\Users\Jummy\Downloads\MSXgl-1.5.0b\engine/src/print.c:1239: }
    000016D2 C3rC0r16         [10] 4599 	jp	_Print_DrawHex16
                                   4600 ;C:\Users\Jummy\Downloads\MSXgl-1.5.0b\engine/src/print.c:1246: void Print_DrawInt(i32 value)
                                   4601 ;	---------------------------------
                                   4602 ; Function Print_DrawInt
                                   4603 ; ---------------------------------
    000016D5                       4604 _Print_DrawInt::
    000016D5 DD E5            [15] 4605 	push	ix
    000016D7 DD 21 00 00      [14] 4606 	ld	ix,	#0
    000016DB DD 39            [15] 4607 	add	ix, sp
    000016DD FD 21 F4 FF      [14] 4608 	ld	iy, #-12
    000016E1 FD 39            [15] 4609 	add	iy, sp
    000016E3 FD F9            [10] 4610 	ld	sp, iy
    000016E5 DD 73 FC         [19] 4611 	ld	-4 (ix), e
    000016E8 DD 72 FD         [19] 4612 	ld	-3 (ix), d
    000016EB DD 75 FE         [19] 4613 	ld	-2 (ix), l
    000016EE DD 74 FF         [19] 4614 	ld	-1 (ix), h
                                   4615 ;C:\Users\Jummy\Downloads\MSXgl-1.5.0b\engine/src/print.c:1253: if (value < 0)
    000016F1 DD CB FF 7E      [20] 4616 	bit	7, -1 (ix)
    000016F5 28 23            [12] 4617 	jr	z, 00102$
                                   4618 ;C:\Users\Jummy\Downloads\MSXgl-1.5.0b\engine/src/print.c:1255: Print_DrawChar('-');
    000016F7 3E 2D            [ 7] 4619 	ld	a, #0x2d
    000016F9 CDr5Fr15         [17] 4620 	call	_Print_DrawChar
                                   4621 ;C:\Users\Jummy\Downloads\MSXgl-1.5.0b\engine/src/print.c:1256: value = -value;
    000016FC AF               [ 4] 4622 	xor	a, a
    000016FD DD 96 FC         [19] 4623 	sub	a, -4 (ix)
    00001700 DD 77 FC         [19] 4624 	ld	-4 (ix), a
    00001703 3E 00            [ 7] 4625 	ld	a, #0x00
    00001705 DD 9E FD         [19] 4626 	sbc	a, -3 (ix)
    00001708 DD 77 FD         [19] 4627 	ld	-3 (ix), a
    0000170B 3E 00            [ 7] 4628 	ld	a, #0x00
    0000170D DD 9E FE         [19] 4629 	sbc	a, -2 (ix)
    00001710 DD 77 FE         [19] 4630 	ld	-2 (ix), a
    00001713 9F               [ 4] 4631 	sbc	a, a
    00001714 DD 96 FF         [19] 4632 	sub	a, -1 (ix)
    00001717 DD 77 FF         [19] 4633 	ld	-1 (ix), a
    0000171A                       4634 00102$:
                                   4635 ;C:\Users\Jummy\Downloads\MSXgl-1.5.0b\engine/src/print.c:1260: c8* ptr = str;
    0000171A 21 00 00         [10] 4636 	ld	hl, #0
    0000171D 39               [11] 4637 	add	hl, sp
                                   4638 ;C:\Users\Jummy\Downloads\MSXgl-1.5.0b\engine/src/print.c:1261: *ptr = 0;
    0000171E 36 00            [10] 4639 	ld	(hl), #0x00
                                   4640 ;C:\Users\Jummy\Downloads\MSXgl-1.5.0b\engine/src/print.c:1262: while (value >= 10)
    00001720                       4641 00103$:
                                   4642 ;C:\Users\Jummy\Downloads\MSXgl-1.5.0b\engine/src/print.c:1264: *++ptr = '0' + (value % 10);
    00001720 23               [ 6] 4643 	inc	hl
    00001721 4D               [ 4] 4644 	ld	c, l
    00001722 44               [ 4] 4645 	ld	b, h
                                   4646 ;C:\Users\Jummy\Downloads\MSXgl-1.5.0b\engine/src/print.c:1262: while (value >= 10)
    00001723 DD 7E FC         [19] 4647 	ld	a, -4 (ix)
    00001726 D6 0A            [ 7] 4648 	sub	a, #0x0a
    00001728 DD 7E FD         [19] 4649 	ld	a, -3 (ix)
    0000172B DE 00            [ 7] 4650 	sbc	a, #0x00
    0000172D DD 7E FE         [19] 4651 	ld	a, -2 (ix)
    00001730 DE 00            [ 7] 4652 	sbc	a, #0x00
    00001732 DD 7E FF         [19] 4653 	ld	a, -1 (ix)
    00001735 17               [ 4] 4654 	rla
    00001736 3F               [ 4] 4655 	ccf
    00001737 1F               [ 4] 4656 	rra
    00001738 DE 80            [ 7] 4657 	sbc	a, #0x80
    0000173A 38 4B            [12] 4658 	jr	c, 00105$
                                   4659 ;C:\Users\Jummy\Downloads\MSXgl-1.5.0b\engine/src/print.c:1264: *++ptr = '0' + (value % 10);
    0000173C C5               [11] 4660 	push	bc
    0000173D C5               [11] 4661 	push	bc
    0000173E 11 00 00         [10] 4662 	ld	de, #0x0000
    00001741 D5               [11] 4663 	push	de
    00001742 1E 0A            [ 7] 4664 	ld	e, #0x0a
    00001744 D5               [11] 4665 	push	de
    00001745 DD 5E FC         [19] 4666 	ld	e, -4 (ix)
    00001748 DD 56 FD         [19] 4667 	ld	d, -3 (ix)
    0000174B DD 6E FE         [19] 4668 	ld	l, -2 (ix)
    0000174E DD 66 FF         [19] 4669 	ld	h, -1 (ix)
    00001751 CDr00r00         [17] 4670 	call	__modslong
    00001754 F1               [10] 4671 	pop	af
    00001755 E3               [19] 4672 	ex	(sp),hl
    00001756 FD E1            [14] 4673 	pop	iy
    00001758 C1               [10] 4674 	pop	bc
    00001759 E1               [10] 4675 	pop	hl
    0000175A 7B               [ 4] 4676 	ld	a, e
    0000175B C6 30            [ 7] 4677 	add	a, #0x30
    0000175D 02               [ 7] 4678 	ld	(bc), a
                                   4679 ;C:\Users\Jummy\Downloads\MSXgl-1.5.0b\engine/src/print.c:1265: value /= 10;
    0000175E E5               [11] 4680 	push	hl
    0000175F 11 00 00         [10] 4681 	ld	de, #0x0000
    00001762 D5               [11] 4682 	push	de
    00001763 1E 0A            [ 7] 4683 	ld	e, #0x0a
    00001765 D5               [11] 4684 	push	de
    00001766 DD 5E FC         [19] 4685 	ld	e, -4 (ix)
    00001769 DD 56 FD         [19] 4686 	ld	d, -3 (ix)
    0000176C DD 6E FE         [19] 4687 	ld	l, -2 (ix)
    0000176F DD 66 FF         [19] 4688 	ld	h, -1 (ix)
    00001772 CDr00r00         [17] 4689 	call	__divslong
    00001775 F1               [10] 4690 	pop	af
    00001776 F1               [10] 4691 	pop	af
    00001777 DD 73 FC         [19] 4692 	ld	-4 (ix), e
    0000177A DD 72 FD         [19] 4693 	ld	-3 (ix), d
    0000177D DD 75 FE         [19] 4694 	ld	-2 (ix), l
    00001780 DD 74 FF         [19] 4695 	ld	-1 (ix), h
    00001783 E1               [10] 4696 	pop	hl
    00001784 C3r20r17         [10] 4697 	jp	00103$
    00001787                       4698 00105$:
                                   4699 ;C:\Users\Jummy\Downloads\MSXgl-1.5.0b\engine/src/print.c:1267: *++ptr = '0' + value;
    00001787 DD 7E FC         [19] 4700 	ld	a, -4 (ix)
    0000178A C6 30            [ 7] 4701 	add	a, #0x30
    0000178C 02               [ 7] 4702 	ld	(bc), a
                                   4703 ;C:\Users\Jummy\Downloads\MSXgl-1.5.0b\engine/src/print.c:1268: while (*ptr != 0)
    0000178D                       4704 00106$:
    0000178D 0A               [ 7] 4705 	ld	a, (bc)
    0000178E B7               [ 4] 4706 	or	a, a
    0000178F 28 09            [12] 4707 	jr	z, 00109$
                                   4708 ;C:\Users\Jummy\Downloads\MSXgl-1.5.0b\engine/src/print.c:1269: Print_DrawChar(*ptr--);	
    00001791 0B               [ 6] 4709 	dec	bc
    00001792 C5               [11] 4710 	push	bc
    00001793 CDr5Fr15         [17] 4711 	call	_Print_DrawChar
    00001796 C1               [10] 4712 	pop	bc
    00001797 C3r8Dr17         [10] 4713 	jp	00106$
    0000179A                       4714 00109$:
                                   4715 ;C:\Users\Jummy\Downloads\MSXgl-1.5.0b\engine/src/print.c:1270: }
    0000179A DD F9            [10] 4716 	ld	sp, ix
    0000179C DD E1            [14] 4717 	pop	ix
    0000179E C9               [10] 4718 	ret
                                   4719 ;C:\Users\Jummy\Downloads\MSXgl-1.5.0b\engine/src/print.c:1279: void Print_DrawFormat(const c8* format, ...)
                                   4720 ;	---------------------------------
                                   4721 ; Function Print_DrawFormat
                                   4722 ; ---------------------------------
    0000179F                       4723 _Print_DrawFormat::
    0000179F DD E5            [15] 4724 	push	ix
    000017A1 DD 21 00 00      [14] 4725 	ld	ix,	#0
    000017A5 DD 39            [15] 4726 	add	ix, sp
    000017A7 21 ED FF         [10] 4727 	ld	hl, #-19
    000017AA 39               [11] 4728 	add	hl, sp
    000017AB F9               [ 6] 4729 	ld	sp, hl
                                   4730 ;C:\Users\Jummy\Downloads\MSXgl-1.5.0b\engine/src/print.c:1284: va_start(args, format);
    000017AC 21 19 00         [10] 4731 	ld	hl, #25
    000017AF 39               [11] 4732 	add	hl, sp
    000017B0 DD 75 F5         [19] 4733 	ld	-11 (ix), l
    000017B3 DD 74 F6         [19] 4734 	ld	-10 (ix), h
                                   4735 ;C:\Users\Jummy\Downloads\MSXgl-1.5.0b\engine/src/print.c:1286: const c8* ptr = format;
    000017B6 DD 7E 04         [19] 4736 	ld	a, 4 (ix)
    000017B9 DD 77 FE         [19] 4737 	ld	-2 (ix), a
    000017BC DD 7E 05         [19] 4738 	ld	a, 5 (ix)
    000017BF DD 77 FF         [19] 4739 	ld	-1 (ix), a
                                   4740 ;C:\Users\Jummy\Downloads\MSXgl-1.5.0b\engine/src/print.c:1287: while (*ptr != 0)
    000017C2                       4741 00194$:
    000017C2 DD 6E FE         [19] 4742 	ld	l, -2 (ix)
    000017C5 DD 66 FF         [19] 4743 	ld	h, -1 (ix)
    000017C8 7E               [ 7] 4744 	ld	a, (hl)
    000017C9 DD 77 FD         [19] 4745 	ld	-3 (ix), a
    000017CC B7               [ 4] 4746 	or	a, a
    000017CD CArD6r1E         [10] 4747 	jp	z, 00200$
                                   4748 ;C:\Users\Jummy\Downloads\MSXgl-1.5.0b\engine/src/print.c:1289: if (*ptr == '%')
    000017D0 DD 7E FD         [19] 4749 	ld	a, -3 (ix)
    000017D3 D6 25            [ 7] 4750 	sub	a, #0x25
    000017D5 C2r5Br1E         [10] 4751 	jp	nz, 00192$
                                   4752 ;C:\Users\Jummy\Downloads\MSXgl-1.5.0b\engine/src/print.c:1291: ptr++;
    000017D8 DD 4E FE         [19] 4753 	ld	c, -2 (ix)
    000017DB DD 46 FF         [19] 4754 	ld	b, -1 (ix)
    000017DE 03               [ 6] 4755 	inc	bc
                                   4756 ;C:\Users\Jummy\Downloads\MSXgl-1.5.0b\engine/src/print.c:1294: u8 len = 0;
    000017DF DD 36 F7 00      [19] 4757 	ld	-9 (ix), #0x00
                                   4758 ;C:\Users\Jummy\Downloads\MSXgl-1.5.0b\engine/src/print.c:1295: if ((*ptr >= '0') && (*ptr <= '9'))
    000017E3 0A               [ 7] 4759 	ld	a, (bc)
    000017E4 FE 30            [ 7] 4760 	cp	a, #0x30
    000017E6 38 0A            [12] 4761 	jr	c, 00250$
    000017E8 FE 3A            [ 7] 4762 	cp	a, #0x3a
    000017EA 30 06            [12] 4763 	jr	nc, 00250$
                                   4764 ;C:\Users\Jummy\Downloads\MSXgl-1.5.0b\engine/src/print.c:1297: len = *ptr - '0';
    000017EC C6 D0            [ 7] 4765 	add	a, #0xd0
    000017EE DD 77 F7         [19] 4766 	ld	-9 (ix), a
                                   4767 ;C:\Users\Jummy\Downloads\MSXgl-1.5.0b\engine/src/print.c:1298: ptr++;
    000017F1 03               [ 6] 4768 	inc	bc
                                   4769 ;C:\Users\Jummy\Downloads\MSXgl-1.5.0b\engine/src/print.c:1300: while ((*ptr >= '0') && (*ptr <= '9'))
    000017F2                       4770 00250$:
    000017F2 DD 71 FE         [19] 4771 	ld	-2 (ix), c
    000017F5 DD 70 FF         [19] 4772 	ld	-1 (ix), b
    000017F8                       4773 00105$:
    000017F8 DD 6E FE         [19] 4774 	ld	l, -2 (ix)
    000017FB DD 66 FF         [19] 4775 	ld	h, -1 (ix)
    000017FE 7E               [ 7] 4776 	ld	a, (hl)
    000017FF DD 77 FD         [19] 4777 	ld	-3 (ix), a
    00001802 D6 30            [ 7] 4778 	sub	a, #0x30
    00001804 38 24            [12] 4779 	jr	c, 00286$
    00001806 3E 39            [ 7] 4780 	ld	a, #0x39
    00001808 DD 96 FD         [19] 4781 	sub	a, -3 (ix)
    0000180B 38 1D            [12] 4782 	jr	c, 00286$
                                   4783 ;C:\Users\Jummy\Downloads\MSXgl-1.5.0b\engine/src/print.c:1302: len *= 10;
    0000180D DD 7E F7         [19] 4784 	ld	a, -9 (ix)
    00001810 4F               [ 4] 4785 	ld	c, a
    00001811 87               [ 4] 4786 	add	a, a
    00001812 87               [ 4] 4787 	add	a, a
    00001813 81               [ 4] 4788 	add	a, c
    00001814 87               [ 4] 4789 	add	a, a
    00001815 4F               [ 4] 4790 	ld	c, a
                                   4791 ;C:\Users\Jummy\Downloads\MSXgl-1.5.0b\engine/src/print.c:1303: len += *ptr - '0';
    00001816 DD 7E FD         [19] 4792 	ld	a, -3 (ix)
    00001819 C6 D0            [ 7] 4793 	add	a, #0xd0
    0000181B 81               [ 4] 4794 	add	a, c
    0000181C DD 77 F7         [19] 4795 	ld	-9 (ix), a
                                   4796 ;C:\Users\Jummy\Downloads\MSXgl-1.5.0b\engine/src/print.c:1304: ptr++;
    0000181F DD 34 FE         [23] 4797 	inc	-2 (ix)
    00001822 20 D4            [12] 4798 	jr	nz, 00105$
    00001824 DD 34 FF         [23] 4799 	inc	-1 (ix)
    00001827 C3rF8r17         [10] 4800 	jp	00105$
    0000182A                       4801 00286$:
                                   4802 ;C:\Users\Jummy\Downloads\MSXgl-1.5.0b\engine/src/print.c:1308: if ((*ptr == 'i') || (*ptr == 'd'))
    0000182A DD 7E FD         [19] 4803 	ld	a, -3 (ix)
    0000182D D6 69            [ 7] 4804 	sub	a, #0x69
    0000182F 28 07            [12] 4805 	jr	z, 00178$
    00001831 DD 7E FD         [19] 4806 	ld	a, -3 (ix)
    00001834 D6 64            [ 7] 4807 	sub	a, #0x64
    00001836 20 59            [12] 4808 	jr	nz, 00179$
    00001838                       4809 00178$:
                                   4810 ;C:\Users\Jummy\Downloads\MSXgl-1.5.0b\engine/src/print.c:1310: i16 val = (i16)va_arg(args, i16);
    00001838 DD 6E F5         [19] 4811 	ld	l, -11 (ix)
    0000183B DD 66 F6         [19] 4812 	ld	h, -10 (ix)
    0000183E 23               [ 6] 4813 	inc	hl
    0000183F 23               [ 6] 4814 	inc	hl
    00001840 DD 75 FA         [19] 4815 	ld	-6 (ix), l
    00001843 DD 74 FB         [19] 4816 	ld	-5 (ix), h
    00001846 DD 7E FA         [19] 4817 	ld	a, -6 (ix)
    00001849 DD 77 F5         [19] 4818 	ld	-11 (ix), a
    0000184C DD 7E FB         [19] 4819 	ld	a, -5 (ix)
    0000184F DD 77 F6         [19] 4820 	ld	-10 (ix), a
    00001852 DD 4E FA         [19] 4821 	ld	c, -6 (ix)
    00001855 DD 46 FB         [19] 4822 	ld	b, -5 (ix)
    00001858 0B               [ 6] 4823 	dec	bc
    00001859 0B               [ 6] 4824 	dec	bc
    0000185A DD 71 FC         [19] 4825 	ld	-4 (ix), c
    0000185D DD 70 FD         [19] 4826 	ld	-3 (ix), b
    00001860 69               [ 4] 4827 	ld	l, c
    00001861 60               [ 4] 4828 	ld	h, b
    00001862 7E               [ 7] 4829 	ld	a, (hl)
    00001863 DD 77 FC         [19] 4830 	ld	-4 (ix), a
    00001866 23               [ 6] 4831 	inc	hl
    00001867 7E               [ 7] 4832 	ld	a, (hl)
    00001868 DD 77 FD         [19] 4833 	ld	-3 (ix), a
                                   4834 ;C:\Users\Jummy\Downloads\MSXgl-1.5.0b\engine/src/print.c:1311: Print_DrawInt(val);
    0000186B DD 7E FC         [19] 4835 	ld	a, -4 (ix)
    0000186E DD 77 FA         [19] 4836 	ld	-6 (ix), a
    00001871 DD 7E FD         [19] 4837 	ld	a, -3 (ix)
    00001874 DD 77 FB         [19] 4838 	ld	-5 (ix), a
    00001877 07               [ 4] 4839 	rlca
    00001878 9F               [ 4] 4840 	sbc	a, a
    00001879 DD 77 FC         [19] 4841 	ld	-4 (ix), a
    0000187C DD 77 FD         [19] 4842 	ld	-3 (ix), a
    0000187F DD 5E FA         [19] 4843 	ld	e, -6 (ix)
    00001882 DD 56 FB         [19] 4844 	ld	d, -5 (ix)
    00001885 DD 6E FC         [19] 4845 	ld	l, -4 (ix)
    00001888 DD 66 FD         [19] 4846 	ld	h, -3 (ix)
    0000188B CDrD5r16         [17] 4847 	call	_Print_DrawInt
    0000188E C3rCAr1E         [10] 4848 	jp	00193$
    00001891                       4849 00179$:
                                   4850 ;C:\Users\Jummy\Downloads\MSXgl-1.5.0b\engine/src/print.c:1313: else if (*ptr == 'u')
    00001891 DD 7E FD         [19] 4851 	ld	a, -3 (ix)
    00001894 D6 75            [ 7] 4852 	sub	a, #0x75
    00001896 20 55            [12] 4853 	jr	nz, 00176$
                                   4854 ;C:\Users\Jummy\Downloads\MSXgl-1.5.0b\engine/src/print.c:1315: u16 val = (u16)va_arg(args, u16);
    00001898 DD 6E F5         [19] 4855 	ld	l, -11 (ix)
    0000189B DD 66 F6         [19] 4856 	ld	h, -10 (ix)
    0000189E 23               [ 6] 4857 	inc	hl
    0000189F 23               [ 6] 4858 	inc	hl
    000018A0 DD 75 FA         [19] 4859 	ld	-6 (ix), l
    000018A3 DD 74 FB         [19] 4860 	ld	-5 (ix), h
    000018A6 DD 7E FA         [19] 4861 	ld	a, -6 (ix)
    000018A9 DD 77 F5         [19] 4862 	ld	-11 (ix), a
    000018AC DD 7E FB         [19] 4863 	ld	a, -5 (ix)
    000018AF DD 77 F6         [19] 4864 	ld	-10 (ix), a
    000018B2 DD 4E FA         [19] 4865 	ld	c, -6 (ix)
    000018B5 DD 46 FB         [19] 4866 	ld	b, -5 (ix)
    000018B8 0B               [ 6] 4867 	dec	bc
    000018B9 0B               [ 6] 4868 	dec	bc
    000018BA DD 71 FC         [19] 4869 	ld	-4 (ix), c
    000018BD DD 70 FD         [19] 4870 	ld	-3 (ix), b
    000018C0 69               [ 4] 4871 	ld	l, c
    000018C1 60               [ 4] 4872 	ld	h, b
    000018C2 7E               [ 7] 4873 	ld	a, (hl)
    000018C3 DD 77 FC         [19] 4874 	ld	-4 (ix), a
    000018C6 23               [ 6] 4875 	inc	hl
    000018C7 7E               [ 7] 4876 	ld	a, (hl)
    000018C8 DD 77 FD         [19] 4877 	ld	-3 (ix), a
                                   4878 ;C:\Users\Jummy\Downloads\MSXgl-1.5.0b\engine/src/print.c:1316: Print_DrawInt(val);
    000018CB DD 7E FC         [19] 4879 	ld	a, -4 (ix)
    000018CE DD 77 FA         [19] 4880 	ld	-6 (ix), a
    000018D1 DD 7E FD         [19] 4881 	ld	a, -3 (ix)
    000018D4 DD 77 FB         [19] 4882 	ld	-5 (ix), a
    000018D7 AF               [ 4] 4883 	xor	a, a
    000018D8 DD 77 FC         [19] 4884 	ld	-4 (ix), a
    000018DB DD 77 FD         [19] 4885 	ld	-3 (ix), a
    000018DE DD 5E FA         [19] 4886 	ld	e, -6 (ix)
    000018E1 DD 56 FB         [19] 4887 	ld	d, -5 (ix)
    000018E4 21 00 00         [10] 4888 	ld	hl, #0x0
    000018E7 CDrD5r16         [17] 4889 	call	_Print_DrawInt
    000018EA C3rCAr1E         [10] 4890 	jp	00193$
    000018ED                       4891 00176$:
                                   4892 ;C:\Users\Jummy\Downloads\MSXgl-1.5.0b\engine/src/print.c:1318: else if (*ptr == 'x')
    000018ED DD 7E FD         [19] 4893 	ld	a, -3 (ix)
    000018F0 D6 78            [ 7] 4894 	sub	a, #0x78
    000018F2 C2r1Ar1A         [10] 4895 	jp	nz, 00173$
                                   4896 ;C:\Users\Jummy\Downloads\MSXgl-1.5.0b\engine/src/print.c:1320: if (len == 0)
    000018F5 DD 7E F7         [19] 4897 	ld	a, -9 (ix)
    000018F8 B7               [ 4] 4898 	or	a, a
    000018F9 20 04            [12] 4899 	jr	nz, 00109$
                                   4900 ;C:\Users\Jummy\Downloads\MSXgl-1.5.0b\engine/src/print.c:1321: len = 4;
    000018FB DD 36 F7 04      [19] 4901 	ld	-9 (ix), #0x04
    000018FF                       4902 00109$:
                                   4903 ;C:\Users\Jummy\Downloads\MSXgl-1.5.0b\engine/src/print.c:1322: u16 val = (u16)va_arg(args, u16);
    000018FF DD 6E F5         [19] 4904 	ld	l, -11 (ix)
    00001902 DD 66 F6         [19] 4905 	ld	h, -10 (ix)
    00001905 23               [ 6] 4906 	inc	hl
    00001906 23               [ 6] 4907 	inc	hl
    00001907 DD 75 FA         [19] 4908 	ld	-6 (ix), l
    0000190A DD 74 FB         [19] 4909 	ld	-5 (ix), h
    0000190D DD 7E FA         [19] 4910 	ld	a, -6 (ix)
    00001910 DD 77 F5         [19] 4911 	ld	-11 (ix), a
    00001913 DD 7E FB         [19] 4912 	ld	a, -5 (ix)
    00001916 DD 77 F6         [19] 4913 	ld	-10 (ix), a
    00001919 DD 4E FA         [19] 4914 	ld	c, -6 (ix)
    0000191C DD 46 FB         [19] 4915 	ld	b, -5 (ix)
    0000191F 0B               [ 6] 4916 	dec	bc
    00001920 0B               [ 6] 4917 	dec	bc
    00001921 DD 71 FC         [19] 4918 	ld	-4 (ix), c
    00001924 DD 70 FD         [19] 4919 	ld	-3 (ix), b
    00001927 69               [ 4] 4920 	ld	l, c
    00001928 60               [ 4] 4921 	ld	h, b
    00001929 7E               [ 7] 4922 	ld	a, (hl)
    0000192A DD 77 FA         [19] 4923 	ld	-6 (ix), a
    0000192D 23               [ 6] 4924 	inc	hl
    0000192E 7E               [ 7] 4925 	ld	a, (hl)
    0000192F DD 77 FB         [19] 4926 	ld	-5 (ix), a
                                   4927 ;C:\Users\Jummy\Downloads\MSXgl-1.5.0b\engine/src/print.c:1323: if (len > 3)
    00001932 3E 03            [ 7] 4928 	ld	a, #0x03
    00001934 DD 96 F7         [19] 4929 	sub	a, -9 (ix)
    00001937 30 2E            [12] 4930 	jr	nc, 00111$
                                   4931 ;C:\Users\Jummy\Downloads\MSXgl-1.5.0b\engine/src/print.c:1324: Print_DrawChar(g_HexChar[(val >> 12) & 0x000F]);
    00001939 DD 7E FB         [19] 4932 	ld	a, -5 (ix)
    0000193C 07               [ 4] 4933 	rlca
    0000193D 07               [ 4] 4934 	rlca
    0000193E 07               [ 4] 4935 	rlca
    0000193F 07               [ 4] 4936 	rlca
    00001940 E6 0F            [ 7] 4937 	and	a, #0x0f
    00001942 DD 77 FC         [19] 4938 	ld	-4 (ix), a
    00001945 DD 36 FD 00      [19] 4939 	ld	-3 (ix), #0x00
    00001949 DD 7E FC         [19] 4940 	ld	a, -4 (ix)
    0000194C DD 77 FD         [19] 4941 	ld	-3 (ix), a
    0000194F E6 0F            [ 7] 4942 	and	a, #0x0f
    00001951 DD 77 FD         [19] 4943 	ld	-3 (ix), a
    00001954 11r32r00         [10] 4944 	ld	de, #_g_HexChar
    00001957 DD 6E FD         [19] 4945 	ld	l, -3 (ix)
    0000195A 26 00            [ 7] 4946 	ld	h, #0x00
    0000195C 19               [11] 4947 	add	hl, de
    0000195D DD 75 FC         [19] 4948 	ld	-4 (ix), l
    00001960 DD 74 FD         [19] 4949 	ld	-3 (ix), h
    00001963 7E               [ 7] 4950 	ld	a, (hl)
    00001964 CDr5Fr15         [17] 4951 	call	_Print_DrawChar
    00001967                       4952 00111$:
                                   4953 ;C:\Users\Jummy\Downloads\MSXgl-1.5.0b\engine/src/print.c:1325: if (len > 2)
    00001967 3E 02            [ 7] 4954 	ld	a, #0x02
    00001969 DD 96 F7         [19] 4955 	sub	a, -9 (ix)
    0000196C 30 1E            [12] 4956 	jr	nc, 00113$
                                   4957 ;C:\Users\Jummy\Downloads\MSXgl-1.5.0b\engine/src/print.c:1326: Print_DrawChar(g_HexChar[(val >> 8) & 0x000F]);
    0000196E DD 7E FB         [19] 4958 	ld	a, -5 (ix)
    00001971 DD 77 FD         [19] 4959 	ld	-3 (ix), a
    00001974 E6 0F            [ 7] 4960 	and	a, #0x0f
    00001976 DD 77 FD         [19] 4961 	ld	-3 (ix), a
    00001979 11r32r00         [10] 4962 	ld	de, #_g_HexChar
    0000197C DD 6E FD         [19] 4963 	ld	l, -3 (ix)
    0000197F 26 00            [ 7] 4964 	ld	h, #0x00
    00001981 19               [11] 4965 	add	hl, de
    00001982 DD 75 FC         [19] 4966 	ld	-4 (ix), l
    00001985 DD 74 FD         [19] 4967 	ld	-3 (ix), h
    00001988 7E               [ 7] 4968 	ld	a, (hl)
    00001989 CDr5Fr15         [17] 4969 	call	_Print_DrawChar
    0000198C                       4970 00113$:
                                   4971 ;C:\Users\Jummy\Downloads\MSXgl-1.5.0b\engine/src/print.c:1327: if (len > 1)
    0000198C 3E 01            [ 7] 4972 	ld	a, #0x01
    0000198E DD 96 F7         [19] 4973 	sub	a, -9 (ix)
    00001991 30 52            [12] 4974 	jr	nc, 00115$
                                   4975 ;C:\Users\Jummy\Downloads\MSXgl-1.5.0b\engine/src/print.c:1328: Print_DrawChar(g_HexChar[(val >> 4) & 0x000F]);
    00001993 DD 7E FA         [19] 4976 	ld	a, -6 (ix)
    00001996 DD 77 FC         [19] 4977 	ld	-4 (ix), a
    00001999 DD 7E FB         [19] 4978 	ld	a, -5 (ix)
    0000199C DD 77 FD         [19] 4979 	ld	-3 (ix), a
    0000199F DD CB FD 3E      [23] 4980 	srl	-3 (ix)
    000019A3 DD CB FC 1E      [23] 4981 	rr	-4 (ix)
    000019A7 DD CB FD 3E      [23] 4982 	srl	-3 (ix)
    000019AB DD CB FC 1E      [23] 4983 	rr	-4 (ix)
    000019AF DD CB FD 3E      [23] 4984 	srl	-3 (ix)
    000019B3 DD CB FC 1E      [23] 4985 	rr	-4 (ix)
    000019B7 DD CB FD 3E      [23] 4986 	srl	-3 (ix)
    000019BB DD CB FC 1E      [23] 4987 	rr	-4 (ix)
    000019BF DD 7E FC         [19] 4988 	ld	a, -4 (ix)
    000019C2 E6 0F            [ 7] 4989 	and	a, #0x0f
    000019C4 DD 77 F8         [19] 4990 	ld	-8 (ix), a
    000019C7 DD 36 F9 00      [19] 4991 	ld	-7 (ix), #0x00
    000019CB 3Er32            [ 7] 4992 	ld	a, #<(_g_HexChar)
    000019CD DD 86 F8         [19] 4993 	add	a, -8 (ix)
    000019D0 DD 77 FC         [19] 4994 	ld	-4 (ix), a
    000019D3 3Es00            [ 7] 4995 	ld	a, #>(_g_HexChar)
    000019D5 DD 8E F9         [19] 4996 	adc	a, -7 (ix)
    000019D8 DD 77 FD         [19] 4997 	ld	-3 (ix), a
    000019DB DD 6E FC         [19] 4998 	ld	l, -4 (ix)
    000019DE DD 66 FD         [19] 4999 	ld	h, -3 (ix)
    000019E1 7E               [ 7] 5000 	ld	a, (hl)
    000019E2 CDr5Fr15         [17] 5001 	call	_Print_DrawChar
    000019E5                       5002 00115$:
                                   5003 ;C:\Users\Jummy\Downloads\MSXgl-1.5.0b\engine/src/print.c:1329: Print_DrawChar(g_HexChar[val & 0x000F]);
    000019E5 DD 7E FA         [19] 5004 	ld	a, -6 (ix)
    000019E8 DD 77 FC         [19] 5005 	ld	-4 (ix), a
    000019EB DD 7E FB         [19] 5006 	ld	a, -5 (ix)
    000019EE DD 77 FD         [19] 5007 	ld	-3 (ix), a
    000019F1 DD 7E FC         [19] 5008 	ld	a, -4 (ix)
    000019F4 E6 0F            [ 7] 5009 	and	a, #0x0f
    000019F6 DD 77 FA         [19] 5010 	ld	-6 (ix), a
    000019F9 DD 36 FB 00      [19] 5011 	ld	-5 (ix), #0x00
    000019FD 3Er32            [ 7] 5012 	ld	a, #<(_g_HexChar)
    000019FF DD 86 FA         [19] 5013 	add	a, -6 (ix)
    00001A02 DD 77 FC         [19] 5014 	ld	-4 (ix), a
    00001A05 3Es00            [ 7] 5015 	ld	a, #>(_g_HexChar)
    00001A07 DD 8E FB         [19] 5016 	adc	a, -5 (ix)
    00001A0A DD 77 FD         [19] 5017 	ld	-3 (ix), a
    00001A0D DD 6E FC         [19] 5018 	ld	l, -4 (ix)
    00001A10 DD 66 FD         [19] 5019 	ld	h, -3 (ix)
    00001A13 7E               [ 7] 5020 	ld	a, (hl)
    00001A14 CDr5Fr15         [17] 5021 	call	_Print_DrawChar
    00001A17 C3rCAr1E         [10] 5022 	jp	00193$
    00001A1A                       5023 00173$:
                                   5024 ;C:\Users\Jummy\Downloads\MSXgl-1.5.0b\engine/src/print.c:1331: else if (*ptr == 'b')
    00001A1A DD 7E FD         [19] 5025 	ld	a, -3 (ix)
    00001A1D D6 62            [ 7] 5026 	sub	a, #0x62
    00001A1F C2rB5r1A         [10] 5027 	jp	nz, 00170$
                                   5028 ;C:\Users\Jummy\Downloads\MSXgl-1.5.0b\engine/src/print.c:1333: if (len == 0)
    00001A22 DD 7E F7         [19] 5029 	ld	a, -9 (ix)
    00001A25 B7               [ 4] 5030 	or	a, a
    00001A26 20 04            [12] 5031 	jr	nz, 00117$
                                   5032 ;C:\Users\Jummy\Downloads\MSXgl-1.5.0b\engine/src/print.c:1334: len = 16;
    00001A28 DD 36 F7 10      [19] 5033 	ld	-9 (ix), #0x10
    00001A2C                       5034 00117$:
                                   5035 ;C:\Users\Jummy\Downloads\MSXgl-1.5.0b\engine/src/print.c:1335: u16 val = (u16)va_arg(args, u16);
    00001A2C DD 6E F5         [19] 5036 	ld	l, -11 (ix)
    00001A2F DD 66 F6         [19] 5037 	ld	h, -10 (ix)
    00001A32 23               [ 6] 5038 	inc	hl
    00001A33 23               [ 6] 5039 	inc	hl
    00001A34 DD 75 FA         [19] 5040 	ld	-6 (ix), l
    00001A37 DD 74 FB         [19] 5041 	ld	-5 (ix), h
    00001A3A DD 7E FA         [19] 5042 	ld	a, -6 (ix)
    00001A3D DD 77 F5         [19] 5043 	ld	-11 (ix), a
    00001A40 DD 7E FB         [19] 5044 	ld	a, -5 (ix)
    00001A43 DD 77 F6         [19] 5045 	ld	-10 (ix), a
    00001A46 DD 4E FA         [19] 5046 	ld	c, -6 (ix)
    00001A49 DD 46 FB         [19] 5047 	ld	b, -5 (ix)
    00001A4C 0B               [ 6] 5048 	dec	bc
    00001A4D 0B               [ 6] 5049 	dec	bc
    00001A4E DD 71 FC         [19] 5050 	ld	-4 (ix), c
    00001A51 DD 70 FD         [19] 5051 	ld	-3 (ix), b
    00001A54 69               [ 4] 5052 	ld	l, c
    00001A55 60               [ 4] 5053 	ld	h, b
    00001A56 7E               [ 7] 5054 	ld	a, (hl)
    00001A57 DD 77 FA         [19] 5055 	ld	-6 (ix), a
    00001A5A 23               [ 6] 5056 	inc	hl
    00001A5B 7E               [ 7] 5057 	ld	a, (hl)
    00001A5C DD 77 FB         [19] 5058 	ld	-5 (ix), a
                                   5059 ;C:\Users\Jummy\Downloads\MSXgl-1.5.0b\engine/src/print.c:1336: u16 bit = 1 << (len - 1);
    00001A5F DD 7E F7         [19] 5060 	ld	a, -9 (ix)
    00001A62 3D               [ 4] 5061 	dec	a
    00001A63 DD 77 FD         [19] 5062 	ld	-3 (ix), a
    00001A66 47               [ 4] 5063 	ld	b, a
    00001A67 DD 36 FC 01      [19] 5064 	ld	-4 (ix), #0x01
    00001A6B DD 36 FD 00      [19] 5065 	ld	-3 (ix), #0
    00001A6F 04               [ 4] 5066 	inc	b
    00001A70 C3r7Br1A         [10] 5067 	jp	00552$
    00001A73                       5068 00551$:
    00001A73 DD CB FC 26      [23] 5069 	sla	-4 (ix)
    00001A77 DD CB FD 16      [23] 5070 	rl	-3 (ix)
    00001A7B                       5071 00552$:
    00001A7B 10 F6            [13] 5072 	djnz	00551$
                                   5073 ;C:\Users\Jummy\Downloads\MSXgl-1.5.0b\engine/src/print.c:1337: while (bit)
    00001A7D                       5074 00121$:
    00001A7D DD 7E FD         [19] 5075 	ld	a, -3 (ix)
    00001A80 DD B6 FC         [19] 5076 	or	a, -4 (ix)
    00001A83 CArCAr1E         [10] 5077 	jp	z, 00193$
                                   5078 ;C:\Users\Jummy\Downloads\MSXgl-1.5.0b\engine/src/print.c:1339: if (val & bit)
    00001A86 DD 7E FA         [19] 5079 	ld	a, -6 (ix)
    00001A89 DD A6 FC         [19] 5080 	and	a, -4 (ix)
    00001A8C DD 77 F8         [19] 5081 	ld	-8 (ix), a
    00001A8F DD 7E FB         [19] 5082 	ld	a, -5 (ix)
    00001A92 DD A6 FD         [19] 5083 	and	a, -3 (ix)
    00001A95 DD 77 F9         [19] 5084 	ld	-7 (ix), a
    00001A98 DD B6 F8         [19] 5085 	or	a, -8 (ix)
    00001A9B 28 08            [12] 5086 	jr	z, 00119$
                                   5087 ;C:\Users\Jummy\Downloads\MSXgl-1.5.0b\engine/src/print.c:1340: Print_DrawChar('1');
    00001A9D 3E 31            [ 7] 5088 	ld	a, #0x31
    00001A9F CDr5Fr15         [17] 5089 	call	_Print_DrawChar
    00001AA2 C3rAAr1A         [10] 5090 	jp	00120$
    00001AA5                       5091 00119$:
                                   5092 ;C:\Users\Jummy\Downloads\MSXgl-1.5.0b\engine/src/print.c:1342: Print_DrawChar('0');
    00001AA5 3E 30            [ 7] 5093 	ld	a, #0x30
    00001AA7 CDr5Fr15         [17] 5094 	call	_Print_DrawChar
    00001AAA                       5095 00120$:
                                   5096 ;C:\Users\Jummy\Downloads\MSXgl-1.5.0b\engine/src/print.c:1343: bit >>= 1;
    00001AAA DD CB FD 3E      [23] 5097 	srl	-3 (ix)
    00001AAE DD CB FC 1E      [23] 5098 	rr	-4 (ix)
    00001AB2 C3r7Dr1A         [10] 5099 	jp	00121$
    00001AB5                       5100 00170$:
                                   5101 ;C:\Users\Jummy\Downloads\MSXgl-1.5.0b\engine/src/print.c:1347: else if ((*ptr == 'I') || (*ptr == 'D'))
    00001AB5 DD 7E FD         [19] 5102 	ld	a, -3 (ix)
    00001AB8 D6 49            [ 7] 5103 	sub	a, #0x49
    00001ABA 28 07            [12] 5104 	jr	z, 00165$
    00001ABC DD 7E FD         [19] 5105 	ld	a, -3 (ix)
    00001ABF D6 44            [ 7] 5106 	sub	a, #0x44
    00001AC1 20 4E            [12] 5107 	jr	nz, 00166$
    00001AC3                       5108 00165$:
                                   5109 ;C:\Users\Jummy\Downloads\MSXgl-1.5.0b\engine/src/print.c:1349: i32 val = (i32)va_arg(args, i32);
    00001AC3 11 04 00         [10] 5110 	ld	de, #0x0004
    00001AC6 DD 6E F5         [19] 5111 	ld	l, -11 (ix)
    00001AC9 DD 66 F6         [19] 5112 	ld	h, -10 (ix)
    00001ACC 19               [11] 5113 	add	hl, de
    00001ACD DD 75 FA         [19] 5114 	ld	-6 (ix), l
    00001AD0 DD 74 FB         [19] 5115 	ld	-5 (ix), h
    00001AD3 DD 7E FA         [19] 5116 	ld	a, -6 (ix)
    00001AD6 DD 77 F5         [19] 5117 	ld	-11 (ix), a
    00001AD9 DD 7E FB         [19] 5118 	ld	a, -5 (ix)
    00001ADC DD 77 F6         [19] 5119 	ld	-10 (ix), a
    00001ADF DD 7E FA         [19] 5120 	ld	a, -6 (ix)
    00001AE2 C6 FC            [ 7] 5121 	add	a, #0xfc
    00001AE4 DD 77 FC         [19] 5122 	ld	-4 (ix), a
    00001AE7 DD 7E FB         [19] 5123 	ld	a, -5 (ix)
    00001AEA CE FF            [ 7] 5124 	adc	a, #0xff
    00001AEC DD 77 FD         [19] 5125 	ld	-3 (ix), a
    00001AEF DD 5E FC         [19] 5126 	ld	e, -4 (ix)
    00001AF2 DD 56 FD         [19] 5127 	ld	d, -3 (ix)
    00001AF5 21 0D 00         [10] 5128 	ld	hl, #13
    00001AF8 39               [11] 5129 	add	hl, sp
    00001AF9 EB               [ 4] 5130 	ex	de, hl
    00001AFA 01 04 00         [10] 5131 	ld	bc, #0x0004
    00001AFD ED B0            [21] 5132 	ldir
                                   5133 ;C:\Users\Jummy\Downloads\MSXgl-1.5.0b\engine/src/print.c:1350: Print_DrawInt(val);
    00001AFF DD 5E FA         [19] 5134 	ld	e, -6 (ix)
    00001B02 DD 56 FB         [19] 5135 	ld	d, -5 (ix)
    00001B05 DD 6E FC         [19] 5136 	ld	l, -4 (ix)
    00001B08 DD 66 FD         [19] 5137 	ld	h, -3 (ix)
    00001B0B CDrD5r16         [17] 5138 	call	_Print_DrawInt
    00001B0E C3rCAr1E         [10] 5139 	jp	00193$
    00001B11                       5140 00166$:
                                   5141 ;C:\Users\Jummy\Downloads\MSXgl-1.5.0b\engine/src/print.c:1352: else if (*ptr == 'U')
    00001B11 DD 7E FD         [19] 5142 	ld	a, -3 (ix)
    00001B14 D6 55            [ 7] 5143 	sub	a, #0x55
    00001B16 20 4E            [12] 5144 	jr	nz, 00163$
                                   5145 ;C:\Users\Jummy\Downloads\MSXgl-1.5.0b\engine/src/print.c:1354: u32 val = (u32)va_arg(args, u32);
    00001B18 11 04 00         [10] 5146 	ld	de, #0x0004
    00001B1B DD 6E F5         [19] 5147 	ld	l, -11 (ix)
    00001B1E DD 66 F6         [19] 5148 	ld	h, -10 (ix)
    00001B21 19               [11] 5149 	add	hl, de
    00001B22 DD 75 FA         [19] 5150 	ld	-6 (ix), l
    00001B25 DD 74 FB         [19] 5151 	ld	-5 (ix), h
    00001B28 DD 7E FA         [19] 5152 	ld	a, -6 (ix)
    00001B2B DD 77 F5         [19] 5153 	ld	-11 (ix), a
    00001B2E DD 7E FB         [19] 5154 	ld	a, -5 (ix)
    00001B31 DD 77 F6         [19] 5155 	ld	-10 (ix), a
    00001B34 DD 7E FA         [19] 5156 	ld	a, -6 (ix)
    00001B37 C6 FC            [ 7] 5157 	add	a, #0xfc
    00001B39 DD 77 FC         [19] 5158 	ld	-4 (ix), a
    00001B3C DD 7E FB         [19] 5159 	ld	a, -5 (ix)
    00001B3F CE FF            [ 7] 5160 	adc	a, #0xff
    00001B41 DD 77 FD         [19] 5161 	ld	-3 (ix), a
    00001B44 DD 5E FC         [19] 5162 	ld	e, -4 (ix)
    00001B47 DD 56 FD         [19] 5163 	ld	d, -3 (ix)
    00001B4A 21 0D 00         [10] 5164 	ld	hl, #13
    00001B4D 39               [11] 5165 	add	hl, sp
    00001B4E EB               [ 4] 5166 	ex	de, hl
    00001B4F 01 04 00         [10] 5167 	ld	bc, #0x0004
    00001B52 ED B0            [21] 5168 	ldir
                                   5169 ;C:\Users\Jummy\Downloads\MSXgl-1.5.0b\engine/src/print.c:1355: Print_DrawInt(val);
    00001B54 DD 5E FA         [19] 5170 	ld	e, -6 (ix)
    00001B57 DD 56 FB         [19] 5171 	ld	d, -5 (ix)
    00001B5A DD 6E FC         [19] 5172 	ld	l, -4 (ix)
    00001B5D DD 66 FD         [19] 5173 	ld	h, -3 (ix)
    00001B60 CDrD5r16         [17] 5174 	call	_Print_DrawInt
    00001B63 C3rCAr1E         [10] 5175 	jp	00193$
    00001B66                       5176 00163$:
                                   5177 ;C:\Users\Jummy\Downloads\MSXgl-1.5.0b\engine/src/print.c:1357: else if (*ptr == 'X')
    00001B66 DD 7E FD         [19] 5178 	ld	a, -3 (ix)
    00001B69 D6 58            [ 7] 5179 	sub	a, #0x58
    00001B6B C2r61r1D         [10] 5180 	jp	nz, 00160$
                                   5181 ;C:\Users\Jummy\Downloads\MSXgl-1.5.0b\engine/src/print.c:1359: if (len == 0)
    00001B6E DD 7E F7         [19] 5182 	ld	a, -9 (ix)
    00001B71 B7               [ 4] 5183 	or	a, a
    00001B72 20 04            [12] 5184 	jr	nz, 00125$
                                   5185 ;C:\Users\Jummy\Downloads\MSXgl-1.5.0b\engine/src/print.c:1360: len = 8;
    00001B74 DD 36 F7 08      [19] 5186 	ld	-9 (ix), #0x08
    00001B78                       5187 00125$:
                                   5188 ;C:\Users\Jummy\Downloads\MSXgl-1.5.0b\engine/src/print.c:1361: u32 val = (u32)va_arg(args, u32);
    00001B78 11 04 00         [10] 5189 	ld	de, #0x0004
    00001B7B DD 6E F5         [19] 5190 	ld	l, -11 (ix)
    00001B7E DD 66 F6         [19] 5191 	ld	h, -10 (ix)
    00001B81 19               [11] 5192 	add	hl, de
    00001B82 DD 75 FA         [19] 5193 	ld	-6 (ix), l
    00001B85 DD 74 FB         [19] 5194 	ld	-5 (ix), h
    00001B88 DD 7E FA         [19] 5195 	ld	a, -6 (ix)
    00001B8B DD 77 F5         [19] 5196 	ld	-11 (ix), a
    00001B8E DD 7E FB         [19] 5197 	ld	a, -5 (ix)
    00001B91 DD 77 F6         [19] 5198 	ld	-10 (ix), a
    00001B94 DD 7E FA         [19] 5199 	ld	a, -6 (ix)
    00001B97 C6 FC            [ 7] 5200 	add	a, #0xfc
    00001B99 DD 77 FC         [19] 5201 	ld	-4 (ix), a
    00001B9C DD 7E FB         [19] 5202 	ld	a, -5 (ix)
    00001B9F CE FF            [ 7] 5203 	adc	a, #0xff
    00001BA1 DD 77 FD         [19] 5204 	ld	-3 (ix), a
    00001BA4 DD 5E FC         [19] 5205 	ld	e, -4 (ix)
    00001BA7 DD 56 FD         [19] 5206 	ld	d, -3 (ix)
    00001BAA 21 0B 00         [10] 5207 	ld	hl, #11
    00001BAD 39               [11] 5208 	add	hl, sp
    00001BAE EB               [ 4] 5209 	ex	de, hl
    00001BAF 01 04 00         [10] 5210 	ld	bc, #0x0004
    00001BB2 ED B0            [21] 5211 	ldir
                                   5212 ;C:\Users\Jummy\Downloads\MSXgl-1.5.0b\engine/src/print.c:1363: if (len > 7)
    00001BB4 3E 07            [ 7] 5213 	ld	a, #0x07
    00001BB6 DD 96 F7         [19] 5214 	sub	a, -9 (ix)
    00001BB9 30 36            [12] 5215 	jr	nc, 00127$
                                   5216 ;C:\Users\Jummy\Downloads\MSXgl-1.5.0b\engine/src/print.c:1364: Print_DrawChar(g_HexChar[(val >> 28) & 0xF]);
    00001BBB DD 7E FB         [19] 5217 	ld	a, -5 (ix)
    00001BBE DD 77 F1         [19] 5218 	ld	-15 (ix), a
    00001BC1 AF               [ 4] 5219 	xor	a, a
    00001BC2 DD 77 F2         [19] 5220 	ld	-14 (ix), a
    00001BC5 DD 77 F3         [19] 5221 	ld	-13 (ix), a
    00001BC8 DD 77 F4         [19] 5222 	ld	-12 (ix), a
    00001BCB 06 04            [ 7] 5223 	ld	b, #0x04
    00001BCD                       5224 00560$:
    00001BCD DD CB F1 3E      [23] 5225 	srl	-15 (ix)
    00001BD1 10 FA            [13] 5226 	djnz	00560$
    00001BD3 DD 7E F1         [19] 5227 	ld	a, -15 (ix)
    00001BD6 DD 77 FD         [19] 5228 	ld	-3 (ix), a
    00001BD9 E6 0F            [ 7] 5229 	and	a, #0x0f
    00001BDB DD 77 FD         [19] 5230 	ld	-3 (ix), a
    00001BDE 11r32r00         [10] 5231 	ld	de, #_g_HexChar
    00001BE1 DD 6E FD         [19] 5232 	ld	l, -3 (ix)
    00001BE4 26 00            [ 7] 5233 	ld	h, #0x00
    00001BE6 19               [11] 5234 	add	hl, de
    00001BE7 DD 75 FC         [19] 5235 	ld	-4 (ix), l
    00001BEA DD 74 FD         [19] 5236 	ld	-3 (ix), h
    00001BED 7E               [ 7] 5237 	ld	a, (hl)
    00001BEE CDr5Fr15         [17] 5238 	call	_Print_DrawChar
    00001BF1                       5239 00127$:
                                   5240 ;C:\Users\Jummy\Downloads\MSXgl-1.5.0b\engine/src/print.c:1365: if (len > 6)
    00001BF1 3E 06            [ 7] 5241 	ld	a, #0x06
    00001BF3 DD 96 F7         [19] 5242 	sub	a, -9 (ix)
    00001BF6 30 1E            [12] 5243 	jr	nc, 00129$
                                   5244 ;C:\Users\Jummy\Downloads\MSXgl-1.5.0b\engine/src/print.c:1366: Print_DrawChar(g_HexChar[(val >> 24) & 0xF]);
    00001BF8 DD 7E FB         [19] 5245 	ld	a, -5 (ix)
    00001BFB DD 77 FD         [19] 5246 	ld	-3 (ix), a
    00001BFE E6 0F            [ 7] 5247 	and	a, #0x0f
    00001C00 DD 77 FD         [19] 5248 	ld	-3 (ix), a
    00001C03 11r32r00         [10] 5249 	ld	de, #_g_HexChar
    00001C06 DD 6E FD         [19] 5250 	ld	l, -3 (ix)
    00001C09 26 00            [ 7] 5251 	ld	h, #0x00
    00001C0B 19               [11] 5252 	add	hl, de
    00001C0C DD 75 FC         [19] 5253 	ld	-4 (ix), l
    00001C0F DD 74 FD         [19] 5254 	ld	-3 (ix), h
    00001C12 7E               [ 7] 5255 	ld	a, (hl)
    00001C13 CDr5Fr15         [17] 5256 	call	_Print_DrawChar
    00001C16                       5257 00129$:
                                   5258 ;C:\Users\Jummy\Downloads\MSXgl-1.5.0b\engine/src/print.c:1367: if (len > 5)
    00001C16 3E 05            [ 7] 5259 	ld	a, #0x05
    00001C18 DD 96 F7         [19] 5260 	sub	a, -9 (ix)
    00001C1B 30 4A            [12] 5261 	jr	nc, 00131$
                                   5262 ;C:\Users\Jummy\Downloads\MSXgl-1.5.0b\engine/src/print.c:1368: Print_DrawChar(g_HexChar[(val >> 20) & 0xF]);
    00001C1D DD 7E FA         [19] 5263 	ld	a, -6 (ix)
    00001C20 DD 77 F1         [19] 5264 	ld	-15 (ix), a
    00001C23 DD 7E FB         [19] 5265 	ld	a, -5 (ix)
    00001C26 DD 77 F2         [19] 5266 	ld	-14 (ix), a
    00001C29 AF               [ 4] 5267 	xor	a, a
    00001C2A DD 77 F3         [19] 5268 	ld	-13 (ix), a
    00001C2D DD 77 F4         [19] 5269 	ld	-12 (ix), a
    00001C30 06 04            [ 7] 5270 	ld	b, #0x04
    00001C32                       5271 00562$:
    00001C32 DD CB F2 3E      [23] 5272 	srl	-14 (ix)
    00001C36 DD CB F1 1E      [23] 5273 	rr	-15 (ix)
    00001C3A 10 F6            [13] 5274 	djnz	00562$
    00001C3C DD 7E F1         [19] 5275 	ld	a, -15 (ix)
    00001C3F DD 77 FC         [19] 5276 	ld	-4 (ix), a
    00001C42 DD 7E F2         [19] 5277 	ld	a, -14 (ix)
    00001C45 DD 77 FD         [19] 5278 	ld	-3 (ix), a
    00001C48 DD 7E FC         [19] 5279 	ld	a, -4 (ix)
    00001C4B E6 0F            [ 7] 5280 	and	a, #0x0f
    00001C4D DD 77 F3         [19] 5281 	ld	-13 (ix), a
    00001C50 DD 36 F4 00      [19] 5282 	ld	-12 (ix), #0x00
    00001C54 11r32r00         [10] 5283 	ld	de, #_g_HexChar
    00001C57 DD 6E F3         [19] 5284 	ld	l, -13 (ix)
    00001C5A 26 00            [ 7] 5285 	ld	h, #0x00
    00001C5C 19               [11] 5286 	add	hl, de
    00001C5D DD 75 FC         [19] 5287 	ld	-4 (ix), l
    00001C60 DD 74 FD         [19] 5288 	ld	-3 (ix), h
    00001C63 7E               [ 7] 5289 	ld	a, (hl)
    00001C64 CDr5Fr15         [17] 5290 	call	_Print_DrawChar
    00001C67                       5291 00131$:
                                   5292 ;C:\Users\Jummy\Downloads\MSXgl-1.5.0b\engine/src/print.c:1369: if (len > 4)
    00001C67 3E 04            [ 7] 5293 	ld	a, #0x04
    00001C69 DD 96 F7         [19] 5294 	sub	a, -9 (ix)
    00001C6C 30 1E            [12] 5295 	jr	nc, 00133$
                                   5296 ;C:\Users\Jummy\Downloads\MSXgl-1.5.0b\engine/src/print.c:1370: Print_DrawChar(g_HexChar[(val >> 16) & 0xF]);
    00001C6E DD 7E FA         [19] 5297 	ld	a, -6 (ix)
    00001C71 DD 77 FD         [19] 5298 	ld	-3 (ix), a
    00001C74 E6 0F            [ 7] 5299 	and	a, #0x0f
    00001C76 DD 77 FD         [19] 5300 	ld	-3 (ix), a
    00001C79 11r32r00         [10] 5301 	ld	de, #_g_HexChar
    00001C7C DD 6E FD         [19] 5302 	ld	l, -3 (ix)
    00001C7F 26 00            [ 7] 5303 	ld	h, #0x00
    00001C81 19               [11] 5304 	add	hl, de
    00001C82 DD 75 FC         [19] 5305 	ld	-4 (ix), l
    00001C85 DD 74 FD         [19] 5306 	ld	-3 (ix), h
    00001C88 7E               [ 7] 5307 	ld	a, (hl)
    00001C89 CDr5Fr15         [17] 5308 	call	_Print_DrawChar
    00001C8C                       5309 00133$:
                                   5310 ;C:\Users\Jummy\Downloads\MSXgl-1.5.0b\engine/src/print.c:1371: if (len > 3)
    00001C8C 3E 03            [ 7] 5311 	ld	a, #0x03
    00001C8E DD 96 F7         [19] 5312 	sub	a, -9 (ix)
    00001C91 30 21            [12] 5313 	jr	nc, 00135$
                                   5314 ;C:\Users\Jummy\Downloads\MSXgl-1.5.0b\engine/src/print.c:1372: Print_DrawChar(g_HexChar[(val >> 12) & 0xF]);
    00001C93 DD 5E F9         [19] 5315 	ld	e, -7 (ix)
    00001C96 DD 56 FA         [19] 5316 	ld	d, -6 (ix)
    00001C99 DD 4E FB         [19] 5317 	ld	c, -5 (ix)
    00001C9C 06 04            [ 7] 5318 	ld	b, #0x04
    00001C9E                       5319 00564$:
    00001C9E CB 39            [ 8] 5320 	srl	c
    00001CA0 CB 1A            [ 8] 5321 	rr	d
    00001CA2 CB 1B            [ 8] 5322 	rr	e
    00001CA4 10 F8            [13] 5323 	djnz	00564$
    00001CA6 7B               [ 4] 5324 	ld	a, e
    00001CA7 E6 0F            [ 7] 5325 	and	a, #0x0f
    00001CA9 4F               [ 4] 5326 	ld	c, a
    00001CAA 06 00            [ 7] 5327 	ld	b, #0x00
    00001CAC 21r32r00         [10] 5328 	ld	hl, #_g_HexChar
    00001CAF 09               [11] 5329 	add	hl, bc
    00001CB0 7E               [ 7] 5330 	ld	a, (hl)
    00001CB1 CDr5Fr15         [17] 5331 	call	_Print_DrawChar
    00001CB4                       5332 00135$:
                                   5333 ;C:\Users\Jummy\Downloads\MSXgl-1.5.0b\engine/src/print.c:1373: if (len > 2)
    00001CB4 3E 02            [ 7] 5334 	ld	a, #0x02
    00001CB6 DD 96 F7         [19] 5335 	sub	a, -9 (ix)
    00001CB9 30 1E            [12] 5336 	jr	nc, 00137$
                                   5337 ;C:\Users\Jummy\Downloads\MSXgl-1.5.0b\engine/src/print.c:1374: Print_DrawChar(g_HexChar[(val >> 8) & 0xF]);
    00001CBB DD 7E F9         [19] 5338 	ld	a, -7 (ix)
    00001CBE DD 77 FD         [19] 5339 	ld	-3 (ix), a
    00001CC1 E6 0F            [ 7] 5340 	and	a, #0x0f
    00001CC3 DD 77 FD         [19] 5341 	ld	-3 (ix), a
    00001CC6 11r32r00         [10] 5342 	ld	de, #_g_HexChar
    00001CC9 DD 6E FD         [19] 5343 	ld	l, -3 (ix)
    00001CCC 26 00            [ 7] 5344 	ld	h, #0x00
    00001CCE 19               [11] 5345 	add	hl, de
    00001CCF DD 75 FC         [19] 5346 	ld	-4 (ix), l
    00001CD2 DD 74 FD         [19] 5347 	ld	-3 (ix), h
    00001CD5 7E               [ 7] 5348 	ld	a, (hl)
    00001CD6 CDr5Fr15         [17] 5349 	call	_Print_DrawChar
    00001CD9                       5350 00137$:
                                   5351 ;C:\Users\Jummy\Downloads\MSXgl-1.5.0b\engine/src/print.c:1375: if (len > 1)
    00001CD9 3E 01            [ 7] 5352 	ld	a, #0x01
    00001CDB DD 96 F7         [19] 5353 	sub	a, -9 (ix)
    00001CDE 30 57            [12] 5354 	jr	nc, 00139$
                                   5355 ;C:\Users\Jummy\Downloads\MSXgl-1.5.0b\engine/src/print.c:1376: Print_DrawChar(g_HexChar[(val >> 4) & 0xF]);
    00001CE0 DD 7E F8         [19] 5356 	ld	a, -8 (ix)
    00001CE3 DD 77 F1         [19] 5357 	ld	-15 (ix), a
    00001CE6 DD 7E F9         [19] 5358 	ld	a, -7 (ix)
    00001CE9 DD 77 F2         [19] 5359 	ld	-14 (ix), a
    00001CEC DD 7E FA         [19] 5360 	ld	a, -6 (ix)
    00001CEF DD 77 F3         [19] 5361 	ld	-13 (ix), a
    00001CF2 DD 7E FB         [19] 5362 	ld	a, -5 (ix)
    00001CF5 DD 77 F4         [19] 5363 	ld	-12 (ix), a
    00001CF8 06 04            [ 7] 5364 	ld	b, #0x04
    00001CFA                       5365 00566$:
    00001CFA DD CB F4 3E      [23] 5366 	srl	-12 (ix)
    00001CFE DD CB F3 1E      [23] 5367 	rr	-13 (ix)
    00001D02 DD CB F2 1E      [23] 5368 	rr	-14 (ix)
    00001D06 DD CB F1 1E      [23] 5369 	rr	-15 (ix)
    00001D0A 10 EE            [13] 5370 	djnz	00566$
    00001D0C DD 7E F1         [19] 5371 	ld	a, -15 (ix)
    00001D0F DD 77 FC         [19] 5372 	ld	-4 (ix), a
    00001D12 DD 7E F2         [19] 5373 	ld	a, -14 (ix)
    00001D15 DD 77 FD         [19] 5374 	ld	-3 (ix), a
    00001D18 DD 7E FC         [19] 5375 	ld	a, -4 (ix)
    00001D1B E6 0F            [ 7] 5376 	and	a, #0x0f
    00001D1D DD 77 F3         [19] 5377 	ld	-13 (ix), a
    00001D20 DD 36 F4 00      [19] 5378 	ld	-12 (ix), #0x00
    00001D24 11r32r00         [10] 5379 	ld	de, #_g_HexChar
    00001D27 DD 6E F3         [19] 5380 	ld	l, -13 (ix)
    00001D2A 26 00            [ 7] 5381 	ld	h, #0x00
    00001D2C 19               [11] 5382 	add	hl, de
    00001D2D DD 75 FC         [19] 5383 	ld	-4 (ix), l
    00001D30 DD 74 FD         [19] 5384 	ld	-3 (ix), h
    00001D33 7E               [ 7] 5385 	ld	a, (hl)
    00001D34 CDr5Fr15         [17] 5386 	call	_Print_DrawChar
    00001D37                       5387 00139$:
                                   5388 ;C:\Users\Jummy\Downloads\MSXgl-1.5.0b\engine/src/print.c:1377: Print_DrawChar(g_HexChar[val & 0xF]);
    00001D37 DD 7E F8         [19] 5389 	ld	a, -8 (ix)
    00001D3A DD 77 FC         [19] 5390 	ld	-4 (ix), a
    00001D3D DD 7E F9         [19] 5391 	ld	a, -7 (ix)
    00001D40 DD 77 FD         [19] 5392 	ld	-3 (ix), a
    00001D43 DD 7E FC         [19] 5393 	ld	a, -4 (ix)
    00001D46 E6 0F            [ 7] 5394 	and	a, #0x0f
    00001D48 DD 77 FA         [19] 5395 	ld	-6 (ix), a
    00001D4B DD 36 FB 00      [19] 5396 	ld	-5 (ix), #0x00
    00001D4F DD 7E FA         [19] 5397 	ld	a, -6 (ix)
    00001D52 C6r32            [ 7] 5398 	add	a, #<(_g_HexChar)
    00001D54 4F               [ 4] 5399 	ld	c, a
    00001D55 3E 00            [ 7] 5400 	ld	a, #0x00
    00001D57 CEs00            [ 7] 5401 	adc	a, #>(_g_HexChar)
    00001D59 47               [ 4] 5402 	ld	b, a
    00001D5A 0A               [ 7] 5403 	ld	a, (bc)
    00001D5B CDr5Fr15         [17] 5404 	call	_Print_DrawChar
    00001D5E C3rCAr1E         [10] 5405 	jp	00193$
    00001D61                       5406 00160$:
                                   5407 ;C:\Users\Jummy\Downloads\MSXgl-1.5.0b\engine/src/print.c:1379: else if (*ptr == 'B')
    00001D61 DD 7E FD         [19] 5408 	ld	a, -3 (ix)
    00001D64 D6 42            [ 7] 5409 	sub	a, #0x42
    00001D66 C2r0Dr1E         [10] 5410 	jp	nz, 00157$
                                   5411 ;C:\Users\Jummy\Downloads\MSXgl-1.5.0b\engine/src/print.c:1381: if (len == 0)
    00001D69 DD 7E F7         [19] 5412 	ld	a, -9 (ix)
    00001D6C B7               [ 4] 5413 	or	a, a
    00001D6D 20 04            [12] 5414 	jr	nz, 00141$
                                   5415 ;C:\Users\Jummy\Downloads\MSXgl-1.5.0b\engine/src/print.c:1382: len = 16;
    00001D6F DD 36 F7 10      [19] 5416 	ld	-9 (ix), #0x10
    00001D73                       5417 00141$:
                                   5418 ;C:\Users\Jummy\Downloads\MSXgl-1.5.0b\engine/src/print.c:1383: u32 val = (u32)va_arg(args, u32);
    00001D73 DD 6E F5         [19] 5419 	ld	l, -11 (ix)
    00001D76 DD 66 F6         [19] 5420 	ld	h, -10 (ix)
    00001D79 11 04 00         [10] 5421 	ld	de, #0x0004
    00001D7C 19               [11] 5422 	add	hl, de
    00001D7D DD 75 F5         [19] 5423 	ld	-11 (ix), l
    00001D80 DD 74 F6         [19] 5424 	ld	-10 (ix), h
    00001D83 11 FC FF         [10] 5425 	ld	de, #0xfffc
    00001D86 19               [11] 5426 	add	hl, de
    00001D87 EB               [ 4] 5427 	ex	de, hl
    00001D88 21 04 00         [10] 5428 	ld	hl, #4
    00001D8B 39               [11] 5429 	add	hl, sp
    00001D8C EB               [ 4] 5430 	ex	de, hl
    00001D8D 01 04 00         [10] 5431 	ld	bc, #0x0004
    00001D90 ED B0            [21] 5432 	ldir
                                   5433 ;C:\Users\Jummy\Downloads\MSXgl-1.5.0b\engine/src/print.c:1384: u32 bit = 1 << (len - 1);
    00001D92 DD 46 F7         [19] 5434 	ld	b, -9 (ix)
    00001D95 05               [ 4] 5435 	dec	b
    00001D96 21 01 00         [10] 5436 	ld	hl, #0x0001
    00001D99 04               [ 4] 5437 	inc	b
    00001D9A C3r9Er1D         [10] 5438 	jp	00571$
    00001D9D                       5439 00570$:
    00001D9D 29               [11] 5440 	add	hl, hl
    00001D9E                       5441 00571$:
    00001D9E 10 FD            [13] 5442 	djnz	00570$
    00001DA0 DD 75 FA         [19] 5443 	ld	-6 (ix), l
    00001DA3 7C               [ 4] 5444 	ld	a, h
    00001DA4 DD 77 FB         [19] 5445 	ld	-5 (ix), a
    00001DA7 07               [ 4] 5446 	rlca
    00001DA8 9F               [ 4] 5447 	sbc	a, a
    00001DA9 DD 77 FC         [19] 5448 	ld	-4 (ix), a
    00001DAC DD 77 FD         [19] 5449 	ld	-3 (ix), a
                                   5450 ;C:\Users\Jummy\Downloads\MSXgl-1.5.0b\engine/src/print.c:1385: while (bit)
    00001DAF                       5451 00145$:
    00001DAF DD 7E FD         [19] 5452 	ld	a, -3 (ix)
    00001DB2 DD B6 FC         [19] 5453 	or	a, -4 (ix)
    00001DB5 DD B6 FB         [19] 5454 	or	a, -5 (ix)
    00001DB8 DD B6 FA         [19] 5455 	or	a, -6 (ix)
    00001DBB CArCAr1E         [10] 5456 	jp	z, 00193$
                                   5457 ;C:\Users\Jummy\Downloads\MSXgl-1.5.0b\engine/src/print.c:1387: if (val & bit)
    00001DBE DD 7E F1         [19] 5458 	ld	a, -15 (ix)
    00001DC1 DD A6 FA         [19] 5459 	and	a, -6 (ix)
    00001DC4 DD 77 ED         [19] 5460 	ld	-19 (ix), a
    00001DC7 DD 7E F2         [19] 5461 	ld	a, -14 (ix)
    00001DCA DD A6 FB         [19] 5462 	and	a, -5 (ix)
    00001DCD DD 77 EE         [19] 5463 	ld	-18 (ix), a
    00001DD0 DD 7E F3         [19] 5464 	ld	a, -13 (ix)
    00001DD3 DD A6 FC         [19] 5465 	and	a, -4 (ix)
    00001DD6 DD 77 EF         [19] 5466 	ld	-17 (ix), a
    00001DD9 DD 7E F4         [19] 5467 	ld	a, -12 (ix)
    00001DDC DD A6 FD         [19] 5468 	and	a, -3 (ix)
    00001DDF DD 77 F0         [19] 5469 	ld	-16 (ix), a
    00001DE2 DD B6 EF         [19] 5470 	or	a, -17 (ix)
    00001DE5 DD B6 EE         [19] 5471 	or	a, -18 (ix)
    00001DE8 DD B6 ED         [19] 5472 	or	a, -19 (ix)
    00001DEB 28 08            [12] 5473 	jr	z, 00143$
                                   5474 ;C:\Users\Jummy\Downloads\MSXgl-1.5.0b\engine/src/print.c:1388: Print_DrawChar('1');
    00001DED 3E 31            [ 7] 5475 	ld	a, #0x31
    00001DEF CDr5Fr15         [17] 5476 	call	_Print_DrawChar
    00001DF2 C3rFAr1D         [10] 5477 	jp	00144$
    00001DF5                       5478 00143$:
                                   5479 ;C:\Users\Jummy\Downloads\MSXgl-1.5.0b\engine/src/print.c:1390: Print_DrawChar('0');
    00001DF5 3E 30            [ 7] 5480 	ld	a, #0x30
    00001DF7 CDr5Fr15         [17] 5481 	call	_Print_DrawChar
    00001DFA                       5482 00144$:
                                   5483 ;C:\Users\Jummy\Downloads\MSXgl-1.5.0b\engine/src/print.c:1391: bit >>= 1;
    00001DFA DD CB FD 3E      [23] 5484 	srl	-3 (ix)
    00001DFE DD CB FC 1E      [23] 5485 	rr	-4 (ix)
    00001E02 DD CB FB 1E      [23] 5486 	rr	-5 (ix)
    00001E06 DD CB FA 1E      [23] 5487 	rr	-6 (ix)
    00001E0A C3rAFr1D         [10] 5488 	jp	00145$
    00001E0D                       5489 00157$:
                                   5490 ;C:\Users\Jummy\Downloads\MSXgl-1.5.0b\engine/src/print.c:1395: else if (*ptr == 'c')
    00001E0D DD 7E FD         [19] 5491 	ld	a, -3 (ix)
    00001E10 D6 63            [ 7] 5492 	sub	a, #0x63
    00001E12 20 17            [12] 5493 	jr	nz, 00154$
                                   5494 ;C:\Users\Jummy\Downloads\MSXgl-1.5.0b\engine/src/print.c:1397: c8 val = (c8)va_arg(args, u16);
    00001E14 DD 4E F5         [19] 5495 	ld	c, -11 (ix)
    00001E17 DD 46 F6         [19] 5496 	ld	b, -10 (ix)
    00001E1A 03               [ 6] 5497 	inc	bc
    00001E1B 03               [ 6] 5498 	inc	bc
    00001E1C DD 71 F5         [19] 5499 	ld	-11 (ix), c
    00001E1F DD 70 F6         [19] 5500 	ld	-10 (ix), b
    00001E22 0B               [ 6] 5501 	dec	bc
    00001E23 0B               [ 6] 5502 	dec	bc
    00001E24 0A               [ 7] 5503 	ld	a, (bc)
                                   5504 ;C:\Users\Jummy\Downloads\MSXgl-1.5.0b\engine/src/print.c:1398: Print_DrawChar(val);
    00001E25 CDr5Fr15         [17] 5505 	call	_Print_DrawChar
    00001E28 C3rCAr1E         [10] 5506 	jp	00193$
    00001E2B                       5507 00154$:
                                   5508 ;C:\Users\Jummy\Downloads\MSXgl-1.5.0b\engine/src/print.c:1400: else if (*ptr == 's')
    00001E2B DD 7E FD         [19] 5509 	ld	a, -3 (ix)
    00001E2E D6 73            [ 7] 5510 	sub	a, #0x73
    00001E30 20 1A            [12] 5511 	jr	nz, 00151$
                                   5512 ;C:\Users\Jummy\Downloads\MSXgl-1.5.0b\engine/src/print.c:1402: const c8* val = (const c8*)va_arg(args, const c8*);
    00001E32 DD 6E F5         [19] 5513 	ld	l, -11 (ix)
    00001E35 DD 66 F6         [19] 5514 	ld	h, -10 (ix)
    00001E38 23               [ 6] 5515 	inc	hl
    00001E39 23               [ 6] 5516 	inc	hl
    00001E3A DD 75 F5         [19] 5517 	ld	-11 (ix), l
    00001E3D DD 74 F6         [19] 5518 	ld	-10 (ix), h
    00001E40 2B               [ 6] 5519 	dec	hl
    00001E41 2B               [ 6] 5520 	dec	hl
    00001E42 7E               [ 7] 5521 	ld	a, (hl)
    00001E43 23               [ 6] 5522 	inc	hl
    00001E44 66               [ 7] 5523 	ld	h, (hl)
                                   5524 ;C:\Users\Jummy\Downloads\MSXgl-1.5.0b\engine/src/print.c:1403: Print_DrawText(val);
    00001E45 6F               [ 4] 5525 	ld	l, a
    00001E46 CDrAEr15         [17] 5526 	call	_Print_DrawText
    00001E49 C3rCAr1E         [10] 5527 	jp	00193$
    00001E4C                       5528 00151$:
                                   5529 ;C:\Users\Jummy\Downloads\MSXgl-1.5.0b\engine/src/print.c:1405: else if (*ptr == '%')
    00001E4C DD 7E FD         [19] 5530 	ld	a, -3 (ix)
    00001E4F D6 25            [ 7] 5531 	sub	a, #0x25
    00001E51 20 77            [12] 5532 	jr	nz, 00193$
                                   5533 ;C:\Users\Jummy\Downloads\MSXgl-1.5.0b\engine/src/print.c:1407: Print_DrawChar('%');
    00001E53 3E 25            [ 7] 5534 	ld	a, #0x25
    00001E55 CDr5Fr15         [17] 5535 	call	_Print_DrawChar
    00001E58 C3rCAr1E         [10] 5536 	jp	00193$
    00001E5B                       5537 00192$:
                                   5538 ;C:\Users\Jummy\Downloads\MSXgl-1.5.0b\engine/src/print.c:1411: else if (*ptr == '\t')
    00001E5B DD 7E FD         [19] 5539 	ld	a, -3 (ix)
    00001E5E D6 09            [ 7] 5540 	sub	a, #0x09
    00001E60 20 31            [12] 5541 	jr	nz, 00189$
                                   5542 ;C:\Users\Jummy\Downloads\MSXgl-1.5.0b\engine/src/print.h:492: PRINT_DATA.CursorX += PRINT_W(PRINT_DATA.UnitX) + PRINT_DATA.TabSize - 1;
    00001E62 ED 4Br05r00      [20] 5543 	ld	bc, (#(_g_PrintData + 5) + 0)
    00001E66 21r02r00         [10] 5544 	ld	hl, #(_g_PrintData + 2)
    00001E69 5E               [ 7] 5545 	ld	e, (hl)
    00001E6A 16 00            [ 7] 5546 	ld	d, #0x00
    00001E6C 21r04r00         [10] 5547 	ld	hl, #(_g_PrintData + 4)
    00001E6F 6E               [ 7] 5548 	ld	l, (hl)
    00001E70 26 00            [ 7] 5549 	ld	h, #0x00
    00001E72 19               [11] 5550 	add	hl, de
    00001E73 2B               [ 6] 5551 	dec	hl
    00001E74 09               [11] 5552 	add	hl, bc
    00001E75 EB               [ 4] 5553 	ex	de, hl
    00001E76 ED 53r05r00      [20] 5554 	ld	((_g_PrintData + 5)), de
                                   5555 ;C:\Users\Jummy\Downloads\MSXgl-1.5.0b\engine/src/print.h:493: PRINT_DATA.CursorX &= ~(PRINT_DATA.TabSize - 1);
    00001E7A 21r04r00         [10] 5556 	ld	hl, #(_g_PrintData + 4)
    00001E7D 4E               [ 7] 5557 	ld	c, (hl)
    00001E7E 06 00            [ 7] 5558 	ld	b, #0x00
    00001E80 0B               [ 6] 5559 	dec	bc
    00001E81 79               [ 4] 5560 	ld	a, c
    00001E82 2F               [ 4] 5561 	cpl
    00001E83 4F               [ 4] 5562 	ld	c, a
    00001E84 78               [ 4] 5563 	ld	a, b
    00001E85 2F               [ 4] 5564 	cpl
    00001E86 47               [ 4] 5565 	ld	b, a
    00001E87 7B               [ 4] 5566 	ld	a, e
    00001E88 A1               [ 4] 5567 	and	a, c
    00001E89 6F               [ 4] 5568 	ld	l, a
    00001E8A 7A               [ 4] 5569 	ld	a, d
    00001E8B A0               [ 4] 5570 	and	a, b
    00001E8C 67               [ 4] 5571 	ld	h, a
    00001E8D 22r05r00         [16] 5572 	ld	((_g_PrintData + 5)), hl
                                   5573 ;C:\Users\Jummy\Downloads\MSXgl-1.5.0b\engine/src/print.c:1412: Print_Tab();
    00001E90 C3rCAr1E         [10] 5574 	jp	00193$
    00001E93                       5575 00189$:
                                   5576 ;C:\Users\Jummy\Downloads\MSXgl-1.5.0b\engine/src/print.c:1413: else if (*ptr == '\n')
    00001E93 DD 7E FD         [19] 5577 	ld	a, -3 (ix)
    00001E96 D6 0A            [ 7] 5578 	sub	a, #0x0a
    00001E98 20 12            [12] 5579 	jr	nz, 00186$
                                   5580 ;C:\Users\Jummy\Downloads\MSXgl-1.5.0b\engine/src/print.h:500: PRINT_DATA.CursorX = 0;
    00001E9A 21 00 00         [10] 5581 	ld	hl, #0x0000
    00001E9D 22r05r00         [16] 5582 	ld	((_g_PrintData + 5)), hl
                                   5583 ;C:\Users\Jummy\Downloads\MSXgl-1.5.0b\engine/src/print.h:501: PRINT_DATA.CursorY += PRINT_H(PRINT_DATA.UnitY);
    00001EA0 01r07r00         [10] 5584 	ld	bc, #_g_PrintData + 7
    00001EA3 0A               [ 7] 5585 	ld	a, (bc)
    00001EA4 21r03r00         [10] 5586 	ld	hl, #_g_PrintData + 3
    00001EA7 86               [ 7] 5587 	add	a, (hl)
    00001EA8 02               [ 7] 5588 	ld	(bc), a
                                   5589 ;C:\Users\Jummy\Downloads\MSXgl-1.5.0b\engine/src/print.c:1414: Print_Return();
    00001EA9 C3rCAr1E         [10] 5590 	jp	00193$
    00001EAC                       5591 00186$:
                                   5592 ;C:\Users\Jummy\Downloads\MSXgl-1.5.0b\engine/src/print.c:1416: else if (*ptr == ' ')
    00001EAC DD 7E FD         [19] 5593 	ld	a, -3 (ix)
    00001EAF D6 20            [ 7] 5594 	sub	a, #0x20
    00001EB1 20 11            [12] 5595 	jr	nz, 00183$
                                   5596 ;C:\Users\Jummy\Downloads\MSXgl-1.5.0b\engine/src/print.h:486: inline void Print_Space() { PRINT_DATA.CursorX += PRINT_W(PRINT_DATA.UnitX); }
    00001EB3 ED 4Br05r00      [20] 5597 	ld	bc, (#(_g_PrintData + 5) + 0)
    00001EB7 21r02r00         [10] 5598 	ld	hl, #(_g_PrintData + 2)
    00001EBA 6E               [ 7] 5599 	ld	l, (hl)
    00001EBB 26 00            [ 7] 5600 	ld	h, #0x00
    00001EBD 09               [11] 5601 	add	hl, bc
    00001EBE 22r05r00         [16] 5602 	ld	((_g_PrintData + 5)), hl
                                   5603 ;C:\Users\Jummy\Downloads\MSXgl-1.5.0b\engine/src/print.c:1417: Print_Space();
    00001EC1 C3rCAr1E         [10] 5604 	jp	00193$
    00001EC4                       5605 00183$:
                                   5606 ;C:\Users\Jummy\Downloads\MSXgl-1.5.0b\engine/src/print.c:1420: Print_DrawChar(*ptr);
    00001EC4 DD 7E FD         [19] 5607 	ld	a, -3 (ix)
    00001EC7 CDr5Fr15         [17] 5608 	call	_Print_DrawChar
    00001ECA                       5609 00193$:
                                   5610 ;C:\Users\Jummy\Downloads\MSXgl-1.5.0b\engine/src/print.c:1422: ptr++;
    00001ECA DD 34 FE         [23] 5611 	inc	-2 (ix)
    00001ECD C2rC2r17         [10] 5612 	jp	nz, 00194$
    00001ED0 DD 34 FF         [23] 5613 	inc	-1 (ix)
    00001ED3 C3rC2r17         [10] 5614 	jp	00194$
                                   5615 ;C:\Users\Jummy\Downloads\MSXgl-1.5.0b\engine/src/print.c:1425: va_end(args);
    00001ED6                       5616 00200$:
                                   5617 ;C:\Users\Jummy\Downloads\MSXgl-1.5.0b\engine/src/print.c:1426: }
    00001ED6 DD F9            [10] 5618 	ld	sp, ix
    00001ED8 DD E1            [14] 5619 	pop	ix
    00001EDA C9               [10] 5620 	ret
                                   5621 ;C:\Users\Jummy\Downloads\MSXgl-1.5.0b\engine/src/print.c:1436: void Print_DrawLineH(UX x, UY y, u8 len)
                                   5622 ;	---------------------------------
                                   5623 ; Function Print_DrawLineH
                                   5624 ; ---------------------------------
    00001EDB                       5625 _Print_DrawLineH::
    00001EDB DD E5            [15] 5626 	push	ix
    00001EDD DD 21 00 00      [14] 5627 	ld	ix,	#0
    00001EE1 DD 39            [15] 5628 	add	ix, sp
                                   5629 ;C:\Users\Jummy\Downloads\MSXgl-1.5.0b\engine/src/print.c:1438: Print_SetPosition(x, y);
    00001EE3 DD 4E 04         [19] 5630 	ld	c, 4 (ix)
                                   5631 ;C:\Users\Jummy\Downloads\MSXgl-1.5.0b\engine/src/print.h:268: PRINT_DATA.CursorX = x;
    00001EE6 22r05r00         [16] 5632 	ld	((_g_PrintData + 5)), hl
                                   5633 ;C:\Users\Jummy\Downloads\MSXgl-1.5.0b\engine/src/print.h:269: PRINT_DATA.CursorY = y;
    00001EE9 21r07r00         [10] 5634 	ld	hl, #(_g_PrintData + 7)
    00001EEC 71               [ 7] 5635 	ld	(hl), c
                                   5636 ;C:\Users\Jummy\Downloads\MSXgl-1.5.0b\engine/src/print.c:1439: Print_DrawCharX(0x17, len);
    00001EED DD 6E 05         [19] 5637 	ld	l, 5 (ix)
    00001EF0 3E 17            [ 7] 5638 	ld	a, #0x17
    00001EF2 CDr9Cr15         [17] 5639 	call	_Print_DrawCharX
                                   5640 ;C:\Users\Jummy\Downloads\MSXgl-1.5.0b\engine/src/print.c:1440: }
    00001EF5 DD E1            [14] 5641 	pop	ix
    00001EF7 E1               [10] 5642 	pop	hl
    00001EF8 F1               [10] 5643 	pop	af
    00001EF9 E9               [ 4] 5644 	jp	(hl)
                                   5645 ;C:\Users\Jummy\Downloads\MSXgl-1.5.0b\engine/src/print.c:1444: void Print_DrawLineV(UX x, UY y, u8 len)
                                   5646 ;	---------------------------------
                                   5647 ; Function Print_DrawLineV
                                   5648 ; ---------------------------------
    00001EFA                       5649 _Print_DrawLineV::
    00001EFA DD E5            [15] 5650 	push	ix
    00001EFC DD 21 00 00      [14] 5651 	ld	ix,	#0
    00001F00 DD 39            [15] 5652 	add	ix, sp
                                   5653 ;C:\Users\Jummy\Downloads\MSXgl-1.5.0b\engine/src/print.c:1446: for (u8 i = 0; i < len; i++)
    00001F02 0E 00            [ 7] 5654 	ld	c, #0x00
    00001F04                       5655 00104$:
    00001F04 79               [ 4] 5656 	ld	a, c
    00001F05 DD 96 05         [19] 5657 	sub	a, 5 (ix)
    00001F08 30 1A            [12] 5658 	jr	nc, 00106$
                                   5659 ;C:\Users\Jummy\Downloads\MSXgl-1.5.0b\engine/src/print.c:1448: Print_SetPosition(x, y + i);
    00001F0A DD 7E 04         [19] 5660 	ld	a, 4 (ix)
    00001F0D 81               [ 4] 5661 	add	a, c
    00001F0E 47               [ 4] 5662 	ld	b, a
                                   5663 ;C:\Users\Jummy\Downloads\MSXgl-1.5.0b\engine/src/print.h:268: PRINT_DATA.CursorX = x;
    00001F0F 22r05r00         [16] 5664 	ld	((_g_PrintData + 5)), hl
                                   5665 ;C:\Users\Jummy\Downloads\MSXgl-1.5.0b\engine/src/print.h:269: PRINT_DATA.CursorY = y;
    00001F12 11r07r00         [10] 5666 	ld	de, #_g_PrintData + 7
    00001F15 78               [ 4] 5667 	ld	a, b
    00001F16 12               [ 7] 5668 	ld	(de), a
                                   5669 ;C:\Users\Jummy\Downloads\MSXgl-1.5.0b\engine/src/print.c:1449: Print_DrawChar(0x16);
    00001F17 E5               [11] 5670 	push	hl
    00001F18 C5               [11] 5671 	push	bc
    00001F19 3E 16            [ 7] 5672 	ld	a, #0x16
    00001F1B CDr5Fr15         [17] 5673 	call	_Print_DrawChar
    00001F1E C1               [10] 5674 	pop	bc
    00001F1F E1               [10] 5675 	pop	hl
                                   5676 ;C:\Users\Jummy\Downloads\MSXgl-1.5.0b\engine/src/print.c:1446: for (u8 i = 0; i < len; i++)
    00001F20 0C               [ 4] 5677 	inc	c
    00001F21 C3r04r1F         [10] 5678 	jp	00104$
    00001F24                       5679 00106$:
                                   5680 ;C:\Users\Jummy\Downloads\MSXgl-1.5.0b\engine/src/print.c:1451: }
    00001F24 DD E1            [14] 5681 	pop	ix
    00001F26 E1               [10] 5682 	pop	hl
    00001F27 F1               [10] 5683 	pop	af
    00001F28 E9               [ 4] 5684 	jp	(hl)
                                   5685 ;C:\Users\Jummy\Downloads\MSXgl-1.5.0b\engine/src/print.c:1455: void Print_DrawBox(UX x, UY y, u8 width, u8 height)
                                   5686 ;	---------------------------------
                                   5687 ; Function Print_DrawBox
                                   5688 ; ---------------------------------
    00001F29                       5689 _Print_DrawBox::
    00001F29 DD E5            [15] 5690 	push	ix
    00001F2B DD 21 00 00      [14] 5691 	ld	ix,	#0
    00001F2F DD 39            [15] 5692 	add	ix, sp
    00001F31 F5               [11] 5693 	push	af
    00001F32 3B               [ 6] 5694 	dec	sp
    00001F33 EB               [ 4] 5695 	ex	de, hl
                                   5696 ;C:\Users\Jummy\Downloads\MSXgl-1.5.0b\engine/src/print.c:1458: Print_SetPosition(x, y);
                                   5697 ;C:\Users\Jummy\Downloads\MSXgl-1.5.0b\engine/src/print.h:268: PRINT_DATA.CursorX = x;
    00001F34 ED 53r05r00      [20] 5698 	ld	((_g_PrintData + 5)), de
                                   5699 ;C:\Users\Jummy\Downloads\MSXgl-1.5.0b\engine/src/print.h:269: PRINT_DATA.CursorY = y;
    00001F38 21r07r00         [10] 5700 	ld	hl, #(_g_PrintData + 7)
    00001F3B DD 7E 04         [19] 5701 	ld	a, 4 (ix)
    00001F3E 77               [ 7] 5702 	ld	(hl), a
                                   5703 ;C:\Users\Jummy\Downloads\MSXgl-1.5.0b\engine/src/print.c:1459: Print_DrawChar(0x18);
    00001F3F D5               [11] 5704 	push	de
    00001F40 3E 18            [ 7] 5705 	ld	a, #0x18
    00001F42 CDr5Fr15         [17] 5706 	call	_Print_DrawChar
    00001F45 D1               [10] 5707 	pop	de
                                   5708 ;C:\Users\Jummy\Downloads\MSXgl-1.5.0b\engine/src/print.c:1460: Print_SetPosition(x + width - 1, y);
    00001F46 DD 6E 05         [19] 5709 	ld	l, 5 (ix)
    00001F49 26 00            [ 7] 5710 	ld	h, #0x00
    00001F4B 4B               [ 4] 5711 	ld	c, e
    00001F4C 42               [ 4] 5712 	ld	b, d
    00001F4D 09               [11] 5713 	add	hl, bc
    00001F4E 2B               [ 6] 5714 	dec	hl
    00001F4F E3               [19] 5715 	ex	(sp), hl
    00001F50 E1               [10] 5716 	pop	hl
    00001F51 E5               [11] 5717 	push	hl
                                   5718 ;C:\Users\Jummy\Downloads\MSXgl-1.5.0b\engine/src/print.h:268: PRINT_DATA.CursorX = x;
    00001F52 22r05r00         [16] 5719 	ld	((_g_PrintData + 5)), hl
                                   5720 ;C:\Users\Jummy\Downloads\MSXgl-1.5.0b\engine/src/print.h:269: PRINT_DATA.CursorY = y;
    00001F55 21r07r00         [10] 5721 	ld	hl, #(_g_PrintData + 7)
    00001F58 DD 7E 04         [19] 5722 	ld	a, 4 (ix)
    00001F5B 77               [ 7] 5723 	ld	(hl), a
                                   5724 ;C:\Users\Jummy\Downloads\MSXgl-1.5.0b\engine/src/print.c:1461: Print_DrawChar(0x19);
    00001F5C C5               [11] 5725 	push	bc
    00001F5D D5               [11] 5726 	push	de
    00001F5E 3E 19            [ 7] 5727 	ld	a, #0x19
    00001F60 CDr5Fr15         [17] 5728 	call	_Print_DrawChar
    00001F63 D1               [10] 5729 	pop	de
    00001F64 C1               [10] 5730 	pop	bc
                                   5731 ;C:\Users\Jummy\Downloads\MSXgl-1.5.0b\engine/src/print.c:1462: Print_SetPosition(x, y + height - 1);
    00001F65 DD 7E 04         [19] 5732 	ld	a, 4 (ix)
    00001F68 DD 86 06         [19] 5733 	add	a, 6 (ix)
    00001F6B 3D               [ 4] 5734 	dec	a
    00001F6C DD 77 FF         [19] 5735 	ld	-1 (ix), a
                                   5736 ;C:\Users\Jummy\Downloads\MSXgl-1.5.0b\engine/src/print.h:268: PRINT_DATA.CursorX = x;
    00001F6F ED 53r05r00      [20] 5737 	ld	((_g_PrintData + 5)), de
                                   5738 ;C:\Users\Jummy\Downloads\MSXgl-1.5.0b\engine/src/print.h:269: PRINT_DATA.CursorY = y;
    00001F73 32r07r00         [13] 5739 	ld	(#(_g_PrintData + 7)), a
                                   5740 ;C:\Users\Jummy\Downloads\MSXgl-1.5.0b\engine/src/print.c:1463: Print_DrawChar(0x1A);
    00001F76 C5               [11] 5741 	push	bc
    00001F77 D5               [11] 5742 	push	de
    00001F78 3E 1A            [ 7] 5743 	ld	a, #0x1a
    00001F7A CDr5Fr15         [17] 5744 	call	_Print_DrawChar
    00001F7D D1               [10] 5745 	pop	de
    00001F7E C1               [10] 5746 	pop	bc
                                   5747 ;C:\Users\Jummy\Downloads\MSXgl-1.5.0b\engine/src/print.h:268: PRINT_DATA.CursorX = x;
    00001F7F 21r05r00         [10] 5748 	ld	hl, #(_g_PrintData + 5)
    00001F82 DD 7E FD         [19] 5749 	ld	a, -3 (ix)
    00001F85 77               [ 7] 5750 	ld	(hl), a
    00001F86 23               [ 6] 5751 	inc	hl
    00001F87 DD 7E FE         [19] 5752 	ld	a, -2 (ix)
    00001F8A 77               [ 7] 5753 	ld	(hl), a
                                   5754 ;C:\Users\Jummy\Downloads\MSXgl-1.5.0b\engine/src/print.h:269: PRINT_DATA.CursorY = y;
    00001F8B 23               [ 6] 5755 	inc	hl
    00001F8C DD 7E FF         [19] 5756 	ld	a, -1 (ix)
    00001F8F 77               [ 7] 5757 	ld	(hl), a
                                   5758 ;C:\Users\Jummy\Downloads\MSXgl-1.5.0b\engine/src/print.c:1465: Print_DrawChar(0x1B);
    00001F90 C5               [11] 5759 	push	bc
    00001F91 D5               [11] 5760 	push	de
    00001F92 3E 1B            [ 7] 5761 	ld	a, #0x1b
    00001F94 CDr5Fr15         [17] 5762 	call	_Print_DrawChar
    00001F97 D1               [10] 5763 	pop	de
    00001F98 C1               [10] 5764 	pop	bc
                                   5765 ;C:\Users\Jummy\Downloads\MSXgl-1.5.0b\engine/src/print.c:1468: Print_DrawLineH(x + 1, y,              width - 2);
    00001F99 DD 6E 05         [19] 5766 	ld	l, 5 (ix)
    00001F9C 2D               [ 4] 5767 	dec	l
    00001F9D 2D               [ 4] 5768 	dec	l
    00001F9E 03               [ 6] 5769 	inc	bc
    00001F9F 60               [ 4] 5770 	ld	h, b
    00001FA0 E5               [11] 5771 	push	hl
    00001FA1 C5               [11] 5772 	push	bc
    00001FA2 D5               [11] 5773 	push	de
    00001FA3 55               [ 4] 5774 	ld	d, l
    00001FA4 DD 5E 04         [19] 5775 	ld	e, 4 (ix)
    00001FA7 D5               [11] 5776 	push	de
    00001FA8 69               [ 4] 5777 	ld	l, c
    00001FA9 CDrDBr1E         [17] 5778 	call	_Print_DrawLineH
    00001FAC D1               [10] 5779 	pop	de
    00001FAD C1               [10] 5780 	pop	bc
    00001FAE E1               [10] 5781 	pop	hl
                                   5782 ;C:\Users\Jummy\Downloads\MSXgl-1.5.0b\engine/src/print.c:1469: Print_DrawLineH(x + 1, y + height - 1, width - 2);
    00001FAF D5               [11] 5783 	push	de
    00001FB0 55               [ 4] 5784 	ld	d, l
    00001FB1 DD 5E FF         [19] 5785 	ld	e, -1 (ix)
    00001FB4 D5               [11] 5786 	push	de
    00001FB5 69               [ 4] 5787 	ld	l, c
    00001FB6 CDrDBr1E         [17] 5788 	call	_Print_DrawLineH
    00001FB9 D1               [10] 5789 	pop	de
                                   5790 ;C:\Users\Jummy\Downloads\MSXgl-1.5.0b\engine/src/print.c:1472: Print_DrawLineV(x,             y + 1, height - 2);
    00001FBA DD 46 06         [19] 5791 	ld	b, 6 (ix)
    00001FBD 05               [ 4] 5792 	dec	b
    00001FBE 05               [ 4] 5793 	dec	b
    00001FBF DD 4E 04         [19] 5794 	ld	c, 4 (ix)
    00001FC2 0C               [ 4] 5795 	inc	c
    00001FC3 C5               [11] 5796 	push	bc
    00001FC4 C5               [11] 5797 	push	bc
    00001FC5 EB               [ 4] 5798 	ex	de, hl
    00001FC6 CDrFAr1E         [17] 5799 	call	_Print_DrawLineV
                                   5800 ;C:\Users\Jummy\Downloads\MSXgl-1.5.0b\engine/src/print.c:1473: Print_DrawLineV(x + width - 1, y + 1, height - 2);
    00001FC9 DD 6E FD         [19] 5801 	ld	l, -3 (ix)
    00001FCC DD 66 FE         [19] 5802 	ld	h, -2 (ix)
    00001FCF CDrFAr1E         [17] 5803 	call	_Print_DrawLineV
                                   5804 ;C:\Users\Jummy\Downloads\MSXgl-1.5.0b\engine/src/print.c:1474: }
    00001FD2 DD F9            [10] 5805 	ld	sp, ix
    00001FD4 DD E1            [14] 5806 	pop	ix
    00001FD6 E1               [10] 5807 	pop	hl
    00001FD7 F1               [10] 5808 	pop	af
    00001FD8 33               [ 6] 5809 	inc	sp
    00001FD9 E9               [ 4] 5810 	jp	(hl)
                                   5811 	.area _CODE
                                   5812 	.area _INITIALIZER
    00000000                       5813 __xinit__g_PrintInvalid:
    00000000 FF                    5814 	.db #0xff	; 255
    00000001 81                    5815 	.db #0x81	; 129
    00000002 81                    5816 	.db #0x81	; 129
    00000003 81                    5817 	.db #0x81	; 129
    00000004 81                    5818 	.db #0x81	; 129
    00000005 81                    5819 	.db #0x81	; 129
    00000006 81                    5820 	.db #0x81	; 129
    00000007 FF                    5821 	.db #0xff	; 255
                                   5822 	.area _CABS (ABS)
