                                      1 ;--------------------------------------------------------
                                      2 ; File Created by SDCC : free open source ISO C Compiler
                                      3 ; Version 4.6.0 #16555 (MINGW64)
                                      4 ;--------------------------------------------------------
                                      5 	.module vdp
                                      6 	
                                      7 	.optsdcc -mz80 sdcccall(1)
                                      8 ;--------------------------------------------------------
                                      9 ; Public variables in this module
                                     10 ;--------------------------------------------------------
                                     11 	.globl _g_VDPInitilized
                                     12 	.globl _DOS_TPAUpperAddr
                                     13 	.globl _g_SpriteColorHigh
                                     14 	.globl _g_SpritePatternHigh
                                     15 	.globl _g_SpriteAttributeHigh
                                     16 	.globl _g_ScreenPatternHigh
                                     17 	.globl _g_ScreenColorHigh
                                     18 	.globl _g_ScreenLayoutHigh
                                     19 	.globl _g_SpriteColorLow
                                     20 	.globl _g_SpritePatternLow
                                     21 	.globl _g_SpriteAttributeLow
                                     22 	.globl _g_ScreenPatternLow
                                     23 	.globl _g_ScreenColorLow
                                     24 	.globl _g_ScreenLayoutLow
                                     25 	.globl _g_VDP_Sprite
                                     26 	.globl _g_VDP_Command
                                     27 	.globl _g_VDP_Data
                                     28 	.globl _g_VDP_REGSAV
                                     29 	.globl _g_SLTSL
                                     30 	.globl _g_GRPACY
                                     31 	.globl _g_GRPACX
                                     32 	.globl _g_LOGOPR
                                     33 	.globl _g_CMASK
                                     34 	.globl _g_CLOC
                                     35 	.globl _g_FNKSTR
                                     36 	.globl _g_GETPNT
                                     37 	.globl _g_PUTPNT
                                     38 	.globl _g_ATRBYT
                                     39 	.globl _g_BDRCLR
                                     40 	.globl _g_BAKCLR
                                     41 	.globl _g_FORCLR
                                     42 	.globl _g_CSRX
                                     43 	.globl _g_CSRY
                                     44 	.globl _g_CLIKSW
                                     45 	.globl _g_MLTPAT
                                     46 	.globl _g_MLTATR
                                     47 	.globl _g_MLTCGP
                                     48 	.globl _g_MLTCOL
                                     49 	.globl _g_MLTNAM
                                     50 	.globl _g_GRPPAT
                                     51 	.globl _g_GRPATR
                                     52 	.globl _g_GRPCGP
                                     53 	.globl _g_GRPCOL
                                     54 	.globl _g_GRPNAM
                                     55 	.globl _g_T32PAT
                                     56 	.globl _g_T32ATR
                                     57 	.globl _g_T32CGP
                                     58 	.globl _g_T32COL
                                     59 	.globl _g_T32NAM
                                     60 	.globl _g_TXTPAT
                                     61 	.globl _g_TXTATR
                                     62 	.globl _g_TXTCGP
                                     63 	.globl _g_TXTCOL
                                     64 	.globl _g_TXTNAM
                                     65 	.globl _g_CLMLST
                                     66 	.globl _g_CRTCNT
                                     67 	.globl _g_LINLEN
                                     68 	.globl _g_LINL32
                                     69 	.globl _g_LINL40
                                     70 	.globl _g_VDPBitValue
                                     71 	.globl _g_CHAR_16
                                     72 	.globl _g_MSXMID
                                     73 	.globl _g_MSXVER
                                     74 	.globl _g_ROMVersion
                                     75 	.globl _g_BASRVN
                                     76 	.globl _g_VDP_DW
                                     77 	.globl _g_VDP_DR
                                     78 	.globl _g_CGTABL
                                     79 	.globl _g_SVFFFD
                                     80 	.globl _g_RG27SAV
                                     81 	.globl _g_RG26SAV
                                     82 	.globl _g_RG25SAV
                                     83 	.globl _g_SVFFF8
                                     84 	.globl _g_MINROM
                                     85 	.globl _g_RG23SAV
                                     86 	.globl _g_RG22SAV
                                     87 	.globl _g_RG21SAV
                                     88 	.globl _g_RG20SAV
                                     89 	.globl _g_RG19SAV
                                     90 	.globl _g_RG18SAV
                                     91 	.globl _g_RG17SAV
                                     92 	.globl _g_RG16SAV
                                     93 	.globl _g_RG15SAV
                                     94 	.globl _g_RG14SAV
                                     95 	.globl _g_RG13SAV
                                     96 	.globl _g_RG12SAV
                                     97 	.globl _g_RG11SAV
                                     98 	.globl _g_RG10SAV
                                     99 	.globl _g_RG09SAV
                                    100 	.globl _g_RG08SAV
                                    101 	.globl _g_PROCNM
                                    102 	.globl _g_SLTWRK
                                    103 	.globl _g_SLTATR
                                    104 	.globl _g_SLTTBL
                                    105 	.globl _g_EXPTBL
                                    106 	.globl _g_MNROM
                                    107 	.globl _g_DRWANG
                                    108 	.globl _g_DRWSCL
                                    109 	.globl _g_DRWFLG
                                    110 	.globl _g_GYPOS
                                    111 	.globl _g_GXPOS
                                    112 	.globl _g_BRDATR
                                    113 	.globl _g_CASPRV
                                    114 	.globl _g_OLDSCR
                                    115 	.globl _g_SCRMOD
                                    116 	.globl _g_FLBMEM
                                    117 	.globl _g_KANAMD
                                    118 	.globl _g_KANAST
                                    119 	.globl _g_CAPST
                                    120 	.globl _g_CSTYLE
                                    121 	.globl _g_CSRSW
                                    122 	.globl _g_INSFLG
                                    123 	.globl _g_ESCCNT
                                    124 	.globl _g_GRPHED
                                    125 	.globl _g_WINWID
                                    126 	.globl _g_LOWLIM
                                    127 	.globl _g_INTCNT
                                    128 	.globl _g_INTVAL
                                    129 	.globl _g_JIFFY
                                    130 	.globl _g_PADX
                                    131 	.globl _g_PADY
                                    132 	.globl _g_INTFLG
                                    133 	.globl _g_RTYCNT
                                    134 	.globl _g_TRPTBL
                                    135 	.globl _g_HIMEM
                                    136 	.globl _g_BOTTOM
                                    137 	.globl _g_PATWRK
                                    138 	.globl _g_LINWRK
                                    139 	.globl _g_KEYBUF
                                    140 	.globl _g_NEWKEY
                                    141 	.globl _g_OLDKEY
                                    142 	.globl _g_CLIKFL
                                    143 	.globl _g_ONGSBF
                                    144 	.globl _g_FNKFLG
                                    145 	.globl _g_FNKSWI
                                    146 	.globl _g_CODSAV
                                    147 	.globl _g_FSTPOS
                                    148 	.globl _g_LINTTB
                                    149 	.globl _g_BASROM
                                    150 	.globl _g_ENSTOP
                                    151 	.globl _g_VCBC
                                    152 	.globl _g_VCBB
                                    153 	.globl _g_VCBA
                                    154 	.globl _g_PLYCNT
                                    155 	.globl _g_MUSICF
                                    156 	.globl _g_QUEUEN
                                    157 	.globl _g_MCLPTR
                                    158 	.globl _g_MCLLEN
                                    159 	.globl _g_SAVVOL
                                    160 	.globl _g_VOICEN
                                    161 	.globl _g_SAVSP
                                    162 	.globl _g_PRSCNT
                                    163 	.globl _g_LSTMOD
                                    164 	.globl _g_LSTCOM
                                    165 	.globl _g_COMMSK
                                    166 	.globl _g_ESTBLS
                                    167 	.globl _g_FLAGS
                                    168 	.globl _g_ERRORS
                                    169 	.globl _g_DATCNT
                                    170 	.globl _g_DEVNUM
                                    171 	.globl _g_OLDINT
                                    172 	.globl _g_OLDSTT
                                    173 	.globl _g_MEXBIh
                                    174 	.globl _g_RSIQLN
                                    175 	.globl _g_RSFCB
                                    176 	.globl _g_TOCNT
                                    177 	.globl _g_RSTMP
                                    178 	.globl _g_YSAVE
                                    179 	.globl _g_XSAVE
                                    180 	.globl _g_NORUSE
                                    181 	.globl _g_MODE
                                    182 	.globl _g_ROMA
                                    183 	.globl _g_CHRCNT
                                    184 	.globl _g_EXBRSA
                                    185 	.globl _g_AVCSAV
                                    186 	.globl _g_ACPAGE
                                    187 	.globl _g_DPPAGE
                                    188 	.globl _g_RS2IQ
                                    189 	.globl _g_VOICCQ
                                    190 	.globl _g_VOICBQ
                                    191 	.globl _g_VOICAQ
                                    192 	.globl _g_QUEBAK
                                    193 	.globl _g_QUETAB
                                    194 	.globl _g_ASPCT2
                                    195 	.globl _g_ASPCT1
                                    196 	.globl _g_HEADER
                                    197 	.globl _g_HIGH
                                    198 	.globl _g_LOW
                                    199 	.globl _g_CS240
                                    200 	.globl _g_CS120
                                    201 	.globl _g_REPCNT
                                    202 	.globl _g_SCNCNT
                                    203 	.globl _g_FRCNEW
                                    204 	.globl _g_QUEUES
                                    205 	.globl _g_MINUPD
                                    206 	.globl _g_MAXUPD
                                    207 	.globl _g_TRGFLG
                                    208 	.globl _g_STATFL
                                    209 	.globl _g_RG7SAV
                                    210 	.globl _g_RG6SAV
                                    211 	.globl _g_RG5SAV
                                    212 	.globl _g_RG4SAV
                                    213 	.globl _g_RG3SAV
                                    214 	.globl _g_RG2SAV
                                    215 	.globl _g_RG1SAV
                                    216 	.globl _g_RG0SAV
                                    217 	.globl _g_CNSDFG
                                    218 	.globl _g_USRTAB
                                    219 	.globl _g_CLPRIM
                                    220 	.globl _g_WRPRIM
                                    221 	.globl _g_RDPRIM
                                    222 	.globl _VDP_SetModeFlag
                                    223 	.globl _VDP_SetModeText1
                                    224 	.globl _VDP_SetModeMultiColor
                                    225 	.globl _VDP_SetModeGraphic1
                                    226 	.globl _VDP_SetModeGraphic2
                                    227 	.globl _VDP_ClearVRAM
                                    228 	.globl _VDP_WriteVRAM_16K
                                    229 	.globl _VDP_FillVRAM_16K
                                    230 	.globl _VDP_ReadVRAM_16K
                                    231 	.globl _VDP_Peek_16K
                                    232 	.globl _VDP_Poke_16K
                                    233 	.globl _VDP_SetModeText2
                                    234 	.globl _VDP_SetModeGraphic3
                                    235 	.globl _VDP_SetModeGraphic4
                                    236 	.globl _VDP_SetModeGraphic5
                                    237 	.globl _VDP_SetModeGraphic6
                                    238 	.globl _VDP_SetModeGraphic7
                                    239 	.globl _VDP_ReadStatus
                                    240 	.globl _VDP_SetAdjustOffset
                                    241 	.globl _VDP_SetPalette
                                    242 	.globl _VDP_SetPaletteEntry
                                    243 	.globl _VDP_WriteVRAM_128K
                                    244 	.globl _VDP_FillVRAM_128K
                                    245 	.globl _VDP_ReadVRAM_128K
                                    246 	.globl _VDP_Poke_128K
                                    247 	.globl _VDP_Peek_128K
                                    248 	.globl _VDP_CommandWait
                                    249 	.globl _VDP_CommandSetupR32
                                    250 	.globl _VDP_CommandSetupR36
                                    251 	.globl _VDP_CommandWriteLoop
                                    252 	.globl _VDP_Initialize
                                    253 	.globl _VDP_SetMode
                                    254 	.globl _VDP_GetVersion
                                    255 	.globl _VDP_RegWrite
                                    256 	.globl _VDP_RegWriteBak
                                    257 	.globl _VDP_RegWriteBakMask
                                    258 	.globl _VDP_ReadDefaultStatus
                                    259 	.globl _VDP_SetPage
                                    260 	.globl _VDP_SetLayoutTable
                                    261 	.globl _VDP_SetColorTable
                                    262 	.globl _VDP_SetPatternTable
                                    263 	.globl _VDP_SetSpriteAttributeTable
                                    264 	.globl _VDP_SetSpritePatternTable
                                    265 	.globl _VDP_LoadSpritePattern
                                    266 	.globl _VDP_SetSpriteSM1
                                    267 	.globl _VDP_SetSprite
                                    268 	.globl _VDP_SetSpriteExMultiColor
                                    269 	.globl _VDP_SetSpriteExUniColor
                                    270 	.globl _VDP_SetSpritePosition
                                    271 	.globl _VDP_SetSpritePositionX
                                    272 	.globl _VDP_SetSpritePositionY
                                    273 	.globl _VDP_SetSpritePattern
                                    274 	.globl _VDP_SetSpriteColorSM1
                                    275 	.globl _VDP_SetSpriteUniColor
                                    276 	.globl _VDP_SetSpriteMultiColor
                                    277 	.globl _VDP_SetSpriteData
                                    278 	.globl _VDP_DisableSpritesFrom
                                    279 	.globl _VDP_SetBlinkTile
                                    280 	.globl _VDP_LoadPattern_GM2
                                    281 	.globl _VDP_LoadColor_GM2
                                    282 	.globl _VDP_WriteLayout_GM2
                                    283 	.globl _VDP_FillLayout_GM2
                                    284 ;--------------------------------------------------------
                                    285 ; special function registers
                                    286 ;--------------------------------------------------------
                         000000A0   287 _g_PSG_RegPort	=	0x00a0
                         000000A1   288 _g_PSG_DataPort	=	0x00a1
                         000000A2   289 _g_PSG_StatPort	=	0x00a2
                         00000010   290 _g_PSG_Ext_RegPort	=	0x0010
                         00000011   291 _g_PSG_Ext_DataPort	=	0x0011
                         00000012   292 _g_PSG_Ext_StatPort	=	0x0012
                         00000090   293 _g_Printer_ControlPort	=	0x0090
                         00000091   294 _g_Printer_DataPort	=	0x0091
                         0000007C   295 _g_MSXMusic_IndexPort	=	0x007c
                         0000007D   296 _g_MSXMusic_DataPort	=	0x007d
                         00000098   297 _g_VDP_DataPort	=	0x0098
                         00000099   298 _g_VDP_RegPort	=	0x0099
                         00000099   299 _g_VDP_AddrPort	=	0x0099
                         00000099   300 _g_VDP_StatPort	=	0x0099
                         0000009A   301 _g_VDP_PalPort	=	0x009a
                         0000009B   302 _g_VDP_IRegPort	=	0x009b
                         000000A8   303 _g_PortPrimarySlot	=	0x00a8
                         000000A9   304 _g_PortReadKeyboard	=	0x00a9
                         000000AA   305 _g_PortAccessKeyboard	=	0x00aa
                         000000AB   306 _g_PortControl	=	0x00ab
                         000000B4   307 _g_RTC_AddrPort	=	0x00b4
                         000000B5   308 _g_RTC_DataPort	=	0x00b5
                         000000C0   309 _g_MSXAudio_IndexPort	=	0x00c0
                         000000C1   310 _g_MSXAudio_DataPort	=	0x00c1
                         000000C2   311 _g_MSXAudio_IndexPort2	=	0x00c2
                         000000C3   312 _g_MSXAudio_DataPort2	=	0x00c3
                         000000D8   313 _g_Kanji_Level1LowPort	=	0x00d8
                         000000D9   314 _g_Kanji_Level1HighPort	=	0x00d9
                         000000DA   315 _g_Kanji_Level2LowPort	=	0x00da
                         000000DB   316 _g_Kanji_Level2HighPort	=	0x00db
                                    317 ;--------------------------------------------------------
                                    318 ; ram data
                                    319 ;--------------------------------------------------------
                                    320 	.area _DATA
                         0000F3AE   321 _g_LINL40	=	0xf3ae
                         0000F3AF   322 _g_LINL32	=	0xf3af
                         0000F3B0   323 _g_LINLEN	=	0xf3b0
                         0000F3B1   324 _g_CRTCNT	=	0xf3b1
                         0000F3B2   325 _g_CLMLST	=	0xf3b2
                         0000F3B3   326 _g_TXTNAM	=	0xf3b3
                         0000F3B5   327 _g_TXTCOL	=	0xf3b5
                         0000F3B7   328 _g_TXTCGP	=	0xf3b7
                         0000F3B9   329 _g_TXTATR	=	0xf3b9
                         0000F3BB   330 _g_TXTPAT	=	0xf3bb
                         0000F3BD   331 _g_T32NAM	=	0xf3bd
                         0000F3BF   332 _g_T32COL	=	0xf3bf
                         0000F3C1   333 _g_T32CGP	=	0xf3c1
                         0000F3C3   334 _g_T32ATR	=	0xf3c3
                         0000F3C5   335 _g_T32PAT	=	0xf3c5
                         0000F3C7   336 _g_GRPNAM	=	0xf3c7
                         0000F3C9   337 _g_GRPCOL	=	0xf3c9
                         0000F3CB   338 _g_GRPCGP	=	0xf3cb
                         0000F3CD   339 _g_GRPATR	=	0xf3cd
                         0000F3CF   340 _g_GRPPAT	=	0xf3cf
                         0000F3D1   341 _g_MLTNAM	=	0xf3d1
                         0000F3D3   342 _g_MLTCOL	=	0xf3d3
                         0000F3D5   343 _g_MLTCGP	=	0xf3d5
                         0000F3D7   344 _g_MLTATR	=	0xf3d7
                         0000F3D9   345 _g_MLTPAT	=	0xf3d9
                         0000F3DB   346 _g_CLIKSW	=	0xf3db
                         0000F3DC   347 _g_CSRY	=	0xf3dc
                         0000F3DD   348 _g_CSRX	=	0xf3dd
                         0000F3E9   349 _g_FORCLR	=	0xf3e9
                         0000F3EA   350 _g_BAKCLR	=	0xf3ea
                         0000F3EB   351 _g_BDRCLR	=	0xf3eb
                         0000F3F2   352 _g_ATRBYT	=	0xf3f2
                         0000F3F8   353 _g_PUTPNT	=	0xf3f8
                         0000F3FA   354 _g_GETPNT	=	0xf3fa
                         0000F87F   355 _g_FNKSTR	=	0xf87f
                         0000F92A   356 _g_CLOC	=	0xf92a
                         0000F92C   357 _g_CMASK	=	0xf92c
                         0000FB02   358 _g_LOGOPR	=	0xfb02
                         0000FCB7   359 _g_GRPACX	=	0xfcb7
                         0000FCB9   360 _g_GRPACY	=	0xfcb9
                         0000FFFF   361 _g_SLTSL	=	0xffff
    00000000                        362 _g_VDP_REGSAV::
    00000000                        363 	.ds 28
    0000001C                        364 _g_VDP_Data::
    0000001C                        365 	.ds 2
    0000001E                        366 _g_VDP_Command::
    0000001E                        367 	.ds 15
    0000002D                        368 _g_VDP_Sprite::
    0000002D                        369 	.ds 4
    00000031                        370 _g_ScreenLayoutLow::
    00000031                        371 	.ds 2
    00000033                        372 _g_ScreenColorLow::
    00000033                        373 	.ds 2
    00000035                        374 _g_ScreenPatternLow::
    00000035                        375 	.ds 2
    00000037                        376 _g_SpriteAttributeLow::
    00000037                        377 	.ds 2
    00000039                        378 _g_SpritePatternLow::
    00000039                        379 	.ds 2
    0000003B                        380 _g_SpriteColorLow::
    0000003B                        381 	.ds 2
    0000003D                        382 _g_ScreenLayoutHigh::
    0000003D                        383 	.ds 1
    0000003E                        384 _g_ScreenColorHigh::
    0000003E                        385 	.ds 1
    0000003F                        386 _g_ScreenPatternHigh::
    0000003F                        387 	.ds 1
    00000040                        388 _g_SpriteAttributeHigh::
    00000040                        389 	.ds 1
    00000041                        390 _g_SpritePatternHigh::
    00000041                        391 	.ds 1
    00000042                        392 _g_SpriteColorHigh::
    00000042                        393 	.ds 1
                         00000006   394 _DOS_TPAUpperAddr	=	0x0006
                                    395 ;--------------------------------------------------------
                                    396 ; ram data
                                    397 ;--------------------------------------------------------
                                    398 	.area _INITIALIZED
    00000000                        399 _g_VDPInitilized::
    00000000                        400 	.ds 1
                                    401 ;--------------------------------------------------------
                                    402 ; absolute ram data
                                    403 ;--------------------------------------------------------
                                    404 	.area _DABS (ABS)
                                    405 	.area _DABS (ABS)
                                    406 ;--------------------------------------------------------
                                    407 ; global & static initialisations
                                    408 ;--------------------------------------------------------
                                    409 	.area _HOME
                                    410 	.area _GSINIT
                                    411 	.area _GSFINAL
                                    412 	.area _GSINIT
                                    413 ;--------------------------------------------------------
                                    414 ; Home
                                    415 ;--------------------------------------------------------
                                    416 	.area _HOME
                                    417 	.area _HOME
                                    418 ;--------------------------------------------------------
                                    419 ; code
                                    420 ;--------------------------------------------------------
                                    421 	.area _CODE
                                    422 ;C:\Users\Jummy\Downloads\MSXgl-1.5.0b\engine/src/vdp.c:166: void VDP_SetModeFlag(u8 flag)
                                    423 ;	---------------------------------
                                    424 ; Function VDP_SetModeFlag
                                    425 ; ---------------------------------
    00000000                        426 _VDP_SetModeFlag::
    00000000 5F               [ 4]  427 	ld	e, a
                                    428 ;C:\Users\Jummy\Downloads\MSXgl-1.5.0b\engine/src/vdp.c:169: u8 reg1 = g_VDP_REGSAV[1];
    00000001 3Ar01r00         [13]  429 	ld	a, (#_g_VDP_REGSAV + 1)
                                    430 ;C:\Users\Jummy\Downloads\MSXgl-1.5.0b\engine/src/vdp.c:170: reg1 &= 0b11100111;
    00000004 E6 E7            [ 7]  431 	and	a, #0xe7
                                    432 ;C:\Users\Jummy\Downloads\MSXgl-1.5.0b\engine/src/vdp.c:171: if (flag & 0b00001)
    00000006 CB 43            [ 8]  433 	bit	0, e
    00000008 28 02            [12]  434 	jr	z, 00102$
                                    435 ;C:\Users\Jummy\Downloads\MSXgl-1.5.0b\engine/src/vdp.c:172: reg1 |= 0b00010000;
    0000000A CB E7            [ 8]  436 	set	4, a
    0000000C                        437 00102$:
                                    438 ;C:\Users\Jummy\Downloads\MSXgl-1.5.0b\engine/src/vdp.c:173: if (flag & 0b00010)
    0000000C CB 4B            [ 8]  439 	bit	1, e
    0000000E 28 02            [12]  440 	jr	z, 00104$
                                    441 ;C:\Users\Jummy\Downloads\MSXgl-1.5.0b\engine/src/vdp.c:174: reg1 |= 0b00001000;
    00000010 CB DF            [ 8]  442 	set	3, a
    00000012                        443 00104$:
                                    444 ;C:\Users\Jummy\Downloads\MSXgl-1.5.0b\engine/src/vdp.c:175: VDP_RegWriteBak(1, reg1);
    00000012 6F               [ 4]  445 	ld	l, a
    00000013 3E 01            [ 7]  446 	ld	a, #0x01
    00000015 CDrE8r05         [17]  447 	call	_VDP_RegWriteBak
                                    448 ;C:\Users\Jummy\Downloads\MSXgl-1.5.0b\engine/src/vdp.c:178: u8 reg0 = g_VDP_REGSAV[0];
    00000018 3Ar00r00         [13]  449 	ld	a, (#_g_VDP_REGSAV + 0)
                                    450 ;C:\Users\Jummy\Downloads\MSXgl-1.5.0b\engine/src/vdp.c:179: reg0 &= 0b11110001;
    0000001B E6 F1            [ 7]  451 	and	a, #0xf1
    0000001D 4F               [ 4]  452 	ld	c, a
                                    453 ;C:\Users\Jummy\Downloads\MSXgl-1.5.0b\engine/src/vdp.c:180: flag >>= 1;
    0000001E 7B               [ 4]  454 	ld	a, e
    0000001F CB 3F            [ 8]  455 	srl	a
                                    456 ;C:\Users\Jummy\Downloads\MSXgl-1.5.0b\engine/src/vdp.c:181: flag &= 0b00001110;
    00000021 E6 0E            [ 7]  457 	and	a, #0x0e
                                    458 ;C:\Users\Jummy\Downloads\MSXgl-1.5.0b\engine/src/vdp.c:182: reg0 |= flag;
    00000023 B1               [ 4]  459 	or	a, c
                                    460 ;C:\Users\Jummy\Downloads\MSXgl-1.5.0b\engine/src/vdp.c:183: VDP_RegWriteBak(0, reg0);
    00000024 6F               [ 4]  461 	ld	l, a
    00000025 AF               [ 4]  462 	xor	a, a
                                    463 ;C:\Users\Jummy\Downloads\MSXgl-1.5.0b\engine/src/vdp.c:184: }
    00000026 C3rE8r05         [10]  464 	jp	_VDP_RegWriteBak
                         0000F380   465 _g_RDPRIM	=	0xf380
                         0000F385   466 _g_WRPRIM	=	0xf385
                         0000F38C   467 _g_CLPRIM	=	0xf38c
                         0000F39A   468 _g_USRTAB	=	0xf39a
                         0000F3DE   469 _g_CNSDFG	=	0xf3de
                         0000F3DF   470 _g_RG0SAV	=	0xf3df
                         0000F3E0   471 _g_RG1SAV	=	0xf3e0
                         0000F3E1   472 _g_RG2SAV	=	0xf3e1
                         0000F3E2   473 _g_RG3SAV	=	0xf3e2
                         0000F3E3   474 _g_RG4SAV	=	0xf3e3
                         0000F3E4   475 _g_RG5SAV	=	0xf3e4
                         0000F3E5   476 _g_RG6SAV	=	0xf3e5
                         0000F3E6   477 _g_RG7SAV	=	0xf3e6
                         0000F3E7   478 _g_STATFL	=	0xf3e7
                         0000F3E8   479 _g_TRGFLG	=	0xf3e8
                         0000F3EC   480 _g_MAXUPD	=	0xf3ec
                         0000F3EF   481 _g_MINUPD	=	0xf3ef
                         0000F3F3   482 _g_QUEUES	=	0xf3f3
                         0000F3F5   483 _g_FRCNEW	=	0xf3f5
                         0000F3F6   484 _g_SCNCNT	=	0xf3f6
                         0000F3F7   485 _g_REPCNT	=	0xf3f7
                         0000F3FC   486 _g_CS120	=	0xf3fc
                         0000F401   487 _g_CS240	=	0xf401
                         0000F406   488 _g_LOW	=	0xf406
                         0000F408   489 _g_HIGH	=	0xf408
                         0000F40A   490 _g_HEADER	=	0xf40a
                         0000F40B   491 _g_ASPCT1	=	0xf40b
                         0000F40D   492 _g_ASPCT2	=	0xf40d
                         0000F959   493 _g_QUETAB	=	0xf959
                         0000F971   494 _g_QUEBAK	=	0xf971
                         0000F975   495 _g_VOICAQ	=	0xf975
                         0000F9F5   496 _g_VOICBQ	=	0xf9f5
                         0000FA75   497 _g_VOICCQ	=	0xfa75
                         0000FAF5   498 _g_RS2IQ	=	0xfaf5
                         0000FAF5   499 _g_DPPAGE	=	0xfaf5
                         0000FAF6   500 _g_ACPAGE	=	0xfaf6
                         0000FAF7   501 _g_AVCSAV	=	0xfaf7
                         0000FAF8   502 _g_EXBRSA	=	0xfaf8
                         0000FAF9   503 _g_CHRCNT	=	0xfaf9
                         0000FAFA   504 _g_ROMA	=	0xfafa
                         0000FAFC   505 _g_MODE	=	0xfafc
                         0000FAFD   506 _g_NORUSE	=	0xfafd
                         0000FAFE   507 _g_XSAVE	=	0xfafe
                         0000FB00   508 _g_YSAVE	=	0xfb00
                         0000FB03   509 _g_RSTMP	=	0xfb03
                         0000FB03   510 _g_TOCNT	=	0xfb03
                         0000FB04   511 _g_RSFCB	=	0xfb04
                         0000FB06   512 _g_RSIQLN	=	0xfb06
                         0000FB07   513 _g_MEXBIh	=	0xfb07
                         0000FB0C   514 _g_OLDSTT	=	0xfb0c
                         0000FB0C   515 _g_OLDINT	=	0xfb0c
                         0000FB16   516 _g_DEVNUM	=	0xfb16
                         0000FB17   517 _g_DATCNT	=	0xfb17
                         0000FB1A   518 _g_ERRORS	=	0xfb1a
                         0000FB1B   519 _g_FLAGS	=	0xfb1b
                         0000FB1C   520 _g_ESTBLS	=	0xfb1c
                         0000FB1D   521 _g_COMMSK	=	0xfb1d
                         0000FB1E   522 _g_LSTCOM	=	0xfb1e
                         0000FB1F   523 _g_LSTMOD	=	0xfb1f
                         0000FB35   524 _g_PRSCNT	=	0xfb35
                         0000FB36   525 _g_SAVSP	=	0xfb36
                         0000FB38   526 _g_VOICEN	=	0xfb38
                         0000FB39   527 _g_SAVVOL	=	0xfb39
                         0000FB3B   528 _g_MCLLEN	=	0xfb3b
                         0000FB3C   529 _g_MCLPTR	=	0xfb3c
                         0000FB3E   530 _g_QUEUEN	=	0xfb3e
                         0000FB3F   531 _g_MUSICF	=	0xfb3f
                         0000FB40   532 _g_PLYCNT	=	0xfb40
                         0000FB41   533 _g_VCBA	=	0xfb41
                         0000FB66   534 _g_VCBB	=	0xfb66
                         0000FB8B   535 _g_VCBC	=	0xfb8b
                         0000FBB0   536 _g_ENSTOP	=	0xfbb0
                         0000FBB1   537 _g_BASROM	=	0xfbb1
                         0000FBB2   538 _g_LINTTB	=	0xfbb2
                         0000FBCA   539 _g_FSTPOS	=	0xfbca
                         0000FBCC   540 _g_CODSAV	=	0xfbcc
                         0000FBCD   541 _g_FNKSWI	=	0xfbcd
                         0000FBCE   542 _g_FNKFLG	=	0xfbce
                         0000FBD8   543 _g_ONGSBF	=	0xfbd8
                         0000FBD9   544 _g_CLIKFL	=	0xfbd9
                         0000FBDA   545 _g_OLDKEY	=	0xfbda
                         0000FBE5   546 _g_NEWKEY	=	0xfbe5
                         0000FBF0   547 _g_KEYBUF	=	0xfbf0
                         0000FC18   548 _g_LINWRK	=	0xfc18
                         0000FC40   549 _g_PATWRK	=	0xfc40
                         0000FC48   550 _g_BOTTOM	=	0xfc48
                         0000FC4A   551 _g_HIMEM	=	0xfc4a
                         0000FC4C   552 _g_TRPTBL	=	0xfc4c
                         0000FC9A   553 _g_RTYCNT	=	0xfc9a
                         0000FC9B   554 _g_INTFLG	=	0xfc9b
                         0000FC9C   555 _g_PADY	=	0xfc9c
                         0000FC9D   556 _g_PADX	=	0xfc9d
                         0000FC9E   557 _g_JIFFY	=	0xfc9e
                         0000FCA0   558 _g_INTVAL	=	0xfca0
                         0000FCA2   559 _g_INTCNT	=	0xfca2
                         0000FCA4   560 _g_LOWLIM	=	0xfca4
                         0000FCA5   561 _g_WINWID	=	0xfca5
                         0000FCA6   562 _g_GRPHED	=	0xfca6
                         0000FCA7   563 _g_ESCCNT	=	0xfca7
                         0000FCA8   564 _g_INSFLG	=	0xfca8
                         0000FCA9   565 _g_CSRSW	=	0xfca9
                         0000FCAA   566 _g_CSTYLE	=	0xfcaa
                         0000FCAB   567 _g_CAPST	=	0xfcab
                         0000FCAC   568 _g_KANAST	=	0xfcac
                         0000FCAD   569 _g_KANAMD	=	0xfcad
                         0000FCAE   570 _g_FLBMEM	=	0xfcae
                         0000FCAF   571 _g_SCRMOD	=	0xfcaf
                         0000FCB0   572 _g_OLDSCR	=	0xfcb0
                         0000FCB1   573 _g_CASPRV	=	0xfcb1
                         0000FCB2   574 _g_BRDATR	=	0xfcb2
                         0000FCB3   575 _g_GXPOS	=	0xfcb3
                         0000FCB5   576 _g_GYPOS	=	0xfcb5
                         0000FCBB   577 _g_DRWFLG	=	0xfcbb
                         0000FCBC   578 _g_DRWSCL	=	0xfcbc
                         0000FCBD   579 _g_DRWANG	=	0xfcbd
                         0000FCC1   580 _g_MNROM	=	0xfcc1
                         0000FCC1   581 _g_EXPTBL	=	0xfcc1
                         0000FCC5   582 _g_SLTTBL	=	0xfcc5
                         0000FCC9   583 _g_SLTATR	=	0xfcc9
                         0000FD09   584 _g_SLTWRK	=	0xfd09
                         0000FD89   585 _g_PROCNM	=	0xfd89
                         0000FFE7   586 _g_RG08SAV	=	0xffe7
                         0000FFE8   587 _g_RG09SAV	=	0xffe8
                         0000FFE9   588 _g_RG10SAV	=	0xffe9
                         0000FFEA   589 _g_RG11SAV	=	0xffea
                         0000FFEB   590 _g_RG12SAV	=	0xffeb
                         0000FFEC   591 _g_RG13SAV	=	0xffec
                         0000FFED   592 _g_RG14SAV	=	0xffed
                         0000FFEE   593 _g_RG15SAV	=	0xffee
                         0000FFEF   594 _g_RG16SAV	=	0xffef
                         0000FFF0   595 _g_RG17SAV	=	0xfff0
                         0000FFF1   596 _g_RG18SAV	=	0xfff1
                         0000FFF2   597 _g_RG19SAV	=	0xfff2
                         0000FFF3   598 _g_RG20SAV	=	0xfff3
                         0000FFF4   599 _g_RG21SAV	=	0xfff4
                         0000FFF5   600 _g_RG22SAV	=	0xfff5
                         0000FFF6   601 _g_RG23SAV	=	0xfff6
                         0000FFF7   602 _g_MINROM	=	0xfff7
                         0000FFF8   603 _g_SVFFF8	=	0xfff8
                         0000FFFA   604 _g_RG25SAV	=	0xfffa
                         0000FFFB   605 _g_RG26SAV	=	0xfffb
                         0000FFFC   606 _g_RG27SAV	=	0xfffc
                         0000FFFD   607 _g_SVFFFD	=	0xfffd
                         00000004   608 _g_CGTABL	=	0x0004
                         00000006   609 _g_VDP_DR	=	0x0006
                         00000007   610 _g_VDP_DW	=	0x0007
                         0000002B   611 _g_BASRVN	=	0x002b
                         0000002B   612 _g_ROMVersion	=	0x002b
                         0000002D   613 _g_MSXVER	=	0x002d
                         0000002E   614 _g_MSXMID	=	0x002e
                         00000034   615 _g_CHAR_16	=	0x0034
                                    616 ;C:\Users\Jummy\Downloads\MSXgl-1.5.0b\engine/src/vdp.c:189: void VDP_SetModeText1()
                                    617 ;	---------------------------------
                                    618 ; Function VDP_SetModeText1
                                    619 ; ---------------------------------
    00000029                        620 _VDP_SetModeText1::
                                    621 ;C:\Users\Jummy\Downloads\MSXgl-1.5.0b\engine/src/vdp.c:191: VDP_SetModeFlag(VDP_T1_MODE);
    00000029 3E 01            [ 7]  622 	ld	a, #0x01
    0000002B CDr00r00         [17]  623 	call	_VDP_SetModeFlag
                                    624 ;C:\Users\Jummy\Downloads\MSXgl-1.5.0b\engine/src/vdp.c:192: VDP_SetLayoutTable(VDP_T1_ADDR_NT);
    0000002E 11 00 00         [10]  625 	ld	de, #0x0000
    00000031 62               [ 4]  626 	ld	h, d
    00000032 6B               [ 4]  627 	ld	l, e
    00000033 CDr2Er06         [17]  628 	call	_VDP_SetLayoutTable
                                    629 ;C:\Users\Jummy\Downloads\MSXgl-1.5.0b\engine/src/vdp.c:193: VDP_SetPatternTable(VDP_T1_ADDR_PT);
    00000036 11 00 08         [10]  630 	ld	de, #0x0800
    00000039 21 00 00         [10]  631 	ld	hl, #0x0000
                                    632 ;C:\Users\Jummy\Downloads\MSXgl-1.5.0b\engine/src/vdp.c:194: }
    0000003C C3r2Er07         [10]  633 	jp	_VDP_SetPatternTable
                                    634 ;C:\Users\Jummy\Downloads\MSXgl-1.5.0b\engine/src/vdp.c:200: void VDP_SetModeMultiColor()
                                    635 ;	---------------------------------
                                    636 ; Function VDP_SetModeMultiColor
                                    637 ; ---------------------------------
    0000003F                        638 _VDP_SetModeMultiColor::
                                    639 ;C:\Users\Jummy\Downloads\MSXgl-1.5.0b\engine/src/vdp.c:202: VDP_SetModeFlag(VDP_MC_MODE);
    0000003F 3E 02            [ 7]  640 	ld	a, #0x02
    00000041 CDr00r00         [17]  641 	call	_VDP_SetModeFlag
                                    642 ;C:\Users\Jummy\Downloads\MSXgl-1.5.0b\engine/src/vdp.c:203: VDP_SetLayoutTable(VDP_MC_ADDR_NT);
    00000044 11 00 08         [10]  643 	ld	de, #0x0800
    00000047 21 00 00         [10]  644 	ld	hl, #0x0000
    0000004A CDr2Er06         [17]  645 	call	_VDP_SetLayoutTable
                                    646 ;C:\Users\Jummy\Downloads\MSXgl-1.5.0b\engine/src/vdp.c:204: VDP_SetPatternTable(VDP_MC_ADDR_PT);
    0000004D 11 00 00         [10]  647 	ld	de, #0x0000
    00000050 62               [ 4]  648 	ld	h, d
    00000051 6B               [ 4]  649 	ld	l, e
    00000052 CDr2Er07         [17]  650 	call	_VDP_SetPatternTable
                                    651 ;C:\Users\Jummy\Downloads\MSXgl-1.5.0b\engine/src/vdp.c:206: VDP_SetSpriteAttributeTable(VDP_MC_ADDR_SAT);
    00000055 11 00 1B         [10]  652 	ld	de, #0x1b00
    00000058 21 00 00         [10]  653 	ld	hl, #0x0000
    0000005B CDr8Br07         [17]  654 	call	_VDP_SetSpriteAttributeTable
                                    655 ;C:\Users\Jummy\Downloads\MSXgl-1.5.0b\engine/src/vdp.c:207: VDP_SetSpritePatternTable(VDP_MC_ADDR_SPT);
    0000005E 11 00 38         [10]  656 	ld	de, #0x3800
    00000061 21 00 00         [10]  657 	ld	hl, #0x0000
                                    658 ;C:\Users\Jummy\Downloads\MSXgl-1.5.0b\engine/src/vdp.c:209: }
    00000064 C3r13r08         [10]  659 	jp	_VDP_SetSpritePatternTable
                                    660 ;C:\Users\Jummy\Downloads\MSXgl-1.5.0b\engine/src/vdp.c:215: void VDP_SetModeGraphic1()
                                    661 ;	---------------------------------
                                    662 ; Function VDP_SetModeGraphic1
                                    663 ; ---------------------------------
    00000067                        664 _VDP_SetModeGraphic1::
                                    665 ;C:\Users\Jummy\Downloads\MSXgl-1.5.0b\engine/src/vdp.c:217: VDP_SetModeFlag(VDP_G1_MODE);
    00000067 AF               [ 4]  666 	xor	a, a
    00000068 CDr00r00         [17]  667 	call	_VDP_SetModeFlag
                                    668 ;C:\Users\Jummy\Downloads\MSXgl-1.5.0b\engine/src/vdp.c:218: VDP_SetLayoutTable(VDP_G1_ADDR_NT);
    0000006B 11 00 18         [10]  669 	ld	de, #0x1800
    0000006E 21 00 00         [10]  670 	ld	hl, #0x0000
    00000071 CDr2Er06         [17]  671 	call	_VDP_SetLayoutTable
                                    672 ;C:\Users\Jummy\Downloads\MSXgl-1.5.0b\engine/src/vdp.c:219: VDP_SetColorTable(VDP_G1_ADDR_CT);
    00000074 11 00 20         [10]  673 	ld	de, #0x2000
    00000077 21 00 00         [10]  674 	ld	hl, #0x0000
    0000007A CDr8Er06         [17]  675 	call	_VDP_SetColorTable
                                    676 ;C:\Users\Jummy\Downloads\MSXgl-1.5.0b\engine/src/vdp.c:220: VDP_SetPatternTable(VDP_G1_ADDR_PT);
    0000007D 11 00 00         [10]  677 	ld	de, #0x0000
    00000080 62               [ 4]  678 	ld	h, d
    00000081 6B               [ 4]  679 	ld	l, e
    00000082 CDr2Er07         [17]  680 	call	_VDP_SetPatternTable
                                    681 ;C:\Users\Jummy\Downloads\MSXgl-1.5.0b\engine/src/vdp.c:222: VDP_SetSpriteAttributeTable(VDP_G1_ADDR_SAT);
    00000085 11 00 1B         [10]  682 	ld	de, #0x1b00
    00000088 21 00 00         [10]  683 	ld	hl, #0x0000
    0000008B CDr8Br07         [17]  684 	call	_VDP_SetSpriteAttributeTable
                                    685 ;C:\Users\Jummy\Downloads\MSXgl-1.5.0b\engine/src/vdp.c:223: VDP_SetSpritePatternTable(VDP_G1_ADDR_SPT);
    0000008E 11 00 38         [10]  686 	ld	de, #0x3800
    00000091 21 00 00         [10]  687 	ld	hl, #0x0000
                                    688 ;C:\Users\Jummy\Downloads\MSXgl-1.5.0b\engine/src/vdp.c:225: }
    00000094 C3r13r08         [10]  689 	jp	_VDP_SetSpritePatternTable
                                    690 ;C:\Users\Jummy\Downloads\MSXgl-1.5.0b\engine/src/vdp.c:231: void VDP_SetModeGraphic2()
                                    691 ;	---------------------------------
                                    692 ; Function VDP_SetModeGraphic2
                                    693 ; ---------------------------------
    00000097                        694 _VDP_SetModeGraphic2::
                                    695 ;C:\Users\Jummy\Downloads\MSXgl-1.5.0b\engine/src/vdp.c:233: VDP_SetModeFlag(VDP_G2_MODE);
    00000097 3E 04            [ 7]  696 	ld	a, #0x04
    00000099 CDr00r00         [17]  697 	call	_VDP_SetModeFlag
                                    698 ;C:\Users\Jummy\Downloads\MSXgl-1.5.0b\engine/src/vdp.c:234: VDP_SetLayoutTable(VDP_G2_ADDR_NT);
    0000009C 11 00 18         [10]  699 	ld	de, #0x1800
    0000009F 21 00 00         [10]  700 	ld	hl, #0x0000
    000000A2 CDr2Er06         [17]  701 	call	_VDP_SetLayoutTable
                                    702 ;C:\Users\Jummy\Downloads\MSXgl-1.5.0b\engine/src/vdp.c:235: VDP_SetColorTable(VDP_G2_ADDR_CT);
    000000A5 11 00 20         [10]  703 	ld	de, #0x2000
    000000A8 21 00 00         [10]  704 	ld	hl, #0x0000
    000000AB CDr8Er06         [17]  705 	call	_VDP_SetColorTable
                                    706 ;C:\Users\Jummy\Downloads\MSXgl-1.5.0b\engine/src/vdp.c:236: VDP_SetPatternTable(VDP_G2_ADDR_PT);
    000000AE 11 00 00         [10]  707 	ld	de, #0x0000
    000000B1 62               [ 4]  708 	ld	h, d
    000000B2 6B               [ 4]  709 	ld	l, e
    000000B3 CDr2Er07         [17]  710 	call	_VDP_SetPatternTable
                                    711 ;C:\Users\Jummy\Downloads\MSXgl-1.5.0b\engine/src/vdp.c:238: VDP_SetSpriteAttributeTable(VDP_G2_ADDR_SAT);
    000000B6 11 00 1B         [10]  712 	ld	de, #0x1b00
    000000B9 21 00 00         [10]  713 	ld	hl, #0x0000
    000000BC CDr8Br07         [17]  714 	call	_VDP_SetSpriteAttributeTable
                                    715 ;C:\Users\Jummy\Downloads\MSXgl-1.5.0b\engine/src/vdp.c:239: VDP_SetSpritePatternTable(VDP_G2_ADDR_SPT);
    000000BF 11 00 38         [10]  716 	ld	de, #0x3800
    000000C2 21 00 00         [10]  717 	ld	hl, #0x0000
                                    718 ;C:\Users\Jummy\Downloads\MSXgl-1.5.0b\engine/src/vdp.c:241: }
    000000C5 C3r13r08         [10]  719 	jp	_VDP_SetSpritePatternTable
                                    720 ;C:\Users\Jummy\Downloads\MSXgl-1.5.0b\engine/src/vdp.c:252: void VDP_ClearVRAM()
                                    721 ;	---------------------------------
                                    722 ; Function VDP_ClearVRAM
                                    723 ; ---------------------------------
    000000C8                        724 _VDP_ClearVRAM::
    000000C8 DD E5            [15]  725 	push	ix
    000000CA DD 21 00 00      [14]  726 	ld	ix,	#0
    000000CE DD 39            [15]  727 	add	ix, sp
    000000D0 3B               [ 6]  728 	dec	sp
                                    729 ;C:\Users\Jummy\Downloads\MSXgl-1.5.0b\engine/src/vdp.c:258: loopx (8)
    000000D1 01 00 00         [10]  730 	ld	bc, #0x0000
    000000D4 60               [ 4]  731 	ld	h, b
    000000D5 69               [ 4]  732 	ld	l, c
    000000D6 DD 36 FF 00      [19]  733 	ld	-1 (ix), #0x00
    000000DA                        734 00103$:
    000000DA DD 7E FF         [19]  735 	ld	a, -1 (ix)
    000000DD D6 08            [ 7]  736 	sub	a, #0x08
    000000DF 30 1E            [12]  737 	jr	nc, 00105$
                                    738 ;C:\Users\Jummy\Downloads\MSXgl-1.5.0b\engine/src/vdp.c:260: VDP_FillVRAM(0x00, addr & 0xFFFF, addr >> 16, 0x4000); // Clear VRAM by 16 KB step
    000000E1 7D               [ 4]  739 	ld	a, l
    000000E2 59               [ 4]  740 	ld	e, c
    000000E3 50               [ 4]  741 	ld	d, b
    000000E4 E5               [11]  742 	push	hl
    000000E5 C5               [11]  743 	push	bc
    000000E6 21 00 40         [10]  744 	ld	hl, #0x4000
    000000E9 E5               [11]  745 	push	hl
    000000EA F5               [11]  746 	push	af
    000000EB 33               [ 6]  747 	inc	sp
    000000EC AF               [ 4]  748 	xor	a, a
    000000ED CDr12r03         [17]  749 	call	_VDP_FillVRAM_128K
    000000F0 C1               [10]  750 	pop	bc
    000000F1 E1               [10]  751 	pop	hl
                                    752 ;C:\Users\Jummy\Downloads\MSXgl-1.5.0b\engine/src/vdp.c:261: addr += 0x4000;
    000000F2 78               [ 4]  753 	ld	a, b
    000000F3 C6 40            [ 7]  754 	add	a, #0x40
    000000F5 47               [ 4]  755 	ld	b, a
    000000F6 30 01            [12]  756 	jr	nc, 00124$
    000000F8 23               [ 6]  757 	inc	hl
    000000F9                        758 00124$:
                                    759 ;C:\Users\Jummy\Downloads\MSXgl-1.5.0b\engine/src/vdp.c:258: loopx (8)
    000000F9 DD 34 FF         [23]  760 	inc	-1 (ix)
    000000FC C3rDAr00         [10]  761 	jp	00103$
    000000FF                        762 00105$:
                                    763 ;C:\Users\Jummy\Downloads\MSXgl-1.5.0b\engine/src/vdp.c:264: }
    000000FF 33               [ 6]  764 	inc	sp
    00000100 DD E1            [14]  765 	pop	ix
    00000102 C9               [10]  766 	ret
                                    767 ;C:\Users\Jummy\Downloads\MSXgl-1.5.0b\engine/src/vdp.c:275: void VDP_WriteVRAM_16K(const u8* src, u16 dest, u16 count)
                                    768 ;	---------------------------------
                                    769 ; Function VDP_WriteVRAM_16K
                                    770 ; ---------------------------------
    00000103                        771 _VDP_WriteVRAM_16K::
                                    772 ;C:\Users\Jummy\Downloads\MSXgl-1.5.0b\engine/src/vdp.c:344: __endasm;
    00000103 AF               [ 4]  773 	xor a
    00000104 D3 99            [11]  774 	out (0x99), a
    00000106 3E 8E            [ 7]  775 	ld a, #(0x80 | 14)
    00000108 D3 99            [11]  776 	out (0x99), a
    0000010A FD 21 02 00      [14]  777 	ld iy, #2
    0000010E FD 39            [15]  778 	add iy, sp
    00000110 7B               [ 4]  779 	ld a, e
    00000111 F3               [ 4]  780 	di
    00000112 D3 99            [11]  781 	out (0x99), a
    00000114 7A               [ 4]  782 	ld a, d
    00000115 E6 3F            [ 7]  783 	and a, #0x3F
    00000117 F6 40            [ 7]  784 	or a, #0x40
    00000119 FB               [ 4]  785 	ei
    0000011A D3 99            [11]  786 	out (0x99), a
    0000011C 0E 98            [ 7]  787 	ld c, #0x98
    0000011E FD 7E 00         [19]  788 	ld a, 0(iy)
    00000121 A7               [ 4]  789 	and a
    00000122 CAr28r01         [10]  790 	jp z, wrt16_loop_init
    00000125 47               [ 4]  791 	ld b, a
    00000126 ED B3            [21]  792 	otir
    00000128                        793 wrt16_loop_init:
    00000128 FD 7E 01         [19]  794 	ld a, 1(iy)
    0000012B                        795 wrt16_loop_start:
    0000012B A7               [ 4]  796 	and a
    0000012C CAr37r01         [10]  797 	jp z, wrt16_loop_end
    0000012F 06 00            [ 7]  798 	ld b, #0
    00000131 ED B3            [21]  799 	otir
    00000133 3D               [ 4]  800 	dec a
    00000134 C3r2Br01         [10]  801 	jp wrt16_loop_start
    00000137                        802 wrt16_loop_end:
                                    803 ;C:\Users\Jummy\Downloads\MSXgl-1.5.0b\engine/src/vdp.c:345: }
    00000137 E1               [10]  804 	pop	hl
    00000138 F1               [10]  805 	pop	af
    00000139 E9               [ 4]  806 	jp	(hl)
                                    807 ;C:\Users\Jummy\Downloads\MSXgl-1.5.0b\engine/src/vdp.c:354: void VDP_FillVRAM_16K(u8 value, u16 dest, u16 count) __NAKED // Stack: 4 bytes
                                    808 ;	---------------------------------
                                    809 ; Function VDP_FillVRAM_16K
                                    810 ; ---------------------------------
    0000013A                        811 _VDP_FillVRAM_16K::
                                    812 ;C:\Users\Jummy\Downloads\MSXgl-1.5.0b\engine/src/vdp.c:405: __endasm;
    0000013A 4F               [ 4]  813 	ld c, a
    0000013B AF               [ 4]  814 	xor a
    0000013C D3 99            [11]  815 	out (0x99), a
    0000013E 3E 8E            [ 7]  816 	ld a, #(0x80 | 14)
    00000140 D3 99            [11]  817 	out (0x99), a
    00000142 7B               [ 4]  818 	ld a, e
    00000143 F3               [ 4]  819 	di
    00000144 D3 99            [11]  820 	out (0x99), a
    00000146 7A               [ 4]  821 	ld a, d
    00000147 E6 3F            [ 7]  822 	and a, #0x3F
    00000149 F6 40            [ 7]  823 	or a, #0x40
    0000014B D3 99            [11]  824 	out (0x99), a
    0000014D FD E1            [14]  825 	pop iy
    0000014F D1               [10]  826 	pop de
    00000150 79               [ 4]  827 	ld a, c
    00000151 43               [ 4]  828 	ld b, e
    00000152 1B               [ 6]  829 	dec de
    00000153 14               [ 4]  830 	inc d
    00000154                        831 fll16_loop_start:
    00000154 D3 98            [11]  832 	out (0x98), a
    00000156 10 FC            [13]  833 	djnz fll16_loop_start
    00000158 15               [ 4]  834 	dec d
    00000159 C2r54r01         [10]  835 	jp nz, fll16_loop_start
    0000015C                        836 fll16_loop_end:
    0000015C FB               [ 4]  837 	ei
    0000015D FD E9            [ 8]  838 	jp (iy)
                                    839 ;C:\Users\Jummy\Downloads\MSXgl-1.5.0b\engine/src/vdp.c:406: }
                                    840 ;C:\Users\Jummy\Downloads\MSXgl-1.5.0b\engine/src/vdp.c:519: void VDP_ReadVRAM_16K(u16 src, u8* dest, u16 count)
                                    841 ;	---------------------------------
                                    842 ; Function VDP_ReadVRAM_16K
                                    843 ; ---------------------------------
    0000015F                        844 _VDP_ReadVRAM_16K::
                                    845 ;C:\Users\Jummy\Downloads\MSXgl-1.5.0b\engine/src/vdp.c:589: __endasm;
    0000015F AF               [ 4]  846 	xor a
    00000160 D3 99            [11]  847 	out (0x99), a
    00000162 3E 8E            [ 7]  848 	ld a, #(0x80 | 14)
    00000164 D3 99            [11]  849 	out (0x99), a
    00000166 FD 21 02 00      [14]  850 	ld iy, #2
    0000016A FD 39            [15]  851 	add iy, sp
    0000016C 7D               [ 4]  852 	ld a, l
    0000016D F3               [ 4]  853 	di
    0000016E D3 99            [11]  854 	out (0x99), a
    00000170 7C               [ 4]  855 	ld a, h
    00000171 E6 3F            [ 7]  856 	and a, #0x3F
    00000173 FB               [ 4]  857 	ei
    00000174 D3 99            [11]  858 	out (0x99), a
    00000176 EB               [ 4]  859 	ex de, hl
    00000177 0E 98            [ 7]  860 	ld c, #0x98
    00000179 FD 7E 00         [19]  861 	ld a, 0(iy)
    0000017C A7               [ 4]  862 	and a
    0000017D CAr83r01         [10]  863 	jp z, rd16_loop_init
    00000180 47               [ 4]  864 	ld b, a
    00000181 ED B2            [21]  865 	inir
    00000183                        866 rd16_loop_init:
    00000183 FD 7E 01         [19]  867 	ld a, 1(iy)
    00000186                        868 rd16_loop_start:
    00000186 A7               [ 4]  869 	and a
    00000187 CAr92r01         [10]  870 	jp z, rd16_loop_end
    0000018A 06 00            [ 7]  871 	ld b, #0
    0000018C ED B2            [21]  872 	inir
    0000018E 3D               [ 4]  873 	dec a
    0000018F C3r86r01         [10]  874 	jp rd16_loop_start
    00000192                        875 rd16_loop_end:
                                    876 ;C:\Users\Jummy\Downloads\MSXgl-1.5.0b\engine/src/vdp.c:590: }
    00000192 E1               [10]  877 	pop	hl
    00000193 F1               [10]  878 	pop	af
    00000194 E9               [ 4]  879 	jp	(hl)
                                    880 ;C:\Users\Jummy\Downloads\MSXgl-1.5.0b\engine/src/vdp.c:600: u8 VDP_Peek_16K(u16 dest) __NAKED __PRESERVES(b, c, d, e, iyl, iyh)
                                    881 ;	---------------------------------
                                    882 ; Function VDP_Peek_16K
                                    883 ; ---------------------------------
    00000195                        884 _VDP_Peek_16K::
                                    885 ;C:\Users\Jummy\Downloads\MSXgl-1.5.0b\engine/src/vdp.c:636: __endasm;
    00000195 AF               [ 4]  886 	xor a
    00000196 D3 99            [11]  887 	out (0x99), a
    00000198 3E 8E            [ 7]  888 	ld a, #(0x80 | 14)
    0000019A D3 99            [11]  889 	out (0x99), a
    0000019C 7D               [ 4]  890 	ld a, l
    0000019D F3               [ 4]  891 	di
    0000019E D3 99            [11]  892 	out (0x99), a
    000001A0 7C               [ 4]  893 	ld a, h
    000001A1 E6 3F            [ 7]  894 	and a, #0x3F
    000001A3 D3 99            [11]  895 	out (0x99), a
    000001A5 00               [ 4]  896 	nop
    000001A6 FB               [ 4]  897 	ei
    000001A7 DB 98            [11]  898 	in a, (0x98)
    000001A9 C9               [10]  899 	ret
                                    900 ;C:\Users\Jummy\Downloads\MSXgl-1.5.0b\engine/src/vdp.c:637: }
                                    901 ;C:\Users\Jummy\Downloads\MSXgl-1.5.0b\engine/src/vdp.c:645: void VDP_Poke_16K(u8 val, u16 dest) __PRESERVES(c, h, l, iyl, iyh)
                                    902 ;	---------------------------------
                                    903 ; Function VDP_Poke_16K
                                    904 ; ---------------------------------
    000001AA                        905 _VDP_Poke_16K::
                                    906 ;C:\Users\Jummy\Downloads\MSXgl-1.5.0b\engine/src/vdp.c:682: __endasm;
    000001AA 47               [ 4]  907 	ld b, a
    000001AB AF               [ 4]  908 	xor a
    000001AC D3 99            [11]  909 	out (0x99), a
    000001AE 3E 8E            [ 7]  910 	ld a, #(0x80 | 14)
    000001B0 D3 99            [11]  911 	out (0x99), a
    000001B2 7B               [ 4]  912 	ld a, e
    000001B3 F3               [ 4]  913 	di
    000001B4 D3 99            [11]  914 	out (0x99), a
    000001B6 7A               [ 4]  915 	ld a, d
    000001B7 E6 3F            [ 7]  916 	and a, #0x3F
    000001B9 F6 40            [ 7]  917 	or a, #0x40
    000001BB D3 99            [11]  918 	out (0x99), a
    000001BD 78               [ 4]  919 	ld a, b
    000001BE FB               [ 4]  920 	ei
    000001BF D3 98            [11]  921 	out (0x98), a
                                    922 ;C:\Users\Jummy\Downloads\MSXgl-1.5.0b\engine/src/vdp.c:683: }
    000001C1 C9               [10]  923 	ret
                                    924 ;C:\Users\Jummy\Downloads\MSXgl-1.5.0b\engine/src/vdp.c:781: void VDP_SetModeText2()
                                    925 ;	---------------------------------
                                    926 ; Function VDP_SetModeText2
                                    927 ; ---------------------------------
    000001C2                        928 _VDP_SetModeText2::
                                    929 ;C:\Users\Jummy\Downloads\MSXgl-1.5.0b\engine/src/vdp.c:783: VDP_SetModeFlag(VDP_T2_MODE);
    000001C2 3E 09            [ 7]  930 	ld	a, #0x09
    000001C4 CDr00r00         [17]  931 	call	_VDP_SetModeFlag
                                    932 ;C:\Users\Jummy\Downloads\MSXgl-1.5.0b\engine/src/vdp.c:784: VDP_SetLayoutTable(VDP_T2_ADDR_NT);
    000001C7 11 00 00         [10]  933 	ld	de, #0x0000
    000001CA 62               [ 4]  934 	ld	h, d
    000001CB 6B               [ 4]  935 	ld	l, e
    000001CC CDr2Er06         [17]  936 	call	_VDP_SetLayoutTable
                                    937 ;C:\Users\Jummy\Downloads\MSXgl-1.5.0b\engine/src/vdp.c:785: VDP_SetColorTable(VDP_T2_ADDR_CT);
    000001CF 11 00 3E         [10]  938 	ld	de, #0x3e00
    000001D2 21 00 00         [10]  939 	ld	hl, #0x0000
    000001D5 CDr8Er06         [17]  940 	call	_VDP_SetColorTable
                                    941 ;C:\Users\Jummy\Downloads\MSXgl-1.5.0b\engine/src/vdp.c:786: VDP_SetPatternTable(VDP_T2_ADDR_PT);
    000001D8 11 00 10         [10]  942 	ld	de, #0x1000
    000001DB 21 00 00         [10]  943 	ld	hl, #0x0000
                                    944 ;C:\Users\Jummy\Downloads\MSXgl-1.5.0b\engine/src/vdp.c:787: }
    000001DE C3r2Er07         [10]  945 	jp	_VDP_SetPatternTable
                                    946 ;C:\Users\Jummy\Downloads\MSXgl-1.5.0b\engine/src/vdp.c:793: void VDP_SetModeGraphic3()
                                    947 ;	---------------------------------
                                    948 ; Function VDP_SetModeGraphic3
                                    949 ; ---------------------------------
    000001E1                        950 _VDP_SetModeGraphic3::
                                    951 ;C:\Users\Jummy\Downloads\MSXgl-1.5.0b\engine/src/vdp.c:795: VDP_SetModeFlag(VDP_G3_MODE);
    000001E1 3E 08            [ 7]  952 	ld	a, #0x08
    000001E3 CDr00r00         [17]  953 	call	_VDP_SetModeFlag
                                    954 ;C:\Users\Jummy\Downloads\MSXgl-1.5.0b\engine/src/vdp.c:796: VDP_SetLayoutTable(VDP_G3_ADDR_NT);
    000001E6 11 00 18         [10]  955 	ld	de, #0x1800
    000001E9 21 00 00         [10]  956 	ld	hl, #0x0000
    000001EC CDr2Er06         [17]  957 	call	_VDP_SetLayoutTable
                                    958 ;C:\Users\Jummy\Downloads\MSXgl-1.5.0b\engine/src/vdp.c:797: VDP_SetColorTable(VDP_G3_ADDR_CT);
    000001EF 11 00 20         [10]  959 	ld	de, #0x2000
    000001F2 21 00 00         [10]  960 	ld	hl, #0x0000
    000001F5 CDr8Er06         [17]  961 	call	_VDP_SetColorTable
                                    962 ;C:\Users\Jummy\Downloads\MSXgl-1.5.0b\engine/src/vdp.c:798: VDP_SetPatternTable(VDP_G3_ADDR_PT);
    000001F8 11 00 00         [10]  963 	ld	de, #0x0000
    000001FB 62               [ 4]  964 	ld	h, d
    000001FC 6B               [ 4]  965 	ld	l, e
    000001FD CDr2Er07         [17]  966 	call	_VDP_SetPatternTable
                                    967 ;C:\Users\Jummy\Downloads\MSXgl-1.5.0b\engine/src/vdp.c:800: VDP_SetSpriteAttributeTable(VDP_G3_ADDR_SAT);
    00000200 11 00 1E         [10]  968 	ld	de, #0x1e00
    00000203 21 00 00         [10]  969 	ld	hl, #0x0000
    00000206 CDr8Br07         [17]  970 	call	_VDP_SetSpriteAttributeTable
                                    971 ;C:\Users\Jummy\Downloads\MSXgl-1.5.0b\engine/src/vdp.c:801: VDP_SetSpritePatternTable(VDP_G3_ADDR_SPT);
    00000209 11 00 38         [10]  972 	ld	de, #0x3800
    0000020C 21 00 00         [10]  973 	ld	hl, #0x0000
                                    974 ;C:\Users\Jummy\Downloads\MSXgl-1.5.0b\engine/src/vdp.c:803: }
    0000020F C3r13r08         [10]  975 	jp	_VDP_SetSpritePatternTable
                                    976 ;C:\Users\Jummy\Downloads\MSXgl-1.5.0b\engine/src/vdp.c:809: void VDP_SetModeGraphic4()
                                    977 ;	---------------------------------
                                    978 ; Function VDP_SetModeGraphic4
                                    979 ; ---------------------------------
    00000212                        980 _VDP_SetModeGraphic4::
                                    981 ;C:\Users\Jummy\Downloads\MSXgl-1.5.0b\engine/src/vdp.c:811: VDP_SetModeFlag(VDP_G4_MODE);
    00000212 3E 0C            [ 7]  982 	ld	a, #0x0c
    00000214 CDr00r00         [17]  983 	call	_VDP_SetModeFlag
                                    984 ;C:\Users\Jummy\Downloads\MSXgl-1.5.0b\engine/src/vdp.c:812: VDP_SetLayoutTable(VDP_G4_ADDR_NT);
    00000217 11 00 00         [10]  985 	ld	de, #0x0000
    0000021A 62               [ 4]  986 	ld	h, d
    0000021B 6B               [ 4]  987 	ld	l, e
    0000021C CDr2Er06         [17]  988 	call	_VDP_SetLayoutTable
                                    989 ;C:\Users\Jummy\Downloads\MSXgl-1.5.0b\engine/src/vdp.c:814: VDP_SetSpriteAttributeTable(VDP_G4_ADDR_SAT);
    0000021F 11 00 76         [10]  990 	ld	de, #0x7600
    00000222 21 00 00         [10]  991 	ld	hl, #0x0000
    00000225 CDr8Br07         [17]  992 	call	_VDP_SetSpriteAttributeTable
                                    993 ;C:\Users\Jummy\Downloads\MSXgl-1.5.0b\engine/src/vdp.c:815: VDP_SetSpritePatternTable(VDP_G4_ADDR_SPT);
    00000228 11 00 78         [10]  994 	ld	de, #0x7800
    0000022B 21 00 00         [10]  995 	ld	hl, #0x0000
                                    996 ;C:\Users\Jummy\Downloads\MSXgl-1.5.0b\engine/src/vdp.c:817: }
    0000022E C3r13r08         [10]  997 	jp	_VDP_SetSpritePatternTable
                                    998 ;C:\Users\Jummy\Downloads\MSXgl-1.5.0b\engine/src/vdp.c:823: void VDP_SetModeGraphic5()
                                    999 ;	---------------------------------
                                   1000 ; Function VDP_SetModeGraphic5
                                   1001 ; ---------------------------------
    00000231                       1002 _VDP_SetModeGraphic5::
                                   1003 ;C:\Users\Jummy\Downloads\MSXgl-1.5.0b\engine/src/vdp.c:825: VDP_SetModeFlag(VDP_G5_MODE);
    00000231 3E 10            [ 7] 1004 	ld	a, #0x10
    00000233 CDr00r00         [17] 1005 	call	_VDP_SetModeFlag
                                   1006 ;C:\Users\Jummy\Downloads\MSXgl-1.5.0b\engine/src/vdp.c:826: VDP_SetLayoutTable(VDP_G5_ADDR_NT);
    00000236 11 00 00         [10] 1007 	ld	de, #0x0000
    00000239 62               [ 4] 1008 	ld	h, d
    0000023A 6B               [ 4] 1009 	ld	l, e
    0000023B CDr2Er06         [17] 1010 	call	_VDP_SetLayoutTable
                                   1011 ;C:\Users\Jummy\Downloads\MSXgl-1.5.0b\engine/src/vdp.c:828: VDP_SetSpriteAttributeTable(VDP_G5_ADDR_SAT);
    0000023E 11 00 76         [10] 1012 	ld	de, #0x7600
    00000241 21 00 00         [10] 1013 	ld	hl, #0x0000
    00000244 CDr8Br07         [17] 1014 	call	_VDP_SetSpriteAttributeTable
                                   1015 ;C:\Users\Jummy\Downloads\MSXgl-1.5.0b\engine/src/vdp.c:829: VDP_SetSpritePatternTable(VDP_G5_ADDR_SPT);
    00000247 11 00 78         [10] 1016 	ld	de, #0x7800
    0000024A 21 00 00         [10] 1017 	ld	hl, #0x0000
                                   1018 ;C:\Users\Jummy\Downloads\MSXgl-1.5.0b\engine/src/vdp.c:831: }
    0000024D C3r13r08         [10] 1019 	jp	_VDP_SetSpritePatternTable
                                   1020 ;C:\Users\Jummy\Downloads\MSXgl-1.5.0b\engine/src/vdp.c:837: void VDP_SetModeGraphic6()
                                   1021 ;	---------------------------------
                                   1022 ; Function VDP_SetModeGraphic6
                                   1023 ; ---------------------------------
    00000250                       1024 _VDP_SetModeGraphic6::
                                   1025 ;C:\Users\Jummy\Downloads\MSXgl-1.5.0b\engine/src/vdp.c:839: VDP_SetModeFlag(VDP_G6_MODE);
    00000250 3E 14            [ 7] 1026 	ld	a, #0x14
    00000252 CDr00r00         [17] 1027 	call	_VDP_SetModeFlag
                                   1028 ;C:\Users\Jummy\Downloads\MSXgl-1.5.0b\engine/src/vdp.c:840: VDP_SetLayoutTable(VDP_G6_ADDR_NT);
    00000255 11 00 00         [10] 1029 	ld	de, #0x0000
    00000258 62               [ 4] 1030 	ld	h, d
    00000259 6B               [ 4] 1031 	ld	l, e
    0000025A CDr2Er06         [17] 1032 	call	_VDP_SetLayoutTable
                                   1033 ;C:\Users\Jummy\Downloads\MSXgl-1.5.0b\engine/src/vdp.c:842: VDP_SetSpriteAttributeTable(VDP_G6_ADDR_SAT);
    0000025D 11 00 FA         [10] 1034 	ld	de, #0xfa00
    00000260 21 00 00         [10] 1035 	ld	hl, #0x0000
    00000263 CDr8Br07         [17] 1036 	call	_VDP_SetSpriteAttributeTable
                                   1037 ;C:\Users\Jummy\Downloads\MSXgl-1.5.0b\engine/src/vdp.c:843: VDP_SetSpritePatternTable(VDP_G6_ADDR_SPT);
    00000266 11 00 F0         [10] 1038 	ld	de, #0xf000
    00000269 21 00 00         [10] 1039 	ld	hl, #0x0000
                                   1040 ;C:\Users\Jummy\Downloads\MSXgl-1.5.0b\engine/src/vdp.c:845: }
    0000026C C3r13r08         [10] 1041 	jp	_VDP_SetSpritePatternTable
                                   1042 ;C:\Users\Jummy\Downloads\MSXgl-1.5.0b\engine/src/vdp.c:851: void VDP_SetModeGraphic7()
                                   1043 ;	---------------------------------
                                   1044 ; Function VDP_SetModeGraphic7
                                   1045 ; ---------------------------------
    0000026F                       1046 _VDP_SetModeGraphic7::
                                   1047 ;C:\Users\Jummy\Downloads\MSXgl-1.5.0b\engine/src/vdp.c:853: VDP_SetModeFlag(VDP_G7_MODE);
    0000026F 3E 1C            [ 7] 1048 	ld	a, #0x1c
    00000271 CDr00r00         [17] 1049 	call	_VDP_SetModeFlag
                                   1050 ;C:\Users\Jummy\Downloads\MSXgl-1.5.0b\engine/src/vdp.c:854: VDP_SetLayoutTable(VDP_G7_ADDR_NT);
    00000274 11 00 00         [10] 1051 	ld	de, #0x0000
    00000277 62               [ 4] 1052 	ld	h, d
    00000278 6B               [ 4] 1053 	ld	l, e
    00000279 CDr2Er06         [17] 1054 	call	_VDP_SetLayoutTable
                                   1055 ;C:\Users\Jummy\Downloads\MSXgl-1.5.0b\engine/src/vdp.c:856: VDP_SetSpriteAttributeTable(VDP_G7_ADDR_SAT);
    0000027C 11 00 FA         [10] 1056 	ld	de, #0xfa00
    0000027F 21 00 00         [10] 1057 	ld	hl, #0x0000
    00000282 CDr8Br07         [17] 1058 	call	_VDP_SetSpriteAttributeTable
                                   1059 ;C:\Users\Jummy\Downloads\MSXgl-1.5.0b\engine/src/vdp.c:857: VDP_SetSpritePatternTable(VDP_G7_ADDR_SPT);
    00000285 11 00 F0         [10] 1060 	ld	de, #0xf000
    00000288 21 00 00         [10] 1061 	ld	hl, #0x0000
                                   1062 ;C:\Users\Jummy\Downloads\MSXgl-1.5.0b\engine/src/vdp.c:859: }
    0000028B C3r13r08         [10] 1063 	jp	_VDP_SetSpritePatternTable
                                   1064 ;C:\Users\Jummy\Downloads\MSXgl-1.5.0b\engine/src/vdp.c:873: u8 VDP_ReadStatus(u8 stat) __NAKED __PRESERVES(b, c, d, e, h, iyl, iyh)
                                   1065 ;	---------------------------------
                                   1066 ; Function VDP_ReadStatus
                                   1067 ; ---------------------------------
    0000028E                       1068 _VDP_ReadStatus::
                                   1069 ;C:\Users\Jummy\Downloads\MSXgl-1.5.0b\engine/src/vdp.c:901: __endasm;
    0000028E F3               [ 4] 1070 	di
    0000028F D3 99            [11] 1071 	out (0x99), a
    00000291 3E 8F            [ 7] 1072 	ld a, #(0x80 | 15)
    00000293 D3 99            [11] 1073 	out (0x99), a
    00000295 DB 99            [11] 1074 	in a, (0x99)
    00000297 6F               [ 4] 1075 	ld l, a
    00000298 AF               [ 4] 1076 	xor a
    00000299 D3 99            [11] 1077 	out (0x99), a
    0000029B 3E 8F            [ 7] 1078 	ld a, #(0x80 | 15)
    0000029D FB               [ 4] 1079 	ei
    0000029E D3 99            [11] 1080 	out (0x99),a
    000002A0 7D               [ 4] 1081 	ld a, l
    000002A1 C9               [10] 1082 	ret
                                   1083 ;C:\Users\Jummy\Downloads\MSXgl-1.5.0b\engine/src/vdp.c:902: }
                                   1084 ;C:\Users\Jummy\Downloads\MSXgl-1.5.0b\engine/src/vdp.c:906: void VDP_SetAdjustOffset(u8 offset)
                                   1085 ;	---------------------------------
                                   1086 ; Function VDP_SetAdjustOffset
                                   1087 ; ---------------------------------
    000002A2                       1088 _VDP_SetAdjustOffset::
    000002A2 6F               [ 4] 1089 	ld	l, a
                                   1090 ;C:\Users\Jummy\Downloads\MSXgl-1.5.0b\engine/src/vdp.c:909: VDP_CommandWait(); // @todo Check if it's really needed. Cf. https://www.msx.org/wiki/VDP_Display_Registers#Control_Register_18
    000002A3 CDrE3r03         [17] 1091 	call	_VDP_CommandWait
                                   1092 ;C:\Users\Jummy\Downloads\MSXgl-1.5.0b\engine/src/vdp.c:911: VDP_RegWrite(18, offset);
    000002A6 3E 12            [ 7] 1093 	ld	a, #0x12
                                   1094 ;C:\Users\Jummy\Downloads\MSXgl-1.5.0b\engine/src/vdp.c:912: }
    000002A8 C3rDCr05         [10] 1095 	jp	_VDP_RegWrite
                                   1096 ;C:\Users\Jummy\Downloads\MSXgl-1.5.0b\engine/src/vdp.c:918: void VDP_SetPalette(const u8* pal) __FASTCALL __PRESERVES(d, e, iyl, iyh)
                                   1097 ;	---------------------------------
                                   1098 ; Function VDP_SetPalette
                                   1099 ; ---------------------------------
    000002AB                       1100 _VDP_SetPalette::
                                   1101 ;C:\Users\Jummy\Downloads\MSXgl-1.5.0b\engine/src/vdp.c:942: __endasm;
    000002AB 3E 01            [ 7] 1102 	ld a, #1
    000002AD F3               [ 4] 1103 	di
    000002AE D3 99            [11] 1104 	out (0x99), a
    000002B0 3E 90            [ 7] 1105 	ld a, #(0x80 | 16)
    000002B2 FB               [ 4] 1106 	ei
    000002B3 D3 99            [11] 1107 	out (0x99), a
    000002B5 0E 9A            [ 7] 1108 	ld c, #0x9A
    000002B7 06 1E            [ 7] 1109 	ld b, #30
    000002B9 ED B3            [21] 1110 	otir
                                   1111 ;C:\Users\Jummy\Downloads\MSXgl-1.5.0b\engine/src/vdp.c:943: }
    000002BB C9               [10] 1112 	ret
                                   1113 ;C:\Users\Jummy\Downloads\MSXgl-1.5.0b\engine/src/vdp.c:969: void VDP_SetPaletteEntry(u8 index, u16 color)
                                   1114 ;	---------------------------------
                                   1115 ; Function VDP_SetPaletteEntry
                                   1116 ; ---------------------------------
    000002BC                       1117 _VDP_SetPaletteEntry::
                                   1118 ;C:\Users\Jummy\Downloads\MSXgl-1.5.0b\engine/src/vdp.c:983: __endasm;
    000002BC F3               [ 4] 1119 	di
    000002BD D3 99            [11] 1120 	out (_g_VDP_RegPort), a
    000002BF 3E 90            [ 7] 1121 	ld a, #(0x80 | 16)
    000002C1 D3 99            [11] 1122 	out (_g_VDP_RegPort), a
    000002C3 7B               [ 4] 1123 	ld a, e
    000002C4 D3 9A            [11] 1124 	out (_g_VDP_PalPort), a
    000002C6 7A               [ 4] 1125 	ld a, d
    000002C7 FB               [ 4] 1126 	ei
    000002C8 D3 9A            [11] 1127 	out (_g_VDP_PalPort), a
                                   1128 ;C:\Users\Jummy\Downloads\MSXgl-1.5.0b\engine/src/vdp.c:984: }
    000002CA C9               [10] 1129 	ret
    000002CB                       1130 ___str_0:
    000002CB 0A                    1131 	.db 0x0a
    000002CC 0D                    1132 	.db 0x0d
    000002CD 24                    1133 	.ascii "$"
    000002CE 00                    1134 	.db 0x00
                                   1135 ;C:\Users\Jummy\Downloads\MSXgl-1.5.0b\engine/src/vdp.c:1002: void VDP_WriteVRAM_128K(const u8* src, u16 destLow, u8 destHigh, u16 count)
                                   1136 ;	---------------------------------
                                   1137 ; Function VDP_WriteVRAM_128K
                                   1138 ; ---------------------------------
    000002CF                       1139 _VDP_WriteVRAM_128K::
                                   1140 ;C:\Users\Jummy\Downloads\MSXgl-1.5.0b\engine/src/vdp.c:1054: __endasm;
    000002CF FD 21 02 00      [14] 1141 	ld iy, #2
    000002D3 FD 39            [15] 1142 	add iy, sp
    000002D5 FD 7E 00         [19] 1143 	ld a, 0(iy)
    000002D8 87               [ 4] 1144 	add a, a
    000002D9 87               [ 4] 1145 	add a, a
    000002DA 4F               [ 4] 1146 	ld c, a
    000002DB 7A               [ 4] 1147 	ld a, d
    000002DC 07               [ 4] 1148 	rlca
    000002DD 07               [ 4] 1149 	rlca
    000002DE E6 03            [ 7] 1150 	and a, #0x03
    000002E0 81               [ 4] 1151 	add a, c
    000002E1 F3               [ 4] 1152 	di
    000002E2 D3 99            [11] 1153 	out (0x99), a
    000002E4 3E 8E            [ 7] 1154 	ld a, #(0x80 | 14)
    000002E6 D3 99            [11] 1155 	out (0x99), a
    000002E8 7B               [ 4] 1156 	ld a, e
    000002E9 D3 99            [11] 1157 	out (0x99), a
    000002EB 7A               [ 4] 1158 	ld a, d
    000002EC E6 3F            [ 7] 1159 	and a, #0x3F
    000002EE F6 40            [ 7] 1160 	or a, #0x40
    000002F0 FB               [ 4] 1161 	ei
    000002F1 D3 99            [11] 1162 	out (0x99), a
    000002F3 0E 98            [ 7] 1163 	ld c, #0x98
    000002F5 FD 7E 01         [19] 1164 	ld a, 1(iy)
    000002F8 A7               [ 4] 1165 	and a
    000002F9 CArFFr02         [10] 1166 	jp z, wrt_loop_init
    000002FC 47               [ 4] 1167 	ld b, a
    000002FD ED B3            [21] 1168 	otir
    000002FF                       1169 wrt_loop_init:
    000002FF FD 7E 02         [19] 1170 	ld a, 2(iy)
    00000302                       1171 wrt_loop_start:
    00000302 A7               [ 4] 1172 	and a
    00000303 CAr0Er03         [10] 1173 	jp z, wrt_loop_end
    00000306 06 00            [ 7] 1174 	ld b, #0
    00000308 ED B3            [21] 1175 	otir
    0000030A 3D               [ 4] 1176 	dec a
    0000030B C3r02r03         [10] 1177 	jp wrt_loop_start
    0000030E                       1178 wrt_loop_end:
                                   1179 ;C:\Users\Jummy\Downloads\MSXgl-1.5.0b\engine/src/vdp.c:1055: }
    0000030E E1               [10] 1180 	pop	hl
    0000030F F1               [10] 1181 	pop	af
    00000310 33               [ 6] 1182 	inc	sp
    00000311 E9               [ 4] 1183 	jp	(hl)
                                   1184 ;C:\Users\Jummy\Downloads\MSXgl-1.5.0b\engine/src/vdp.c:1065: void VDP_FillVRAM_128K(u8 value, u16 destLow, u8 destHigh, u16 count)
                                   1185 ;	---------------------------------
                                   1186 ; Function VDP_FillVRAM_128K
                                   1187 ; ---------------------------------
    00000312                       1188 _VDP_FillVRAM_128K::
                                   1189 ;C:\Users\Jummy\Downloads\MSXgl-1.5.0b\engine/src/vdp.c:1113: __endasm;
    00000312 47               [ 4] 1190 	ld b, a
    00000313 FD 21 02 00      [14] 1191 	ld iy, #2
    00000317 FD 39            [15] 1192 	add iy, sp
    00000319 FD 7E 00         [19] 1193 	ld a, 0(iy)
    0000031C 87               [ 4] 1194 	add a, a
    0000031D 87               [ 4] 1195 	add a, a
    0000031E 4F               [ 4] 1196 	ld c, a
    0000031F 7A               [ 4] 1197 	ld a, d
    00000320 07               [ 4] 1198 	rlca
    00000321 07               [ 4] 1199 	rlca
    00000322 E6 03            [ 7] 1200 	and a, #0x03
    00000324 81               [ 4] 1201 	add a, c
    00000325 F3               [ 4] 1202 	di
    00000326 D3 99            [11] 1203 	out (0x99), a
    00000328 3E 8E            [ 7] 1204 	ld a, #(0x80 | 14)
    0000032A D3 99            [11] 1205 	out (0x99), a
    0000032C 7B               [ 4] 1206 	ld a, e
    0000032D D3 99            [11] 1207 	out (0x99), a
    0000032F 7A               [ 4] 1208 	ld a, d
    00000330 E6 3F            [ 7] 1209 	and a, #0x3F
    00000332 F6 40            [ 7] 1210 	or a, #0x40
    00000334 FB               [ 4] 1211 	ei
    00000335 D3 99            [11] 1212 	out (0x99), a
    00000337 FD 5E 01         [19] 1213 	ld e, 1(iy)
    0000033A FD 56 02         [19] 1214 	ld d, 2(iy)
    0000033D 78               [ 4] 1215 	ld a, b
    0000033E 43               [ 4] 1216 	ld b, e
    0000033F 1B               [ 6] 1217 	dec de
    00000340 14               [ 4] 1218 	inc d
    00000341                       1219 fll_loop_start:
    00000341 D3 98            [11] 1220 	out (0x98), a
    00000343 10 FC            [13] 1221 	djnz fll_loop_start
    00000345 15               [ 4] 1222 	dec d
    00000346 C2r41r03         [10] 1223 	jp nz, fll_loop_start
    00000349                       1224 fll_loop_end:
                                   1225 ;C:\Users\Jummy\Downloads\MSXgl-1.5.0b\engine/src/vdp.c:1114: }
    00000349 E1               [10] 1226 	pop	hl
    0000034A F1               [10] 1227 	pop	af
    0000034B 33               [ 6] 1228 	inc	sp
    0000034C E9               [ 4] 1229 	jp	(hl)
                                   1230 ;C:\Users\Jummy\Downloads\MSXgl-1.5.0b\engine/src/vdp.c:1122: void VDP_ReadVRAM_128K(u16 srcLow, u8 srcHigh, u8* dest, u16 count)
                                   1231 ;	---------------------------------
                                   1232 ; Function VDP_ReadVRAM_128K
                                   1233 ; ---------------------------------
    0000034D                       1234 _VDP_ReadVRAM_128K::
                                   1235 ;C:\Users\Jummy\Downloads\MSXgl-1.5.0b\engine/src/vdp.c:1175: __endasm;
    0000034D FD 21 02 00      [14] 1236 	ld iy, #2
    00000351 FD 39            [15] 1237 	add iy, sp
    00000353 FD 7E 00         [19] 1238 	ld a, 0(iy)
    00000356 87               [ 4] 1239 	add a, a
    00000357 87               [ 4] 1240 	add a, a
    00000358 4F               [ 4] 1241 	ld c, a
    00000359 7C               [ 4] 1242 	ld a, h
    0000035A 07               [ 4] 1243 	rlca
    0000035B 07               [ 4] 1244 	rlca
    0000035C E6 03            [ 7] 1245 	and a, #0x03
    0000035E 81               [ 4] 1246 	add a, c
    0000035F F3               [ 4] 1247 	di
    00000360 D3 99            [11] 1248 	out (0x99), a
    00000362 3E 8E            [ 7] 1249 	ld a, #(0x80 | 14)
    00000364 D3 99            [11] 1250 	out (0x99), a
    00000366 7D               [ 4] 1251 	ld a, l
    00000367 D3 99            [11] 1252 	out (0x99), a
    00000369 7C               [ 4] 1253 	ld a, h
    0000036A E6 3F            [ 7] 1254 	and a, #0x3F
    0000036C FB               [ 4] 1255 	ei
    0000036D D3 99            [11] 1256 	out (0x99), a
    0000036F FD 6E 01         [19] 1257 	ld l, 1(iy)
    00000372 FD 66 02         [19] 1258 	ld h, 2(iy)
    00000375 0E 98            [ 7] 1259 	ld c, #0x98
    00000377 FD 7E 03         [19] 1260 	ld a, 3(iy)
    0000037A A7               [ 4] 1261 	and a
    0000037B CAr81r03         [10] 1262 	jp z, rd_loop_init
    0000037E 47               [ 4] 1263 	ld b, a
    0000037F ED B2            [21] 1264 	inir
    00000381                       1265 rd_loop_init:
    00000381 FD 7E 04         [19] 1266 	ld a, 4(iy)
    00000384                       1267 rd_loop_start:
    00000384 A7               [ 4] 1268 	and a
    00000385 CAr90r03         [10] 1269 	jp z, rd_loop_end
    00000388 06 00            [ 7] 1270 	ld b, #0
    0000038A ED B2            [21] 1271 	inir
    0000038C 3D               [ 4] 1272 	dec a
    0000038D C3r84r03         [10] 1273 	jp rd_loop_start
    00000390                       1274 rd_loop_end:
                                   1275 ;C:\Users\Jummy\Downloads\MSXgl-1.5.0b\engine/src/vdp.c:1176: }
    00000390 E1               [10] 1276 	pop	hl
    00000391 F1               [10] 1277 	pop	af
    00000392 F1               [10] 1278 	pop	af
    00000393 33               [ 6] 1279 	inc	sp
    00000394 E9               [ 4] 1280 	jp	(hl)
                                   1281 ;C:\Users\Jummy\Downloads\MSXgl-1.5.0b\engine/src/vdp.c:1185: void VDP_Poke_128K(u8 val, u16 destLow, u8 destHigh)
                                   1282 ;	---------------------------------
                                   1283 ; Function VDP_Poke_128K
                                   1284 ; ---------------------------------
    00000395                       1285 _VDP_Poke_128K::
                                   1286 ;C:\Users\Jummy\Downloads\MSXgl-1.5.0b\engine/src/vdp.c:1227: __endasm;
    00000395 47               [ 4] 1287 	ld b, a
    00000396 FD 21 02 00      [14] 1288 	ld iy, #2
    0000039A FD 39            [15] 1289 	add iy, sp
    0000039C FD 7E 00         [19] 1290 	ld a, 0(iy)
    0000039F 87               [ 4] 1291 	add a, a
    000003A0 87               [ 4] 1292 	add a, a
    000003A1 4F               [ 4] 1293 	ld c, a
    000003A2 7A               [ 4] 1294 	ld a, d
    000003A3 07               [ 4] 1295 	rlca
    000003A4 07               [ 4] 1296 	rlca
    000003A5 E6 03            [ 7] 1297 	and a, #0x03
    000003A7 81               [ 4] 1298 	add a, c
    000003A8 F3               [ 4] 1299 	di
    000003A9 D3 99            [11] 1300 	out (0x99), a
    000003AB 3E 8E            [ 7] 1301 	ld a, #(0x80 | 14)
    000003AD D3 99            [11] 1302 	out (0x99), a
    000003AF 7B               [ 4] 1303 	ld a, e
    000003B0 D3 99            [11] 1304 	out (0x99), a
    000003B2 7A               [ 4] 1305 	ld a, d
    000003B3 E6 3F            [ 7] 1306 	and a, #0x3F
    000003B5 F6 40            [ 7] 1307 	or a, #0x40
    000003B7 D3 99            [11] 1308 	out (0x99), a
    000003B9 78               [ 4] 1309 	ld a, b
    000003BA FB               [ 4] 1310 	ei
    000003BB D3 98            [11] 1311 	out (0x98), a
                                   1312 ;C:\Users\Jummy\Downloads\MSXgl-1.5.0b\engine/src/vdp.c:1228: }
    000003BD E1               [10] 1313 	pop	hl
    000003BE 33               [ 6] 1314 	inc	sp
    000003BF E9               [ 4] 1315 	jp	(hl)
                                   1316 ;C:\Users\Jummy\Downloads\MSXgl-1.5.0b\engine/src/vdp.c:1239: u8 VDP_Peek_128K(u16 srcLow, u8 srcHigh) __NAKED
                                   1317 ;	---------------------------------
                                   1318 ; Function VDP_Peek_128K
                                   1319 ; ---------------------------------
    000003C0                       1320 _VDP_Peek_128K::
                                   1321 ;C:\Users\Jummy\Downloads\MSXgl-1.5.0b\engine/src/vdp.c:1284: __endasm;
    000003C0 FD E1            [14] 1322 	pop iy
    000003C2 3B               [ 6] 1323 	dec sp
    000003C3 D1               [10] 1324 	pop de
    000003C4 7A               [ 4] 1325 	ld a, d
    000003C5 87               [ 4] 1326 	add a, a
    000003C6 87               [ 4] 1327 	add a, a
    000003C7 4F               [ 4] 1328 	ld c, a
    000003C8 7C               [ 4] 1329 	ld a, h
    000003C9 07               [ 4] 1330 	rlca
    000003CA 07               [ 4] 1331 	rlca
    000003CB E6 03            [ 7] 1332 	and a, #0x03
    000003CD 81               [ 4] 1333 	add a, c
    000003CE F3               [ 4] 1334 	di
    000003CF D3 99            [11] 1335 	out (0x99), a
    000003D1 3E 8E            [ 7] 1336 	ld a, #(0x80 | 14)
    000003D3 D3 99            [11] 1337 	out (0x99), a
    000003D5 7D               [ 4] 1338 	ld a, l
    000003D6 D3 99            [11] 1339 	out (0x99), a
    000003D8 7C               [ 4] 1340 	ld a, h
    000003D9 E6 3F            [ 7] 1341 	and a, #0x3F
    000003DB D3 99            [11] 1342 	out (0x99), a
    000003DD 00               [ 4] 1343 	nop
    000003DE FB               [ 4] 1344 	ei
    000003DF DB 98            [11] 1345 	in a, (0x98)
    000003E1 FD E9            [ 8] 1346 	jp (iy)
                                   1347 ;C:\Users\Jummy\Downloads\MSXgl-1.5.0b\engine/src/vdp.c:1285: }
                                   1348 ;C:\Users\Jummy\Downloads\MSXgl-1.5.0b\engine/src/vdp.c:1303: void VDP_CommandWait() __PRESERVES(b, c, d, e, h, l, iyl, iyh)
                                   1349 ;	---------------------------------
                                   1350 ; Function VDP_CommandWait
                                   1351 ; ---------------------------------
    000003E3                       1352 _VDP_CommandWait::
                                   1353 ;C:\Users\Jummy\Downloads\MSXgl-1.5.0b\engine/src/vdp.c:1334: __endasm;
    000003E3                       1354 wait_vdp_ready:
    000003E3 3E 02            [ 7] 1355 	ld a, #2
    000003E5 F3               [ 4] 1356 	di
    000003E6 D3 99            [11] 1357 	out (0x99), a
    000003E8 3E 8F            [ 7] 1358 	ld a, #(0x80 | 15)
    000003EA D3 99            [11] 1359 	out (0x99), a
    000003EC DB 99            [11] 1360 	in a, (0x99)
    000003EE 1F               [ 4] 1361 	rra
    000003EF 3E 00            [ 7] 1362 	ld a, #0
    000003F1 D3 99            [11] 1363 	out (0x99), a
    000003F3 3E 8F            [ 7] 1364 	ld a, #(0x80 | 15)
    000003F5 FB               [ 4] 1365 	ei
    000003F6 D3 99            [11] 1366 	out (0x99), a
    000003F8 DArE3r03         [10] 1367 	jp c, wait_vdp_ready
                                   1368 ;C:\Users\Jummy\Downloads\MSXgl-1.5.0b\engine/src/vdp.c:1335: }
    000003FB C9               [10] 1369 	ret
                                   1370 ;C:\Users\Jummy\Downloads\MSXgl-1.5.0b\engine/src/vdp.c:1339: void VDP_CommandSetupR32()
                                   1371 ;	---------------------------------
                                   1372 ; Function VDP_CommandSetupR32
                                   1373 ; ---------------------------------
    000003FC                       1374 _VDP_CommandSetupR32::
                                   1375 ;C:\Users\Jummy\Downloads\MSXgl-1.5.0b\engine/src/vdp.c:1341: VDP_CommandWait();
    000003FC CDrE3r03         [17] 1376 	call	_VDP_CommandWait
                                   1377 ;C:\Users\Jummy\Downloads\MSXgl-1.5.0b\engine/src/vdp.c:1342: ASM_REG_WRITE_INC(g_VDP_Command, 32, 15);
    000003FF 3E 20            [ 7] 1378 	ld a, #(32) 
    00000401 F3               [ 4] 1379 	di 
    00000402 D3 99            [11] 1380 	out (0x99), a 
    00000404 3E 91            [ 7] 1381 	ld a, #((0x80 | 17)) 
    00000406 FB               [ 4] 1382 	ei 
    00000407 D3 99            [11] 1383 	out (0x99), a 
    00000409 21r1Er00         [10] 1384 	ld hl, #(_g_VDP_Command) 
    0000040C 0E 9B            [ 7] 1385 	ld c, #(0x9B) 
    0000040E F3               [ 4] 1386 	di 
                                   1387 	.rept 15 -1 
                                   1388 	outi 
                                   1389 	.endm 
    0000040F ED A3            [16]    1 	outi 
    00000411 ED A3            [16]    1 	outi 
    00000413 ED A3            [16]    1 	outi 
    00000415 ED A3            [16]    1 	outi 
    00000417 ED A3            [16]    1 	outi 
    00000419 ED A3            [16]    1 	outi 
    0000041B ED A3            [16]    1 	outi 
    0000041D ED A3            [16]    1 	outi 
    0000041F ED A3            [16]    1 	outi 
    00000421 ED A3            [16]    1 	outi 
    00000423 ED A3            [16]    1 	outi 
    00000425 ED A3            [16]    1 	outi 
    00000427 ED A3            [16]    1 	outi 
    00000429 ED A3            [16]    1 	outi 
    0000042B FB               [ 4] 1390 	ei 
    0000042C ED A3            [16] 1391 	outi ; 'ei' included 
                                   1392 ;C:\Users\Jummy\Downloads\MSXgl-1.5.0b\engine/src/vdp.c:1343: }
    0000042E C9               [10] 1393 	ret
                                   1394 ;C:\Users\Jummy\Downloads\MSXgl-1.5.0b\engine/src/vdp.c:1347: void VDP_CommandSetupR36()
                                   1395 ;	---------------------------------
                                   1396 ; Function VDP_CommandSetupR36
                                   1397 ; ---------------------------------
    0000042F                       1398 _VDP_CommandSetupR36::
                                   1399 ;C:\Users\Jummy\Downloads\MSXgl-1.5.0b\engine/src/vdp.c:1349: VDP_CommandWait();
    0000042F CDrE3r03         [17] 1400 	call	_VDP_CommandWait
                                   1401 ;C:\Users\Jummy\Downloads\MSXgl-1.5.0b\engine/src/vdp.c:1350: ASM_REG_WRITE_INC(g_VDP_Command + 4, 36, 11);
    00000432 3E 24            [ 7] 1402 	ld a, #(36) 
    00000434 F3               [ 4] 1403 	di 
    00000435 D3 99            [11] 1404 	out (0x99), a 
    00000437 3E 91            [ 7] 1405 	ld a, #((0x80 | 17)) 
    00000439 FB               [ 4] 1406 	ei 
    0000043A D3 99            [11] 1407 	out (0x99), a 
    0000043C 21r22r00         [10] 1408 	ld hl, #(_g_VDP_Command + 4) 
    0000043F 0E 9B            [ 7] 1409 	ld c, #(0x9B) 
    00000441 F3               [ 4] 1410 	di 
                                   1411 	.rept 11 -1 
                                   1412 	outi 
                                   1413 	.endm 
    00000442 ED A3            [16]    1 	outi 
    00000444 ED A3            [16]    1 	outi 
    00000446 ED A3            [16]    1 	outi 
    00000448 ED A3            [16]    1 	outi 
    0000044A ED A3            [16]    1 	outi 
    0000044C ED A3            [16]    1 	outi 
    0000044E ED A3            [16]    1 	outi 
    00000450 ED A3            [16]    1 	outi 
    00000452 ED A3            [16]    1 	outi 
    00000454 ED A3            [16]    1 	outi 
    00000456 FB               [ 4] 1414 	ei 
    00000457 ED A3            [16] 1415 	outi ; 'ei' included 
                                   1416 ;C:\Users\Jummy\Downloads\MSXgl-1.5.0b\engine/src/vdp.c:1351: }
    00000459 C9               [10] 1417 	ret
                                   1418 ;C:\Users\Jummy\Downloads\MSXgl-1.5.0b\engine/src/vdp.c:1357: void VDP_CommandWriteLoop(const u8* addr) __FASTCALL __PRESERVES(d, e, iyl, iyh)
                                   1419 ;	---------------------------------
                                   1420 ; Function VDP_CommandWriteLoop
                                   1421 ; ---------------------------------
    0000045A                       1422 _VDP_CommandWriteLoop::
                                   1423 ;C:\Users\Jummy\Downloads\MSXgl-1.5.0b\engine/src/vdp.c:1395: __endasm;
    0000045A 3E AC            [ 7] 1424 	ld a, #(0x80 | 44)
    0000045C F3               [ 4] 1425 	di
    0000045D D3 99            [11] 1426 	out (0x99), a
    0000045F 3E 91            [ 7] 1427 	ld a, #(0x80 | 17)
    00000461 D3 99            [11] 1428 	out (0x99), a
    00000463 3E 02            [ 7] 1429 	ld a, #2
    00000465 D3 99            [11] 1430 	out (0x99), a
    00000467 3E 8F            [ 7] 1431 	ld a, #(0x80 | 15)
    00000469 D3 99            [11] 1432 	out (0x99), a
    0000046B 23               [ 6] 1433 	inc hl
    0000046C 0E 9B            [ 7] 1434 	ld c, #0x9B
    0000046E                       1435 write_loop:
    0000046E DB 99            [11] 1436 	in a, (0x99)
    00000470 1F               [ 4] 1437 	rra
    00000471 D2r79r04         [10] 1438 	jp nc, write_finished
    00000474 ED A3            [16] 1439 	outi
    00000476 C3r6Er04         [10] 1440 	jp write_loop
    00000479                       1441 write_finished:
    00000479 AF               [ 4] 1442 	xor a
    0000047A D3 99            [11] 1443 	out (0x99), a
    0000047C 3E 8F            [ 7] 1444 	ld a, #(0x80 | 15)
    0000047E FB               [ 4] 1445 	ei
    0000047F D3 99            [11] 1446 	out (0x99), a
                                   1447 ;C:\Users\Jummy\Downloads\MSXgl-1.5.0b\engine/src/vdp.c:1396: }
    00000481 C9               [10] 1448 	ret
                                   1449 ;C:\Users\Jummy\Downloads\MSXgl-1.5.0b\engine/src/vdp.c:1455: void VDP_Initialize()
                                   1450 ;	---------------------------------
                                   1451 ; Function VDP_Initialize
                                   1452 ; ---------------------------------
    00000482                       1453 _VDP_Initialize::
                                   1454 ;C:\Users\Jummy\Downloads\MSXgl-1.5.0b\engine/src/vdp.c:1463: __endasm;
    00000482 21 DF F3         [10] 1455 	ld hl, #0xF3DF
    00000485 11r00r00         [10] 1456 	ld de, #_g_VDP_REGSAV+0
    00000488 01 08 00         [10] 1457 	ld bc, #8
    0000048B ED B0            [21] 1458 	ldir
                                   1459 ;C:\Users\Jummy\Downloads\MSXgl-1.5.0b\engine/src/vdp.c:1472: __endasm;
    0000048D 21 E7 FF         [10] 1460 	ld hl, #0xFFE7
    00000490 11r08r00         [10] 1461 	ld de, #_g_VDP_REGSAV+8
    00000493 01 10 00         [10] 1462 	ld bc, #16
    00000496 ED B0            [21] 1463 	ldir
                                   1464 ;C:\Users\Jummy\Downloads\MSXgl-1.5.0b\engine/src/vdp.c:1486: g_VDPInitilized = TRUE;
    00000498 21r00r00         [10] 1465 	ld	hl, #_g_VDPInitilized
    0000049B 36 01            [10] 1466 	ld	(hl), #0x01
                                   1467 ;C:\Users\Jummy\Downloads\MSXgl-1.5.0b\engine/src/vdp.c:1488: }
    0000049D C9               [10] 1468 	ret
                                   1469 ;C:\Users\Jummy\Downloads\MSXgl-1.5.0b\engine/src/vdp.c:1496: void VDP_SetMode(const u8 mode)
                                   1470 ;	---------------------------------
                                   1471 ; Function VDP_SetMode
                                   1472 ; ---------------------------------
    0000049E                       1473 _VDP_SetMode::
    0000049E 3B               [ 6] 1474 	dec	sp
    0000049F FD 21 00 00      [14] 1475 	ld	iy, #0
    000004A3 FD 39            [15] 1476 	add	iy, sp
    000004A5 FD 77 00         [19] 1477 	ld	0 (iy), a
                                   1478 ;C:\Users\Jummy\Downloads\MSXgl-1.5.0b\engine/src/vdp.c:1499: if (!g_VDPInitilized)
    000004A8 3Ar00r00         [13] 1479 	ld	a, (_g_VDPInitilized+0)
    000004AB B7               [ 4] 1480 	or	a, a
    000004AC 20 03            [12] 1481 	jr	nz, 00102$
                                   1482 ;C:\Users\Jummy\Downloads\MSXgl-1.5.0b\engine/src/vdp.c:1500: VDP_Initialize();
    000004AE CDr82r04         [17] 1483 	call	_VDP_Initialize
    000004B1                       1484 00102$:
                                   1485 ;C:\Users\Jummy\Downloads\MSXgl-1.5.0b\engine/src/vdp.c:1507: g_VDP_Data.Mode = mode;
    000004B1 21r1Cr00         [10] 1486 	ld	hl, #_g_VDP_Data
    000004B4 FD 21 00 00      [14] 1487 	ld	iy, #0
    000004B8 FD 39            [15] 1488 	add	iy, sp
    000004BA FD 7E 00         [19] 1489 	ld	a, 0 (iy)
    000004BD 77               [ 7] 1490 	ld	(hl), a
                                   1491 ;C:\Users\Jummy\Downloads\MSXgl-1.5.0b\engine/src/vdp.c:1508: switch (mode)
    000004BE 3E 11            [ 7] 1492 	ld	a, #0x11
    000004C0 FD 96 00         [19] 1493 	sub	a, 0 (iy)
    000004C3 38 6C            [12] 1494 	jr	c, 00133$
    000004C5 FD 4E 00         [19] 1495 	ld	c, 0 (iy)
    000004C8 06 00            [ 7] 1496 	ld	b, #0x00
    000004CA 21rD4r04         [10] 1497 	ld	hl, #00171$
    000004CD 09               [11] 1498 	add	hl, bc
    000004CE 09               [11] 1499 	add	hl, bc
    000004CF 4E               [ 7] 1500 	ld	c, (hl)
    000004D0 23               [ 6] 1501 	inc	hl
    000004D1 66               [ 7] 1502 	ld	h, (hl)
    000004D2 69               [ 4] 1503 	ld	l, c
    000004D3 E9               [ 4] 1504 	jp	(hl)
    000004D4                       1505 00171$:
    000004D4rF8r04                 1506 	.dw	00103$
    000004D6rFEr04                 1507 	.dw	00104$
    000004D8r04r05                 1508 	.dw	00105$
    000004DAr0Ar05                 1509 	.dw	00106$
    000004DCr10r05                 1510 	.dw	00107$
    000004DEr16r05                 1511 	.dw	00111$
    000004E0r1Cr05                 1512 	.dw	00113$
    000004E2r22r05                 1513 	.dw	00115$
    000004E4r28r05                 1514 	.dw	00116$
    000004E6r2Er05                 1515 	.dw	00117$
    000004E8r1Cr05                 1516 	.dw	00113$
    000004EAr22r05                 1517 	.dw	00115$
    000004ECr31r05                 1518 	.dw	00133$
    000004EEr31r05                 1519 	.dw	00133$
    000004F0r31r05                 1520 	.dw	00133$
    000004F2r16r05                 1521 	.dw	00111$
    000004F4r16r05                 1522 	.dw	00111$
    000004F6r16r05                 1523 	.dw	00111$
                                   1524 ;C:\Users\Jummy\Downloads\MSXgl-1.5.0b\engine/src/vdp.c:1515: case VDP_MODE_TEXT1:
    000004F8                       1525 00103$:
                                   1526 ;C:\Users\Jummy\Downloads\MSXgl-1.5.0b\engine/src/vdp.c:1516: VDP_SetModeText1();
    000004F8 CDr29r00         [17] 1527 	call	_VDP_SetModeText1
                                   1528 ;C:\Users\Jummy\Downloads\MSXgl-1.5.0b\engine/src/vdp.c:1517: break;
    000004FB C3r31r05         [10] 1529 	jp	00133$
                                   1530 ;C:\Users\Jummy\Downloads\MSXgl-1.5.0b\engine/src/vdp.c:1522: case VDP_MODE_MULTICOLOR:
    000004FE                       1531 00104$:
                                   1532 ;C:\Users\Jummy\Downloads\MSXgl-1.5.0b\engine/src/vdp.c:1523: VDP_SetModeMultiColor();
    000004FE CDr3Fr00         [17] 1533 	call	_VDP_SetModeMultiColor
                                   1534 ;C:\Users\Jummy\Downloads\MSXgl-1.5.0b\engine/src/vdp.c:1524: break;
    00000501 C3r31r05         [10] 1535 	jp	00133$
                                   1536 ;C:\Users\Jummy\Downloads\MSXgl-1.5.0b\engine/src/vdp.c:1529: case VDP_MODE_GRAPHIC1:
    00000504                       1537 00105$:
                                   1538 ;C:\Users\Jummy\Downloads\MSXgl-1.5.0b\engine/src/vdp.c:1530: VDP_SetModeGraphic1();
    00000504 CDr67r00         [17] 1539 	call	_VDP_SetModeGraphic1
                                   1540 ;C:\Users\Jummy\Downloads\MSXgl-1.5.0b\engine/src/vdp.c:1531: break;
    00000507 C3r31r05         [10] 1541 	jp	00133$
                                   1542 ;C:\Users\Jummy\Downloads\MSXgl-1.5.0b\engine/src/vdp.c:1536: case VDP_MODE_GRAPHIC2:
    0000050A                       1543 00106$:
                                   1544 ;C:\Users\Jummy\Downloads\MSXgl-1.5.0b\engine/src/vdp.c:1537: VDP_SetModeGraphic2();
    0000050A CDr97r00         [17] 1545 	call	_VDP_SetModeGraphic2
                                   1546 ;C:\Users\Jummy\Downloads\MSXgl-1.5.0b\engine/src/vdp.c:1538: break;
    0000050D C3r31r05         [10] 1547 	jp	00133$
                                   1548 ;C:\Users\Jummy\Downloads\MSXgl-1.5.0b\engine/src/vdp.c:1547: case VDP_MODE_TEXT2:
    00000510                       1549 00107$:
                                   1550 ;C:\Users\Jummy\Downloads\MSXgl-1.5.0b\engine/src/vdp.c:1548: VDP_SetModeText2();
    00000510 CDrC2r01         [17] 1551 	call	_VDP_SetModeText2
                                   1552 ;C:\Users\Jummy\Downloads\MSXgl-1.5.0b\engine/src/vdp.c:1549: break;
    00000513 C3r31r05         [10] 1553 	jp	00133$
                                   1554 ;C:\Users\Jummy\Downloads\MSXgl-1.5.0b\engine/src/vdp.c:1559: case VDP_MODE_GRAPHIC3:
    00000516                       1555 00111$:
                                   1556 ;C:\Users\Jummy\Downloads\MSXgl-1.5.0b\engine/src/vdp.c:1560: VDP_SetModeGraphic3();
    00000516 CDrE1r01         [17] 1557 	call	_VDP_SetModeGraphic3
                                   1558 ;C:\Users\Jummy\Downloads\MSXgl-1.5.0b\engine/src/vdp.c:1561: break;
    00000519 C3r31r05         [10] 1559 	jp	00133$
                                   1560 ;C:\Users\Jummy\Downloads\MSXgl-1.5.0b\engine/src/vdp.c:1568: case VDP_MODE_SCREEN9_40: // @todo Further setting needed?
    0000051C                       1561 00113$:
                                   1562 ;C:\Users\Jummy\Downloads\MSXgl-1.5.0b\engine/src/vdp.c:1569: VDP_SetModeGraphic4();
    0000051C CDr12r02         [17] 1563 	call	_VDP_SetModeGraphic4
                                   1564 ;C:\Users\Jummy\Downloads\MSXgl-1.5.0b\engine/src/vdp.c:1570: break;
    0000051F C3r31r05         [10] 1565 	jp	00133$
                                   1566 ;C:\Users\Jummy\Downloads\MSXgl-1.5.0b\engine/src/vdp.c:1576: case VDP_MODE_SCREEN9_80: // @todo Further setting needed?
    00000522                       1567 00115$:
                                   1568 ;C:\Users\Jummy\Downloads\MSXgl-1.5.0b\engine/src/vdp.c:1577: VDP_SetModeGraphic5();
    00000522 CDr31r02         [17] 1569 	call	_VDP_SetModeGraphic5
                                   1570 ;C:\Users\Jummy\Downloads\MSXgl-1.5.0b\engine/src/vdp.c:1578: break;
    00000525 C3r31r05         [10] 1571 	jp	00133$
                                   1572 ;C:\Users\Jummy\Downloads\MSXgl-1.5.0b\engine/src/vdp.c:1583: case VDP_MODE_GRAPHIC6:
    00000528                       1573 00116$:
                                   1574 ;C:\Users\Jummy\Downloads\MSXgl-1.5.0b\engine/src/vdp.c:1584: VDP_SetModeGraphic6();
    00000528 CDr50r02         [17] 1575 	call	_VDP_SetModeGraphic6
                                   1576 ;C:\Users\Jummy\Downloads\MSXgl-1.5.0b\engine/src/vdp.c:1585: break;
    0000052B C3r31r05         [10] 1577 	jp	00133$
                                   1578 ;C:\Users\Jummy\Downloads\MSXgl-1.5.0b\engine/src/vdp.c:1590: case VDP_MODE_GRAPHIC7:		
    0000052E                       1579 00117$:
                                   1580 ;C:\Users\Jummy\Downloads\MSXgl-1.5.0b\engine/src/vdp.c:1591: VDP_SetModeGraphic7();
    0000052E CDr6Fr02         [17] 1581 	call	_VDP_SetModeGraphic7
                                   1582 ;C:\Users\Jummy\Downloads\MSXgl-1.5.0b\engine/src/vdp.h:710: inline void VDP_EnableDisplay(bool enable) { VDP_RegWriteBakMask(1, (u8)~R01_BL, enable ? R01_BL : 0); }
    00000531                       1583 00133$:
    00000531 3E 40            [ 7] 1584 	ld	a, #0x40
    00000533 F5               [11] 1585 	push	af
    00000534 33               [ 6] 1586 	inc	sp
    00000535 2E BF            [ 7] 1587 	ld	l, #0xbf
    00000537 3E 01            [ 7] 1588 	ld	a, #0x01
    00000539 CDrFBr05         [17] 1589 	call	_VDP_RegWriteBakMask
                                   1590 ;C:\Users\Jummy\Downloads\MSXgl-1.5.0b\engine/src/vdp.h:717: inline void VDP_EnableVBlank(bool enable) { VDP_RegWriteBakMask(1, (u8)~R01_IE0, enable ? R01_IE0 : 0); }
    0000053C 3E 20            [ 7] 1591 	ld	a, #0x20
    0000053E F5               [11] 1592 	push	af
    0000053F 33               [ 6] 1593 	inc	sp
    00000540 2E DF            [ 7] 1594 	ld	l, #0xdf
    00000542 3E 01            [ 7] 1595 	ld	a, #0x01
    00000544 CDrFBr05         [17] 1596 	call	_VDP_RegWriteBakMask
                                   1597 ;C:\Users\Jummy\Downloads\MSXgl-1.5.0b\engine/src/vdp.h:750: inline void VDP_EnableSprite(u8 enable) { VDP_RegWriteBakMask(8, (u8)~R08_SPD, !enable ? R08_SPD : 0); }
    00000547 AF               [ 4] 1598 	xor	a, a
    00000548 F5               [11] 1599 	push	af
    00000549 33               [ 6] 1600 	inc	sp
    0000054A 2E FD            [ 7] 1601 	ld	l, #0xfd
    0000054C 3E 08            [ 7] 1602 	ld	a, #0x08
    0000054E CDrFBr05         [17] 1603 	call	_VDP_RegWriteBakMask
                                   1604 ;C:\Users\Jummy\Downloads\MSXgl-1.5.0b\engine/src/vdp.h:499: return mode >= VDP_MODE_GRAPHIC4;
    00000551 21 00 00         [10] 1605 	ld	hl, #0
    00000554 39               [11] 1606 	add	hl, sp
    00000555 7E               [ 7] 1607 	ld	a, (hl)
    00000556 D6 06            [ 7] 1608 	sub	a, #0x06
    00000558 3E 00            [ 7] 1609 	ld	a, #0x00
    0000055A 17               [ 4] 1610 	rla
                                   1611 ;C:\Users\Jummy\Downloads\MSXgl-1.5.0b\engine/src/vdp.c:1635: if (VDP_IsBitmapMode(mode)) // Activate 212 lines for bitmap mode
    0000055B EE 01            [ 7] 1612 	xor	a,#0x01
    0000055D 28 0E            [12] 1613 	jr	z, 00120$
                                   1614 ;C:\Users\Jummy\Downloads\MSXgl-1.5.0b\engine/src/vdp.h:839: inline void VDP_SetLineCount(u8 lines) { VDP_RegWriteBakMask(9, (u8)~R09_LN, lines); }
    0000055F 3E 80            [ 7] 1615 	ld	a, #0x80
    00000561 F5               [11] 1616 	push	af
    00000562 33               [ 6] 1617 	inc	sp
    00000563 2E 7F            [ 7] 1618 	ld	l, #0x7f
    00000565 3E 09            [ 7] 1619 	ld	a, #0x09
    00000567 CDrFBr05         [17] 1620 	call	_VDP_RegWriteBakMask
                                   1621 ;C:\Users\Jummy\Downloads\MSXgl-1.5.0b\engine/src/vdp.c:1636: VDP_SetLineCount(VDP_LINE_212);
    0000056A C3r77r05         [10] 1622 	jp	00138$
    0000056D                       1623 00120$:
                                   1624 ;C:\Users\Jummy\Downloads\MSXgl-1.5.0b\engine/src/vdp.h:839: inline void VDP_SetLineCount(u8 lines) { VDP_RegWriteBakMask(9, (u8)~R09_LN, lines); }
    0000056D AF               [ 4] 1625 	xor	a, a
    0000056E F5               [11] 1626 	push	af
    0000056F 33               [ 6] 1627 	inc	sp
    00000570 2E 7F            [ 7] 1628 	ld	l, #0x7f
    00000572 3E 09            [ 7] 1629 	ld	a, #0x09
    00000574 CDrFBr05         [17] 1630 	call	_VDP_RegWriteBakMask
                                   1631 ;C:\Users\Jummy\Downloads\MSXgl-1.5.0b\engine/src/vdp.h:854: inline void VDP_SetInterlace(bool enable) { VDP_RegWriteBakMask(9, (u8)~R09_IL, enable ? R09_IL : 0); }
    00000577                       1632 00138$:
    00000577 AF               [ 4] 1633 	xor	a, a
    00000578 F5               [11] 1634 	push	af
    00000579 33               [ 6] 1635 	inc	sp
    0000057A 2E F7            [ 7] 1636 	ld	l, #0xf7
    0000057C 3E 09            [ 7] 1637 	ld	a, #0x09
    0000057E CDrFBr05         [17] 1638 	call	_VDP_RegWriteBakMask
                                   1639 ;C:\Users\Jummy\Downloads\MSXgl-1.5.0b\engine/src/vdp.h:846: inline void VDP_SetPageAlternance(bool enable) { VDP_RegWriteBakMask(9, (u8)~R09_EO, enable ? R09_EO : 0); }
    00000581 AF               [ 4] 1640 	xor	a, a
    00000582 F5               [11] 1641 	push	af
    00000583 33               [ 6] 1642 	inc	sp
    00000584 2E FB            [ 7] 1643 	ld	l, #0xfb
    00000586 3E 09            [ 7] 1644 	ld	a, #0x09
    00000588 CDrFBr05         [17] 1645 	call	_VDP_RegWriteBakMask
                                   1646 ;C:\Users\Jummy\Downloads\MSXgl-1.5.0b\engine/src/vdp.c:1640: VDP_SetPageAlternance(FALSE);
                                   1647 ;C:\Users\Jummy\Downloads\MSXgl-1.5.0b\engine/src/vdp.c:1643: }
    0000058B 33               [ 6] 1648 	inc	sp
    0000058C C9               [10] 1649 	ret
                                   1650 ;C:\Users\Jummy\Downloads\MSXgl-1.5.0b\engine/src/vdp.c:1649: u8 VDP_GetVersion() __NAKED
                                   1651 ;	---------------------------------
                                   1652 ; Function VDP_GetVersion
                                   1653 ; ---------------------------------
    0000058D                       1654 _VDP_GetVersion::
                                   1655 ;C:\Users\Jummy\Downloads\MSXgl-1.5.0b\engine/src/vdp.c:1718: __endasm;
    0000058D                       1656 VDP_GetVersionAsm:
    0000058D CDrACr05         [17] 1657 	call VDP_IsTMS9918A
    00000590 C8               [11] 1658 	ret z
    00000591 3E 01            [ 7] 1659 	ld a, #1
    00000593 F3               [ 4] 1660 	di
    00000594 D3 99            [11] 1661 	out (0x99), a
    00000596 3E 8F            [ 7] 1662 	ld a, #(0x80 | 15)
    00000598 D3 99            [11] 1663 	out (0x99), a
    0000059A DB 99            [11] 1664 	in a, (0x99)
    0000059C E6 3E            [ 7] 1665 	and #0b00111110
    0000059E 0F               [ 4] 1666 	rrca
    0000059F 08               [ 4] 1667 	ex af, af'					; '
    000005A0 AF               [ 4] 1668 	xor a
    000005A1 D3 99            [11] 1669 	out (0x99), a
    000005A3 3E 8F            [ 7] 1670 	ld a, #(0x80 | 15)
    000005A5 FB               [ 4] 1671 	ei
    000005A6 D3 99            [11] 1672 	out (0x99), a
    000005A8 08               [ 4] 1673 	ex af, af'					; '
    000005A9 C0               [11] 1674 	ret nz
    000005AA 3C               [ 4] 1675 	inc a
    000005AB C9               [10] 1676 	ret
    000005AC                       1677 VDP_IsTMS9918A:
    000005AC AF               [ 4] 1678 	xor a
    000005AD F3               [ 4] 1679 	di
    000005AE D3 99            [11] 1680 	out (0x99), a
    000005B0 3E 8F            [ 7] 1681 	ld a, #(0x80 | 15)
    000005B2 D3 99            [11] 1682 	out (0x99), a
    000005B4 DB 99            [11] 1683 	in a, (0x99)
    000005B6                       1684 VDP_IsTMS9918A_Wait:
    000005B6 DB 99            [11] 1685 	in a,(0x99)
    000005B8 A7               [ 4] 1686 	and a
    000005B9 F2rB6r05         [10] 1687 	jp p, VDP_IsTMS9918A_Wait
    000005BC 3E 02            [ 7] 1688 	ld a, #2
    000005BE D3 99            [11] 1689 	out (0x99), a
    000005C0 3E 8F            [ 7] 1690 	ld a, #(0x80 | 15)
    000005C2 D3 99            [11] 1691 	out (0x99), a
    000005C4 DB 99            [11] 1692 	in a, (0x99)
    000005C6 08               [ 4] 1693 	ex af, af'					; '
    000005C7 AF               [ 4] 1694 	xor a
    000005C8 D3 99            [11] 1695 	out (0x99), a
    000005CA 3E 8F            [ 7] 1696 	ld a, #(0x80 | 15)
    000005CC D3 99            [11] 1697 	out (0x99), a
    000005CE 3A E6 F3         [13] 1698 	ld a, (0xF3E6)
    000005D1 D3 99            [11] 1699 	out (0x99), a
    000005D3 3E 87            [ 7] 1700 	ld a, #(0x80 | 7)
    000005D5 FB               [ 4] 1701 	ei
    000005D6 D3 99            [11] 1702 	out (0x99), a
    000005D8 08               [ 4] 1703 	ex af, af'					; '
    000005D9 E6 40            [ 7] 1704 	and #0b01000000
    000005DB C9               [10] 1705 	ret
                                   1706 ;C:\Users\Jummy\Downloads\MSXgl-1.5.0b\engine/src/vdp.c:1719: }
                                   1707 ;C:\Users\Jummy\Downloads\MSXgl-1.5.0b\engine/src/vdp.c:1727: void VDP_RegWrite(u8 reg, u8 value) __PRESERVES(b, c, d, e, iyl, iyh)
                                   1708 ;	---------------------------------
                                   1709 ; Function VDP_RegWrite
                                   1710 ; ---------------------------------
    000005DC                       1711 _VDP_RegWrite::
                                   1712 ;C:\Users\Jummy\Downloads\MSXgl-1.5.0b\engine/src/vdp.c:1741: __endasm;
    000005DC 67               [ 4] 1713 	ld h, a
    000005DD 7D               [ 4] 1714 	ld a, l
    000005DE F3               [ 4] 1715 	di
    000005DF D3 99            [11] 1716 	out (0x99), a
    000005E1 7C               [ 4] 1717 	ld a, h
    000005E2 C6 80            [ 7] 1718 	add #0x80
    000005E4 FB               [ 4] 1719 	ei
    000005E5 D3 99            [11] 1720 	out (0x99), a
                                   1721 ;C:\Users\Jummy\Downloads\MSXgl-1.5.0b\engine/src/vdp.c:1742: }
    000005E7 C9               [10] 1722 	ret
                                   1723 ;C:\Users\Jummy\Downloads\MSXgl-1.5.0b\engine/src/vdp.c:1750: void VDP_RegWriteBak(u8 reg, u8 value) __PRESERVES(d, e, iyl, iyh)
                                   1724 ;	---------------------------------
                                   1725 ; Function VDP_RegWriteBak
                                   1726 ; ---------------------------------
    000005E8                       1727 _VDP_RegWriteBak::
                                   1728 ;C:\Users\Jummy\Downloads\MSXgl-1.5.0b\engine/src/vdp.c:1770: __endasm;
    000005E8 4F               [ 4] 1729 	ld c, a
    000005E9 7D               [ 4] 1730 	ld a, l
    000005EA 06 00            [ 7] 1731 	ld b, #0
    000005EC 21r00r00         [10] 1732 	ld hl, #_g_VDP_REGSAV
    000005EF 09               [11] 1733 	add hl, bc
    000005F0 77               [ 7] 1734 	ld (hl), a
    000005F1 F3               [ 4] 1735 	di
    000005F2 D3 99            [11] 1736 	out (0x99), a
    000005F4 79               [ 4] 1737 	ld a, c
    000005F5 C6 80            [ 7] 1738 	add #0x80
    000005F7 FB               [ 4] 1739 	ei
    000005F8 D3 99            [11] 1740 	out (0x99), a
                                   1741 ;C:\Users\Jummy\Downloads\MSXgl-1.5.0b\engine/src/vdp.c:1771: }
    000005FA C9               [10] 1742 	ret
                                   1743 ;C:\Users\Jummy\Downloads\MSXgl-1.5.0b\engine/src/vdp.c:1780: void VDP_RegWriteBakMask(u8 reg, u8 mask, u8 flag)
                                   1744 ;	---------------------------------
                                   1745 ; Function VDP_RegWriteBakMask
                                   1746 ; ---------------------------------
    000005FB                       1747 _VDP_RegWriteBakMask::
    000005FB DD E5            [15] 1748 	push	ix
    000005FD DD 21 00 00      [14] 1749 	ld	ix,	#0
    00000601 DD 39            [15] 1750 	add	ix, sp
    00000603 4F               [ 4] 1751 	ld	c, a
    00000604 5D               [ 4] 1752 	ld	e, l
                                   1753 ;C:\Users\Jummy\Downloads\MSXgl-1.5.0b\engine/src/vdp.c:1782: u8 value = g_VDP_REGSAV[reg];
    00000605 21r00r00         [10] 1754 	ld	hl, #_g_VDP_REGSAV+0
    00000608 79               [ 4] 1755 	ld	a, c
    00000609 85               [ 4] 1756 	add	a, l
    0000060A 6F               [ 4] 1757 	ld	l, a
    0000060B 3E 00            [ 7] 1758 	ld	a, #0x00
    0000060D 8C               [ 4] 1759 	adc	a, h
    0000060E 67               [ 4] 1760 	ld	h, a
    0000060F 7E               [ 7] 1761 	ld	a, (hl)
                                   1762 ;C:\Users\Jummy\Downloads\MSXgl-1.5.0b\engine/src/vdp.c:1783: value &= mask;
    00000610 A3               [ 4] 1763 	and	a, e
                                   1764 ;C:\Users\Jummy\Downloads\MSXgl-1.5.0b\engine/src/vdp.c:1784: value |= flag;
    00000611 DD B6 04         [19] 1765 	or	a, 4 (ix)
                                   1766 ;C:\Users\Jummy\Downloads\MSXgl-1.5.0b\engine/src/vdp.c:1785: VDP_RegWriteBak(reg, value);
    00000614 6F               [ 4] 1767 	ld	l, a
    00000615 79               [ 4] 1768 	ld	a, c
    00000616 CDrE8r05         [17] 1769 	call	_VDP_RegWriteBak
                                   1770 ;C:\Users\Jummy\Downloads\MSXgl-1.5.0b\engine/src/vdp.c:1786: }
    00000619 DD E1            [14] 1771 	pop	ix
    0000061B E1               [10] 1772 	pop	hl
    0000061C 33               [ 6] 1773 	inc	sp
    0000061D E9               [ 4] 1774 	jp	(hl)
                                   1775 ;C:\Users\Jummy\Downloads\MSXgl-1.5.0b\engine/src/vdp.c:1790: u8 VDP_ReadDefaultStatus() __NAKED __PRESERVES(b, c, d, e, h, l, iyl, iyh)
                                   1776 ;	---------------------------------
                                   1777 ; Function VDP_ReadDefaultStatus
                                   1778 ; ---------------------------------
    0000061E                       1779 _VDP_ReadDefaultStatus::
                                   1780 ;C:\Users\Jummy\Downloads\MSXgl-1.5.0b\engine/src/vdp.c:1795: __endasm;
    0000061E DB 99            [11] 1781 	in a, (0x99)
    00000620 C9               [10] 1782 	ret
                                   1783 ;C:\Users\Jummy\Downloads\MSXgl-1.5.0b\engine/src/vdp.c:1796: }
                                   1784 ;C:\Users\Jummy\Downloads\MSXgl-1.5.0b\engine/src/vdp.c:1802: void VDP_SetPage(u8 page)
                                   1785 ;	---------------------------------
                                   1786 ; Function VDP_SetPage
                                   1787 ; ---------------------------------
    00000621                       1788 _VDP_SetPage::
                                   1789 ;C:\Users\Jummy\Downloads\MSXgl-1.5.0b\engine/src/vdp.c:1804: u8 reg = page << 5;
    00000621 0F               [ 4] 1790 	rrca
    00000622 0F               [ 4] 1791 	rrca
    00000623 0F               [ 4] 1792 	rrca
    00000624 E6 E0            [ 7] 1793 	and	a, #0xe0
                                   1794 ;C:\Users\Jummy\Downloads\MSXgl-1.5.0b\engine/src/vdp.c:1805: reg |= 0b11111;
    00000626 F6 1F            [ 7] 1795 	or	a, #0x1f
                                   1796 ;C:\Users\Jummy\Downloads\MSXgl-1.5.0b\engine/src/vdp.c:1806: VDP_RegWriteBak(2, reg);
    00000628 6F               [ 4] 1797 	ld	l, a
    00000629 3E 02            [ 7] 1798 	ld	a, #0x02
                                   1799 ;C:\Users\Jummy\Downloads\MSXgl-1.5.0b\engine/src/vdp.c:1807: }
    0000062B C3rE8r05         [10] 1800 	jp	_VDP_RegWriteBak
                                   1801 ;C:\Users\Jummy\Downloads\MSXgl-1.5.0b\engine/src/vdp.c:1813: void VDP_SetLayoutTable(VADDR addr)
                                   1802 ;	---------------------------------
                                   1803 ; Function VDP_SetLayoutTable
                                   1804 ; ---------------------------------
    0000062E                       1805 _VDP_SetLayoutTable::
    0000062E DD E5            [15] 1806 	push	ix
    00000630 DD 21 00 00      [14] 1807 	ld	ix,	#0
    00000634 DD 39            [15] 1808 	add	ix, sp
    00000636 F5               [11] 1809 	push	af
    00000637 D5               [11] 1810 	push	de
    00000638 DD 75 FE         [19] 1811 	ld	-2 (ix), l
    0000063B DD 74 FF         [19] 1812 	ld	-1 (ix), h
                                   1813 ;C:\Users\Jummy\Downloads\MSXgl-1.5.0b\engine/src/vdp.c:1815: g_ScreenLayoutLow = (u16)addr;
    0000063E E1               [10] 1814 	pop	hl
    0000063F E5               [11] 1815 	push	hl
    00000640 22r31r00         [16] 1816 	ld	(_g_ScreenLayoutLow), hl
                                   1817 ;C:\Users\Jummy\Downloads\MSXgl-1.5.0b\engine/src/vdp.c:1818: reg = (u8)(addr >> 10);
    00000643 DD 5E FD         [19] 1818 	ld	e, -3 (ix)
    00000646 DD 56 FE         [19] 1819 	ld	d, -2 (ix)
    00000649 DD 4E FF         [19] 1820 	ld	c, -1 (ix)
    0000064C 06 02            [ 7] 1821 	ld	b, #0x02
    0000064E                       1822 00149$:
    0000064E CB 39            [ 8] 1823 	srl	c
    00000650 CB 1A            [ 8] 1824 	rr	d
    00000652 CB 1B            [ 8] 1825 	rr	e
    00000654 10 F8            [13] 1826 	djnz	00149$
                                   1827 ;C:\Users\Jummy\Downloads\MSXgl-1.5.0b\engine/src/vdp.c:1820: switch (g_VDP_Data.Mode)
    00000656 3Ar1Cr00         [13] 1828 	ld	a, (#_g_VDP_Data + 0)
    00000659 FE 04            [ 7] 1829 	cp	a, #0x04
    0000065B 28 13            [12] 1830 	jr	z, 00101$
    0000065D FE 06            [ 7] 1831 	cp	a, #0x06
    0000065F 28 18            [12] 1832 	jr	z, 00105$
    00000661 FE 07            [ 7] 1833 	cp	a, #0x07
    00000663 28 14            [12] 1834 	jr	z, 00105$
    00000665 FE 08            [ 7] 1835 	cp	a, #0x08
    00000667 28 0E            [12] 1836 	jr	z, 00103$
    00000669 FE 09            [ 7] 1837 	cp	a, #0x09
    0000066B 28 0A            [12] 1838 	jr	z, 00103$
    0000066D C3r7Dr06         [10] 1839 	jp	00106$
                                   1840 ;C:\Users\Jummy\Downloads\MSXgl-1.5.0b\engine/src/vdp.c:1822: case VDP_MODE_TEXT2:
    00000670                       1841 00101$:
                                   1842 ;C:\Users\Jummy\Downloads\MSXgl-1.5.0b\engine/src/vdp.c:1823: reg |= 0b11;
    00000670 7B               [ 4] 1843 	ld	a, e
    00000671 F6 03            [ 7] 1844 	or	a, #0x03
    00000673 5F               [ 4] 1845 	ld	e, a
                                   1846 ;C:\Users\Jummy\Downloads\MSXgl-1.5.0b\engine/src/vdp.c:1824: break;
    00000674 C3r7Dr06         [10] 1847 	jp	00106$
                                   1848 ;C:\Users\Jummy\Downloads\MSXgl-1.5.0b\engine/src/vdp.c:1826: case VDP_MODE_GRAPHIC7:
    00000677                       1849 00103$:
                                   1850 ;C:\Users\Jummy\Downloads\MSXgl-1.5.0b\engine/src/vdp.c:1832: reg >>= 1;
    00000677 CB 3B            [ 8] 1851 	srl	e
                                   1852 ;C:\Users\Jummy\Downloads\MSXgl-1.5.0b\engine/src/vdp.c:1834: case VDP_MODE_GRAPHIC5:
    00000679                       1853 00105$:
                                   1854 ;C:\Users\Jummy\Downloads\MSXgl-1.5.0b\engine/src/vdp.c:1835: reg |= 0b11111;
    00000679 7B               [ 4] 1855 	ld	a, e
    0000067A F6 1F            [ 7] 1856 	or	a, #0x1f
    0000067C 5F               [ 4] 1857 	ld	e, a
                                   1858 ;C:\Users\Jummy\Downloads\MSXgl-1.5.0b\engine/src/vdp.c:1837: };	
    0000067D                       1859 00106$:
                                   1860 ;C:\Users\Jummy\Downloads\MSXgl-1.5.0b\engine/src/vdp.c:1839: VDP_RegWrite(2, reg);
    0000067D 6B               [ 4] 1861 	ld	l, e
    0000067E 3E 02            [ 7] 1862 	ld	a, #0x02
    00000680 CDrDCr05         [17] 1863 	call	_VDP_RegWrite
                                   1864 ;C:\Users\Jummy\Downloads\MSXgl-1.5.0b\engine/src/vdp.c:1842: g_ScreenLayoutHigh = addr >> 16;
    00000683 DD 7E FE         [19] 1865 	ld	a, -2 (ix)
    00000686 32r3Dr00         [13] 1866 	ld	(#_g_ScreenLayoutHigh), a
                                   1867 ;C:\Users\Jummy\Downloads\MSXgl-1.5.0b\engine/src/vdp.c:1844: }
    00000689 DD F9            [10] 1868 	ld	sp, ix
    0000068B DD E1            [14] 1869 	pop	ix
    0000068D C9               [10] 1870 	ret
                                   1871 ;C:\Users\Jummy\Downloads\MSXgl-1.5.0b\engine/src/vdp.c:1848: void VDP_SetColorTable(VADDR addr)
                                   1872 ;	---------------------------------
                                   1873 ; Function VDP_SetColorTable
                                   1874 ; ---------------------------------
    0000068E                       1875 _VDP_SetColorTable::
    0000068E DD E5            [15] 1876 	push	ix
    00000690 DD 21 00 00      [14] 1877 	ld	ix,	#0
    00000694 DD 39            [15] 1878 	add	ix, sp
    00000696 F5               [11] 1879 	push	af
    00000697 F5               [11] 1880 	push	af
    00000698 4D               [ 4] 1881 	ld	c, l
    00000699 44               [ 4] 1882 	ld	b, h
                                   1883 ;C:\Users\Jummy\Downloads\MSXgl-1.5.0b\engine/src/vdp.c:1850: g_ScreenColorLow = (u16)addr;
    0000069A ED 53r33r00      [20] 1884 	ld	(_g_ScreenColorLow), de
                                   1885 ;C:\Users\Jummy\Downloads\MSXgl-1.5.0b\engine/src/vdp.c:1853: reg = (u8)(addr >> 6);
    0000069E 6B               [ 4] 1886 	ld	l, e
    0000069F 62               [ 4] 1887 	ld	h, d
    000006A0 29               [11] 1888 	add	hl, hl
    000006A1 29               [11] 1889 	add	hl, hl
    000006A2 DD 74 FF         [19] 1890 	ld	-1 (ix), h
                                   1891 ;C:\Users\Jummy\Downloads\MSXgl-1.5.0b\engine/src/vdp.c:1854: switch (g_VDP_Data.Mode)
    000006A5 3Ar1Cr00         [13] 1892 	ld	a, (#_g_VDP_Data + 0)
    000006A8 FE 03            [ 7] 1893 	cp	a, #0x03
    000006AA 28 43            [12] 1894 	jr	z, 00106$
    000006AC FE 04            [ 7] 1895 	cp	a, #0x04
    000006AE 28 13            [12] 1896 	jr	z, 00101$
    000006B0 FE 05            [ 7] 1897 	cp	a, #0x05
    000006B2 28 3B            [12] 1898 	jr	z, 00106$
    000006B4 FE 0F            [ 7] 1899 	cp	a, #0x0f
    000006B6 28 16            [12] 1900 	jr	z, 00102$
    000006B8 FE 10            [ 7] 1901 	cp	a, #0x10
    000006BA 28 1D            [12] 1902 	jr	z, 00103$
    000006BC FE 11            [ 7] 1903 	cp	a, #0x11
    000006BE 28 24            [12] 1904 	jr	z, 00104$
    000006C0 C3rF7r06         [10] 1905 	jp	00107$
                                   1906 ;C:\Users\Jummy\Downloads\MSXgl-1.5.0b\engine/src/vdp.c:1857: case VDP_MODE_TEXT2:
    000006C3                       1907 00101$:
                                   1908 ;C:\Users\Jummy\Downloads\MSXgl-1.5.0b\engine/src/vdp.c:1858: reg |= 0b111;
    000006C3 DD 7E FF         [19] 1909 	ld	a, -1 (ix)
    000006C6 F6 07            [ 7] 1910 	or	a, #0x07
    000006C8 DD 77 FF         [19] 1911 	ld	-1 (ix), a
                                   1912 ;C:\Users\Jummy\Downloads\MSXgl-1.5.0b\engine/src/vdp.c:1859: break;
    000006CB C3rF7r06         [10] 1913 	jp	00107$
                                   1914 ;C:\Users\Jummy\Downloads\MSXgl-1.5.0b\engine/src/vdp.c:1861: case VDP_MODE_GRAPHIC3_MIRROR_0:
    000006CE                       1915 00102$:
                                   1916 ;C:\Users\Jummy\Downloads\MSXgl-1.5.0b\engine/src/vdp.c:1862: reg |= 0b0011111;
    000006CE DD 7E FF         [19] 1917 	ld	a, -1 (ix)
    000006D1 F6 1F            [ 7] 1918 	or	a, #0x1f
    000006D3 DD 77 FF         [19] 1919 	ld	-1 (ix), a
                                   1920 ;C:\Users\Jummy\Downloads\MSXgl-1.5.0b\engine/src/vdp.c:1863: break;
    000006D6 C3rF7r06         [10] 1921 	jp	00107$
                                   1922 ;C:\Users\Jummy\Downloads\MSXgl-1.5.0b\engine/src/vdp.c:1864: case VDP_MODE_GRAPHIC3_MIRROR_01:
    000006D9                       1923 00103$:
                                   1924 ;C:\Users\Jummy\Downloads\MSXgl-1.5.0b\engine/src/vdp.c:1865: reg |= 0b0111111;
    000006D9 DD 7E FF         [19] 1925 	ld	a, -1 (ix)
    000006DC F6 3F            [ 7] 1926 	or	a, #0x3f
    000006DE DD 77 FF         [19] 1927 	ld	-1 (ix), a
                                   1928 ;C:\Users\Jummy\Downloads\MSXgl-1.5.0b\engine/src/vdp.c:1866: break;
    000006E1 C3rF7r06         [10] 1929 	jp	00107$
                                   1930 ;C:\Users\Jummy\Downloads\MSXgl-1.5.0b\engine/src/vdp.c:1867: case VDP_MODE_GRAPHIC3_MIRROR_02:
    000006E4                       1931 00104$:
                                   1932 ;C:\Users\Jummy\Downloads\MSXgl-1.5.0b\engine/src/vdp.c:1868: reg |= 0b1011111;
    000006E4 DD 7E FF         [19] 1933 	ld	a, -1 (ix)
    000006E7 F6 5F            [ 7] 1934 	or	a, #0x5f
    000006E9 DD 77 FF         [19] 1935 	ld	-1 (ix), a
                                   1936 ;C:\Users\Jummy\Downloads\MSXgl-1.5.0b\engine/src/vdp.c:1869: break;
    000006EC C3rF7r06         [10] 1937 	jp	00107$
                                   1938 ;C:\Users\Jummy\Downloads\MSXgl-1.5.0b\engine/src/vdp.c:1873: case VDP_MODE_GRAPHIC2:
    000006EF                       1939 00106$:
                                   1940 ;C:\Users\Jummy\Downloads\MSXgl-1.5.0b\engine/src/vdp.c:1874: reg |= 0b1111111;
    000006EF DD 7E FF         [19] 1941 	ld	a, -1 (ix)
    000006F2 F6 7F            [ 7] 1942 	or	a, #0x7f
    000006F4 DD 77 FF         [19] 1943 	ld	-1 (ix), a
                                   1944 ;C:\Users\Jummy\Downloads\MSXgl-1.5.0b\engine/src/vdp.c:1876: };	
    000006F7                       1945 00107$:
                                   1946 ;C:\Users\Jummy\Downloads\MSXgl-1.5.0b\engine/src/vdp.c:1877: VDP_RegWrite(3, reg);
    000006F7 DD 6E FF         [19] 1947 	ld	l, -1 (ix)
    000006FA 3E 03            [ 7] 1948 	ld	a, #0x03
    000006FC CDrDCr05         [17] 1949 	call	_VDP_RegWrite
                                   1950 ;C:\Users\Jummy\Downloads\MSXgl-1.5.0b\engine/src/vdp.c:1880: reg = (u8)(addr >> 14);
    000006FF DD 72 FC         [19] 1951 	ld	-4 (ix), d
    00000702 DD 71 FD         [19] 1952 	ld	-3 (ix), c
    00000705 DD 70 FE         [19] 1953 	ld	-2 (ix), b
    00000708 DD 36 FF 00      [19] 1954 	ld	-1 (ix), #0x00
    0000070C 3E 06            [ 7] 1955 	ld	a, #0x06
    0000070E                       1956 00164$:
    0000070E DD CB FE 3E      [23] 1957 	srl	-2 (ix)
    00000712 DD CB FD 1E      [23] 1958 	rr	-3 (ix)
    00000716 DD CB FC 1E      [23] 1959 	rr	-4 (ix)
    0000071A 3D               [ 4] 1960 	dec	a
    0000071B 20 F1            [12] 1961 	jr	nz, 00164$
    0000071D DD 6E FC         [19] 1962 	ld	l, -4 (ix)
                                   1963 ;C:\Users\Jummy\Downloads\MSXgl-1.5.0b\engine/src/vdp.c:1881: VDP_RegWrite(10, reg);
    00000720 3E 0A            [ 7] 1964 	ld	a, #0x0a
    00000722 CDrDCr05         [17] 1965 	call	_VDP_RegWrite
                                   1966 ;C:\Users\Jummy\Downloads\MSXgl-1.5.0b\engine/src/vdp.c:1883: g_ScreenColorHigh = addr >> 16;
    00000725 21r3Er00         [10] 1967 	ld	hl, #_g_ScreenColorHigh
    00000728 71               [ 7] 1968 	ld	(hl), c
                                   1969 ;C:\Users\Jummy\Downloads\MSXgl-1.5.0b\engine/src/vdp.c:1885: }
    00000729 DD F9            [10] 1970 	ld	sp, ix
    0000072B DD E1            [14] 1971 	pop	ix
    0000072D C9               [10] 1972 	ret
                                   1973 ;C:\Users\Jummy\Downloads\MSXgl-1.5.0b\engine/src/vdp.c:1889: void VDP_SetPatternTable(VADDR addr)
                                   1974 ;	---------------------------------
                                   1975 ; Function VDP_SetPatternTable
                                   1976 ; ---------------------------------
    0000072E                       1977 _VDP_SetPatternTable::
    0000072E DD E5            [15] 1978 	push	ix
    00000730 DD 21 00 00      [14] 1979 	ld	ix,	#0
    00000734 DD 39            [15] 1980 	add	ix, sp
    00000736 F5               [11] 1981 	push	af
    00000737 D5               [11] 1982 	push	de
    00000738 DD 75 FE         [19] 1983 	ld	-2 (ix), l
    0000073B DD 74 FF         [19] 1984 	ld	-1 (ix), h
                                   1985 ;C:\Users\Jummy\Downloads\MSXgl-1.5.0b\engine/src/vdp.c:1891: g_ScreenPatternLow = (u16)addr;
    0000073E E1               [10] 1986 	pop	hl
    0000073F E5               [11] 1987 	push	hl
    00000740 22r35r00         [16] 1988 	ld	(_g_ScreenPatternLow), hl
                                   1989 ;C:\Users\Jummy\Downloads\MSXgl-1.5.0b\engine/src/vdp.c:1894: reg = (u8)(addr >> 11);
    00000743 DD 5E FD         [19] 1990 	ld	e, -3 (ix)
    00000746 DD 56 FE         [19] 1991 	ld	d, -2 (ix)
    00000749 DD 4E FF         [19] 1992 	ld	c, -1 (ix)
    0000074C 06 03            [ 7] 1993 	ld	b, #0x03
    0000074E                       1994 00140$:
    0000074E CB 39            [ 8] 1995 	srl	c
    00000750 CB 1A            [ 8] 1996 	rr	d
    00000752 CB 1B            [ 8] 1997 	rr	e
    00000754 10 F8            [13] 1998 	djnz	00140$
                                   1999 ;C:\Users\Jummy\Downloads\MSXgl-1.5.0b\engine/src/vdp.c:1895: switch (g_VDP_Data.Mode)
    00000756 3Ar1Cr00         [13] 2000 	ld	a, (#_g_VDP_Data + 0)
    00000759 FE 03            [ 7] 2001 	cp	a, #0x03
    0000075B 28 19            [12] 2002 	jr	z, 00104$
    0000075D FE 05            [ 7] 2003 	cp	a, #0x05
    0000075F 28 15            [12] 2004 	jr	z, 00104$
    00000761 FE 10            [ 7] 2005 	cp	a, #0x10
    00000763 28 07            [12] 2006 	jr	z, 00101$
    00000765 FE 11            [ 7] 2007 	cp	a, #0x11
    00000767 28 08            [12] 2008 	jr	z, 00102$
    00000769 C3r7Ar07         [10] 2009 	jp	00105$
                                   2010 ;C:\Users\Jummy\Downloads\MSXgl-1.5.0b\engine/src/vdp.c:1899: case VDP_MODE_GRAPHIC3_MIRROR_01:
    0000076C                       2011 00101$:
                                   2012 ;C:\Users\Jummy\Downloads\MSXgl-1.5.0b\engine/src/vdp.c:1900: reg |= 0b01;
    0000076C CB C3            [ 8] 2013 	set	0, e
                                   2014 ;C:\Users\Jummy\Downloads\MSXgl-1.5.0b\engine/src/vdp.c:1901: break;
    0000076E C3r7Ar07         [10] 2015 	jp	00105$
                                   2016 ;C:\Users\Jummy\Downloads\MSXgl-1.5.0b\engine/src/vdp.c:1902: case VDP_MODE_GRAPHIC3_MIRROR_02:
    00000771                       2017 00102$:
                                   2018 ;C:\Users\Jummy\Downloads\MSXgl-1.5.0b\engine/src/vdp.c:1903: reg |= 0b10;
    00000771 CB CB            [ 8] 2019 	set	1, e
                                   2020 ;C:\Users\Jummy\Downloads\MSXgl-1.5.0b\engine/src/vdp.c:1904: break;
    00000773 C3r7Ar07         [10] 2021 	jp	00105$
                                   2022 ;C:\Users\Jummy\Downloads\MSXgl-1.5.0b\engine/src/vdp.c:1908: case VDP_MODE_GRAPHIC2:
    00000776                       2023 00104$:
                                   2024 ;C:\Users\Jummy\Downloads\MSXgl-1.5.0b\engine/src/vdp.c:1909: reg |= 0b11;
    00000776 7B               [ 4] 2025 	ld	a, e
    00000777 F6 03            [ 7] 2026 	or	a, #0x03
    00000779 5F               [ 4] 2027 	ld	e, a
                                   2028 ;C:\Users\Jummy\Downloads\MSXgl-1.5.0b\engine/src/vdp.c:1910: };
    0000077A                       2029 00105$:
                                   2030 ;C:\Users\Jummy\Downloads\MSXgl-1.5.0b\engine/src/vdp.c:1911: VDP_RegWrite(4, reg);
    0000077A 6B               [ 4] 2031 	ld	l, e
    0000077B 3E 04            [ 7] 2032 	ld	a, #0x04
    0000077D CDrDCr05         [17] 2033 	call	_VDP_RegWrite
                                   2034 ;C:\Users\Jummy\Downloads\MSXgl-1.5.0b\engine/src/vdp.c:1914: g_ScreenPatternHigh = addr >> 16;
    00000780 DD 7E FE         [19] 2035 	ld	a, -2 (ix)
    00000783 32r3Fr00         [13] 2036 	ld	(#_g_ScreenPatternHigh), a
                                   2037 ;C:\Users\Jummy\Downloads\MSXgl-1.5.0b\engine/src/vdp.c:1916: }
    00000786 DD F9            [10] 2038 	ld	sp, ix
    00000788 DD E1            [14] 2039 	pop	ix
    0000078A C9               [10] 2040 	ret
                                   2041 ;C:\Users\Jummy\Downloads\MSXgl-1.5.0b\engine/src/vdp.c:1930: void VDP_SetSpriteAttributeTable(VADDR addr)
                                   2042 ;	---------------------------------
                                   2043 ; Function VDP_SetSpriteAttributeTable
                                   2044 ; ---------------------------------
    0000078B                       2045 _VDP_SetSpriteAttributeTable::
    0000078B DD E5            [15] 2046 	push	ix
    0000078D DD 21 00 00      [14] 2047 	ld	ix,	#0
    00000791 DD 39            [15] 2048 	add	ix, sp
    00000793 F5               [11] 2049 	push	af
    00000794 F5               [11] 2050 	push	af
    00000795 4D               [ 4] 2051 	ld	c, l
    00000796 44               [ 4] 2052 	ld	b, h
                                   2053 ;C:\Users\Jummy\Downloads\MSXgl-1.5.0b\engine/src/vdp.c:1932: g_SpriteAttributeLow = (u16)addr;
    00000797 ED 53r37r00      [20] 2054 	ld	(_g_SpriteAttributeLow), de
                                   2055 ;C:\Users\Jummy\Downloads\MSXgl-1.5.0b\engine/src/vdp.c:1935: reg = (u8)(addr >> 7);
    0000079B 6B               [ 4] 2056 	ld	l, e
    0000079C 62               [ 4] 2057 	ld	h, d
    0000079D 29               [11] 2058 	add	hl, hl
    0000079E DD 74 FF         [19] 2059 	ld	-1 (ix), h
                                   2060 ;C:\Users\Jummy\Downloads\MSXgl-1.5.0b\engine/src/vdp.c:1937: switch (g_VDP_Data.Mode)
    000007A1 3Ar1Cr00         [13] 2061 	ld	a, (#_g_VDP_Data + 0)
    000007A4 FE 05            [ 7] 2062 	cp	a, #0x05
    000007A6 28 1C            [12] 2063 	jr	z, 00108$
    000007A8 FE 06            [ 7] 2064 	cp	a, #0x06
    000007AA 28 18            [12] 2065 	jr	z, 00108$
    000007AC FE 07            [ 7] 2066 	cp	a, #0x07
    000007AE 28 14            [12] 2067 	jr	z, 00108$
    000007B0 FE 08            [ 7] 2068 	cp	a, #0x08
    000007B2 28 10            [12] 2069 	jr	z, 00108$
    000007B4 FE 09            [ 7] 2070 	cp	a, #0x09
    000007B6 28 0C            [12] 2071 	jr	z, 00108$
    000007B8 FE 0F            [ 7] 2072 	cp	a, #0x0f
    000007BA 28 08            [12] 2073 	jr	z, 00108$
    000007BC FE 10            [ 7] 2074 	cp	a, #0x10
    000007BE 28 04            [12] 2075 	jr	z, 00108$
    000007C0 FE 11            [ 7] 2076 	cp	a, #0x11
    000007C2 20 08            [12] 2077 	jr	nz, 00109$
                                   2078 ;C:\Users\Jummy\Downloads\MSXgl-1.5.0b\engine/src/vdp.c:1952: case VDP_MODE_GRAPHIC3_MIRROR_02:
    000007C4                       2079 00108$:
                                   2080 ;C:\Users\Jummy\Downloads\MSXgl-1.5.0b\engine/src/vdp.c:1954: reg |= 0b111;
    000007C4 DD 7E FF         [19] 2081 	ld	a, -1 (ix)
    000007C7 F6 07            [ 7] 2082 	or	a, #0x07
    000007C9 DD 77 FF         [19] 2083 	ld	-1 (ix), a
                                   2084 ;C:\Users\Jummy\Downloads\MSXgl-1.5.0b\engine/src/vdp.c:1956: };
    000007CC                       2085 00109$:
                                   2086 ;C:\Users\Jummy\Downloads\MSXgl-1.5.0b\engine/src/vdp.c:1958: VDP_RegWrite(5, reg);
    000007CC DD 6E FF         [19] 2087 	ld	l, -1 (ix)
    000007CF 3E 05            [ 7] 2088 	ld	a, #0x05
    000007D1 CDrDCr05         [17] 2089 	call	_VDP_RegWrite
                                   2090 ;C:\Users\Jummy\Downloads\MSXgl-1.5.0b\engine/src/vdp.c:1961: reg = (u8)(addr >> 15);
    000007D4 DD 72 FC         [19] 2091 	ld	-4 (ix), d
    000007D7 DD 71 FD         [19] 2092 	ld	-3 (ix), c
    000007DA DD 70 FE         [19] 2093 	ld	-2 (ix), b
    000007DD DD 36 FF 00      [19] 2094 	ld	-1 (ix), #0x00
    000007E1 3E 07            [ 7] 2095 	ld	a, #0x07
    000007E3                       2096 00177$:
    000007E3 DD CB FE 3E      [23] 2097 	srl	-2 (ix)
    000007E7 DD CB FD 1E      [23] 2098 	rr	-3 (ix)
    000007EB DD CB FC 1E      [23] 2099 	rr	-4 (ix)
    000007EF 3D               [ 4] 2100 	dec	a
    000007F0 20 F1            [12] 2101 	jr	nz, 00177$
    000007F2 DD 6E FC         [19] 2102 	ld	l, -4 (ix)
                                   2103 ;C:\Users\Jummy\Downloads\MSXgl-1.5.0b\engine/src/vdp.c:1962: VDP_RegWrite(11, reg);
    000007F5 3E 0B            [ 7] 2104 	ld	a, #0x0b
    000007F7 CDrDCr05         [17] 2105 	call	_VDP_RegWrite
                                   2106 ;C:\Users\Jummy\Downloads\MSXgl-1.5.0b\engine/src/vdp.c:1964: g_SpriteAttributeHigh = addr >> 16;
    000007FA 21r40r00         [10] 2107 	ld	hl, #_g_SpriteAttributeHigh
    000007FD 71               [ 7] 2108 	ld	(hl), c
                                   2109 ;C:\Users\Jummy\Downloads\MSXgl-1.5.0b\engine/src/vdp.c:1967: addr -= 0x200;
    000007FE 6B               [ 4] 2110 	ld	l, e
    000007FF 7A               [ 4] 2111 	ld	a, d
    00000800 C6 FE            [ 7] 2112 	add	a, #0xfe
    00000802 67               [ 4] 2113 	ld	h, a
    00000803 79               [ 4] 2114 	ld	a, c
    00000804 CE FF            [ 7] 2115 	adc	a, #0xff
    00000806 4F               [ 4] 2116 	ld	c, a
                                   2117 ;C:\Users\Jummy\Downloads\MSXgl-1.5.0b\engine/src/vdp.c:1968: g_SpriteColorLow = (u16)addr;
    00000807 22r3Br00         [16] 2118 	ld	(_g_SpriteColorLow), hl
                                   2119 ;C:\Users\Jummy\Downloads\MSXgl-1.5.0b\engine/src/vdp.c:1970: g_SpriteColorHigh = addr >> 16;
    0000080A 21r42r00         [10] 2120 	ld	hl, #_g_SpriteColorHigh
    0000080D 71               [ 7] 2121 	ld	(hl), c
                                   2122 ;C:\Users\Jummy\Downloads\MSXgl-1.5.0b\engine/src/vdp.c:1972: }
    0000080E DD F9            [10] 2123 	ld	sp, ix
    00000810 DD E1            [14] 2124 	pop	ix
    00000812 C9               [10] 2125 	ret
                                   2126 ;C:\Users\Jummy\Downloads\MSXgl-1.5.0b\engine/src/vdp.c:1978: void VDP_SetSpritePatternTable(VADDR addr)
                                   2127 ;	---------------------------------
                                   2128 ; Function VDP_SetSpritePatternTable
                                   2129 ; ---------------------------------
    00000813                       2130 _VDP_SetSpritePatternTable::
    00000813 7D               [ 4] 2131 	ld	a, l
                                   2132 ;C:\Users\Jummy\Downloads\MSXgl-1.5.0b\engine/src/vdp.c:1980: g_SpritePatternLow  = (u16)addr;
    00000814 ED 53r39r00      [20] 2133 	ld	(_g_SpritePatternLow), de
                                   2134 ;C:\Users\Jummy\Downloads\MSXgl-1.5.0b\engine/src/vdp.c:1982: g_SpritePatternHigh = addr >> 16;
    00000818 32r41r00         [13] 2135 	ld	(_g_SpritePatternHigh+0), a
                                   2136 ;C:\Users\Jummy\Downloads\MSXgl-1.5.0b\engine/src/vdp.c:1985: u8 reg = (u8)(addr >> 11);
    0000081B 6A               [ 4] 2137 	ld	l, d
    0000081C 5C               [ 4] 2138 	ld	e, h
    0000081D 67               [ 4] 2139 	ld	h, a
    0000081E 16 00            [ 7] 2140 	ld	d, #0x00
    00000820 06 03            [ 7] 2141 	ld	b, #0x03
    00000822                       2142 00103$:
    00000822 CB 3B            [ 8] 2143 	srl	e
    00000824 CB 1C            [ 8] 2144 	rr	h
    00000826 CB 1D            [ 8] 2145 	rr	l
    00000828 10 F8            [13] 2146 	djnz	00103$
                                   2147 ;C:\Users\Jummy\Downloads\MSXgl-1.5.0b\engine/src/vdp.c:1986: VDP_RegWrite(6, reg);
    0000082A 3E 06            [ 7] 2148 	ld	a, #0x06
                                   2149 ;C:\Users\Jummy\Downloads\MSXgl-1.5.0b\engine/src/vdp.c:1988: }
    0000082C C3rDCr05         [10] 2150 	jp	_VDP_RegWrite
                                   2151 ;C:\Users\Jummy\Downloads\MSXgl-1.5.0b\engine/src/vdp.c:1992: void VDP_LoadSpritePattern(const u8* addr, u8 index, u8 count)
                                   2152 ;	---------------------------------
                                   2153 ; Function VDP_LoadSpritePattern
                                   2154 ; ---------------------------------
    0000082F                       2155 _VDP_LoadSpritePattern::
    0000082F DD E5            [15] 2156 	push	ix
    00000831 DD 21 00 00      [14] 2157 	ld	ix,	#0
    00000835 DD 39            [15] 2158 	add	ix, sp
    00000837 4D               [ 4] 2159 	ld	c, l
    00000838 44               [ 4] 2160 	ld	b, h
                                   2161 ;C:\Users\Jummy\Downloads\MSXgl-1.5.0b\engine/src/vdp.c:1994: u16 low = g_SpritePatternLow;
    00000839 ED 5Br39r00      [20] 2162 	ld	de, (_g_SpritePatternLow)
                                   2163 ;C:\Users\Jummy\Downloads\MSXgl-1.5.0b\engine/src/vdp.c:1995: low += (index * 8);
    0000083D DD 6E 04         [19] 2164 	ld	l, 4 (ix)
    00000840 26 00            [ 7] 2165 	ld	h, #0x00
    00000842 29               [11] 2166 	add	hl, hl
    00000843 29               [11] 2167 	add	hl, hl
    00000844 29               [11] 2168 	add	hl, hl
    00000845 19               [11] 2169 	add	hl, de
    00000846 EB               [ 4] 2170 	ex	de, hl
                                   2171 ;C:\Users\Jummy\Downloads\MSXgl-1.5.0b\engine/src/vdp.c:1996: VDP_WriteVRAM(addr, low, g_SpritePatternHigh, count * 8);
    00000847 DD 6E 05         [19] 2172 	ld	l, 5 (ix)
    0000084A 26 00            [ 7] 2173 	ld	h, #0x00
    0000084C 29               [11] 2174 	add	hl, hl
    0000084D 29               [11] 2175 	add	hl, hl
    0000084E 29               [11] 2176 	add	hl, hl
    0000084F E5               [11] 2177 	push	hl
    00000850 3Ar41r00         [13] 2178 	ld	a, (_g_SpritePatternHigh)
    00000853 F5               [11] 2179 	push	af
    00000854 33               [ 6] 2180 	inc	sp
    00000855 69               [ 4] 2181 	ld	l, c
    00000856 60               [ 4] 2182 	ld	h, b
    00000857 CDrCFr02         [17] 2183 	call	_VDP_WriteVRAM_128K
                                   2184 ;C:\Users\Jummy\Downloads\MSXgl-1.5.0b\engine/src/vdp.c:1997: }
    0000085A DD E1            [14] 2185 	pop	ix
    0000085C E1               [10] 2186 	pop	hl
    0000085D F1               [10] 2187 	pop	af
    0000085E E9               [ 4] 2188 	jp	(hl)
                                   2189 ;C:\Users\Jummy\Downloads\MSXgl-1.5.0b\engine/src/vdp.c:2001: void VDP_SetSpriteSM1(u8 index, u8 x, u8 y, u8 shape, u8 color)
                                   2190 ;	---------------------------------
                                   2191 ; Function VDP_SetSpriteSM1
                                   2192 ; ---------------------------------
    0000085F                       2193 _VDP_SetSpriteSM1::
    0000085F DD E5            [15] 2194 	push	ix
    00000861 DD 21 00 00      [14] 2195 	ld	ix,	#0
    00000865 DD 39            [15] 2196 	add	ix, sp
    00000867 5F               [ 4] 2197 	ld	e, a
    00000868 4D               [ 4] 2198 	ld	c, l
                                   2199 ;C:\Users\Jummy\Downloads\MSXgl-1.5.0b\engine/src/vdp.c:2003: g_VDP_Sprite.Y = y;				// Y coordinate on screen (all lower priority sprite will be disable if equal to 216 or 0xD0)
    00000869 21r2Dr00         [10] 2200 	ld	hl, #_g_VDP_Sprite
    0000086C DD 7E 04         [19] 2201 	ld	a, 4 (ix)
    0000086F 77               [ 7] 2202 	ld	(hl), a
                                   2203 ;C:\Users\Jummy\Downloads\MSXgl-1.5.0b\engine/src/vdp.c:2004: g_VDP_Sprite.X = x;				// X coordinate of the sprite
    00000870 23               [ 6] 2204 	inc	hl
    00000871 71               [ 7] 2205 	ld	(hl), c
                                   2206 ;C:\Users\Jummy\Downloads\MSXgl-1.5.0b\engine/src/vdp.c:2005: g_VDP_Sprite.Pattern = shape;	// Pattern index
    00000872 23               [ 6] 2207 	inc	hl
    00000873 DD 7E 05         [19] 2208 	ld	a, 5 (ix)
    00000876 77               [ 7] 2209 	ld	(hl), a
                                   2210 ;C:\Users\Jummy\Downloads\MSXgl-1.5.0b\engine/src/vdp.c:2006: g_VDP_Sprite.Color = color;		// Color index (Sprite Mode 1 only) + Early clock
    00000877 23               [ 6] 2211 	inc	hl
    00000878 DD 7E 06         [19] 2212 	ld	a, 6 (ix)
    0000087B 77               [ 7] 2213 	ld	(hl), a
                                   2214 ;C:\Users\Jummy\Downloads\MSXgl-1.5.0b\engine/src/vdp.c:2008: u16 low = g_SpriteAttributeLow;
    0000087C ED 4Br37r00      [20] 2215 	ld	bc, (_g_SpriteAttributeLow)
                                   2216 ;C:\Users\Jummy\Downloads\MSXgl-1.5.0b\engine/src/vdp.c:2009: low += (index * 4);
    00000880 16 00            [ 7] 2217 	ld	d, #0x00
    00000882 EB               [ 4] 2218 	ex	de, hl
    00000883 29               [11] 2219 	add	hl, hl
    00000884 29               [11] 2220 	add	hl, hl
    00000885 09               [11] 2221 	add	hl, bc
    00000886 EB               [ 4] 2222 	ex	de, hl
                                   2223 ;C:\Users\Jummy\Downloads\MSXgl-1.5.0b\engine/src/vdp.c:2010: VDP_WriteVRAM((u8*)&g_VDP_Sprite, low, g_SpriteAttributeHigh, 4);
    00000887 21 04 00         [10] 2224 	ld	hl, #0x0004
    0000088A E5               [11] 2225 	push	hl
    0000088B 3Ar40r00         [13] 2226 	ld	a, (_g_SpriteAttributeHigh)
    0000088E F5               [11] 2227 	push	af
    0000088F 33               [ 6] 2228 	inc	sp
    00000890 21r2Dr00         [10] 2229 	ld	hl, #_g_VDP_Sprite
    00000893 CDrCFr02         [17] 2230 	call	_VDP_WriteVRAM_128K
                                   2231 ;C:\Users\Jummy\Downloads\MSXgl-1.5.0b\engine/src/vdp.c:2011: }
    00000896 DD E1            [14] 2232 	pop	ix
    00000898 E1               [10] 2233 	pop	hl
    00000899 F1               [10] 2234 	pop	af
    0000089A 33               [ 6] 2235 	inc	sp
    0000089B E9               [ 4] 2236 	jp	(hl)
                                   2237 ;C:\Users\Jummy\Downloads\MSXgl-1.5.0b\engine/src/vdp.c:2015: void VDP_SetSprite(u8 index, u8 x, u8 y, u8 shape)
                                   2238 ;	---------------------------------
                                   2239 ; Function VDP_SetSprite
                                   2240 ; ---------------------------------
    0000089C                       2241 _VDP_SetSprite::
    0000089C DD E5            [15] 2242 	push	ix
    0000089E DD 21 00 00      [14] 2243 	ld	ix,	#0
    000008A2 DD 39            [15] 2244 	add	ix, sp
    000008A4 5F               [ 4] 2245 	ld	e, a
    000008A5 55               [ 4] 2246 	ld	d, l
                                   2247 ;C:\Users\Jummy\Downloads\MSXgl-1.5.0b\engine/src/vdp.c:2017: g_VDP_Sprite.Y = y;				// Y coordinate on screen (all lower priority sprite will be disable if equal to 216 or 0xD0)
    000008A6 01r2Dr00         [10] 2248 	ld	bc, #_g_VDP_Sprite+0
    000008A9 DD 7E 04         [19] 2249 	ld	a, 4 (ix)
    000008AC 02               [ 7] 2250 	ld	(bc), a
                                   2251 ;C:\Users\Jummy\Downloads\MSXgl-1.5.0b\engine/src/vdp.c:2018: g_VDP_Sprite.X = x;				// X coordinate of the sprite
    000008AD 21r2Er00         [10] 2252 	ld	hl, #(_g_VDP_Sprite + 1)
    000008B0 72               [ 7] 2253 	ld	(hl), d
                                   2254 ;C:\Users\Jummy\Downloads\MSXgl-1.5.0b\engine/src/vdp.c:2019: g_VDP_Sprite.Pattern = shape;	// Pattern index
    000008B1 03               [ 6] 2255 	inc	bc
    000008B2 03               [ 6] 2256 	inc	bc
    000008B3 DD 7E 05         [19] 2257 	ld	a, 5 (ix)
    000008B6 02               [ 7] 2258 	ld	(bc), a
                                   2259 ;C:\Users\Jummy\Downloads\MSXgl-1.5.0b\engine/src/vdp.c:2021: u16 low = g_SpriteAttributeLow;
    000008B7 ED 4Br37r00      [20] 2260 	ld	bc, (_g_SpriteAttributeLow)
                                   2261 ;C:\Users\Jummy\Downloads\MSXgl-1.5.0b\engine/src/vdp.c:2022: low += (index * 4);
    000008BB 16 00            [ 7] 2262 	ld	d, #0x00
    000008BD EB               [ 4] 2263 	ex	de, hl
    000008BE 29               [11] 2264 	add	hl, hl
    000008BF 29               [11] 2265 	add	hl, hl
    000008C0 09               [11] 2266 	add	hl, bc
    000008C1 EB               [ 4] 2267 	ex	de, hl
                                   2268 ;C:\Users\Jummy\Downloads\MSXgl-1.5.0b\engine/src/vdp.c:2023: VDP_WriteVRAM((u8*)&g_VDP_Sprite, low, g_SpriteAttributeHigh, 3);
    000008C2 21 03 00         [10] 2269 	ld	hl, #0x0003
    000008C5 E5               [11] 2270 	push	hl
    000008C6 3Ar40r00         [13] 2271 	ld	a, (_g_SpriteAttributeHigh)
    000008C9 F5               [11] 2272 	push	af
    000008CA 33               [ 6] 2273 	inc	sp
    000008CB 21r2Dr00         [10] 2274 	ld	hl, #_g_VDP_Sprite
    000008CE CDrCFr02         [17] 2275 	call	_VDP_WriteVRAM_128K
                                   2276 ;C:\Users\Jummy\Downloads\MSXgl-1.5.0b\engine/src/vdp.c:2024: }
    000008D1 DD E1            [14] 2277 	pop	ix
    000008D3 E1               [10] 2278 	pop	hl
    000008D4 F1               [10] 2279 	pop	af
    000008D5 E9               [ 4] 2280 	jp	(hl)
                                   2281 ;C:\Users\Jummy\Downloads\MSXgl-1.5.0b\engine/src/vdp.c:2029: void VDP_SetSpriteExMultiColor(u8 index, u8 x, u8 y, u8 shape, const u8* ram)
                                   2282 ;	---------------------------------
                                   2283 ; Function VDP_SetSpriteExMultiColor
                                   2284 ; ---------------------------------
    000008D6                       2285 _VDP_SetSpriteExMultiColor::
    000008D6 DD E5            [15] 2286 	push	ix
    000008D8 DD 21 00 00      [14] 2287 	ld	ix,	#0
    000008DC DD 39            [15] 2288 	add	ix, sp
    000008DE 3B               [ 6] 2289 	dec	sp
    000008DF DD 75 FF         [19] 2290 	ld	-1 (ix), l
                                   2291 ;C:\Users\Jummy\Downloads\MSXgl-1.5.0b\engine/src/vdp.c:2031: u16 col = g_SpriteColorLow;
    000008E2 ED 5Br3Br00      [20] 2292 	ld	de, (_g_SpriteColorLow)
                                   2293 ;C:\Users\Jummy\Downloads\MSXgl-1.5.0b\engine/src/vdp.c:2032: col += (index * 16);
    000008E6 4F               [ 4] 2294 	ld	c, a
    000008E7 06 00            [ 7] 2295 	ld	b, #0x00
    000008E9 69               [ 4] 2296 	ld	l, c
    000008EA 60               [ 4] 2297 	ld	h, b
    000008EB 29               [11] 2298 	add	hl, hl
    000008EC 29               [11] 2299 	add	hl, hl
    000008ED 29               [11] 2300 	add	hl, hl
    000008EE 29               [11] 2301 	add	hl, hl
    000008EF 19               [11] 2302 	add	hl, de
                                   2303 ;C:\Users\Jummy\Downloads\MSXgl-1.5.0b\engine/src/vdp.c:2033: VDP_WriteVRAM(ram, col, g_SpriteColorHigh, VDP_SPRITE_COLORS);
    000008F0 C5               [11] 2304 	push	bc
    000008F1 EB               [ 4] 2305 	ex	de, hl
    000008F2 21 10 00         [10] 2306 	ld	hl, #0x0010
    000008F5 E5               [11] 2307 	push	hl
    000008F6 3Ar42r00         [13] 2308 	ld	a, (_g_SpriteColorHigh)
    000008F9 F5               [11] 2309 	push	af
    000008FA 33               [ 6] 2310 	inc	sp
    000008FB DD 6E 06         [19] 2311 	ld	l, 6 (ix)
    000008FE DD 66 07         [19] 2312 	ld	h, 7 (ix)
    00000901 CDrCFr02         [17] 2313 	call	_VDP_WriteVRAM_128K
    00000904 C1               [10] 2314 	pop	bc
                                   2315 ;C:\Users\Jummy\Downloads\MSXgl-1.5.0b\engine/src/vdp.c:2035: g_VDP_Sprite.X = x;				// Y coordinate on screen (all lower priority sprite will be disable if equal to 216 or 0xD0)
    00000905 11r2Dr00         [10] 2316 	ld	de, #_g_VDP_Sprite+0
    00000908 21r2Er00         [10] 2317 	ld	hl, #(_g_VDP_Sprite + 1)
    0000090B DD 7E FF         [19] 2318 	ld	a, -1 (ix)
    0000090E 77               [ 7] 2319 	ld	(hl), a
                                   2320 ;C:\Users\Jummy\Downloads\MSXgl-1.5.0b\engine/src/vdp.c:2036: g_VDP_Sprite.Y = y;				// X coordinate of the sprite
    0000090F DD 7E 04         [19] 2321 	ld	a, 4 (ix)
    00000912 12               [ 7] 2322 	ld	(de), a
                                   2323 ;C:\Users\Jummy\Downloads\MSXgl-1.5.0b\engine/src/vdp.c:2037: g_VDP_Sprite.Pattern = shape;	// Pattern index
    00000913 13               [ 6] 2324 	inc	de
    00000914 13               [ 6] 2325 	inc	de
    00000915 DD 7E 05         [19] 2326 	ld	a, 5 (ix)
    00000918 12               [ 7] 2327 	ld	(de), a
                                   2328 ;C:\Users\Jummy\Downloads\MSXgl-1.5.0b\engine/src/vdp.c:2038: u16 attr = g_SpriteAttributeLow;
    00000919 ED 5Br37r00      [20] 2329 	ld	de, (_g_SpriteAttributeLow)
                                   2330 ;C:\Users\Jummy\Downloads\MSXgl-1.5.0b\engine/src/vdp.c:2039: attr += (index * 4);
    0000091D 69               [ 4] 2331 	ld	l, c
    0000091E 60               [ 4] 2332 	ld	h, b
    0000091F 29               [11] 2333 	add	hl, hl
    00000920 29               [11] 2334 	add	hl, hl
    00000921 19               [11] 2335 	add	hl, de
    00000922 EB               [ 4] 2336 	ex	de, hl
                                   2337 ;C:\Users\Jummy\Downloads\MSXgl-1.5.0b\engine/src/vdp.c:2040: VDP_WriteVRAM((u8*)&g_VDP_Sprite, attr, g_SpriteAttributeHigh, 3);
    00000923 21 03 00         [10] 2338 	ld	hl, #0x0003
    00000926 E5               [11] 2339 	push	hl
    00000927 3Ar40r00         [13] 2340 	ld	a, (_g_SpriteAttributeHigh)
    0000092A F5               [11] 2341 	push	af
    0000092B 33               [ 6] 2342 	inc	sp
    0000092C 21r2Dr00         [10] 2343 	ld	hl, #_g_VDP_Sprite
    0000092F CDrCFr02         [17] 2344 	call	_VDP_WriteVRAM_128K
                                   2345 ;C:\Users\Jummy\Downloads\MSXgl-1.5.0b\engine/src/vdp.c:2041: }
    00000932 33               [ 6] 2346 	inc	sp
    00000933 DD E1            [14] 2347 	pop	ix
    00000935 E1               [10] 2348 	pop	hl
    00000936 F1               [10] 2349 	pop	af
    00000937 F1               [10] 2350 	pop	af
    00000938 E9               [ 4] 2351 	jp	(hl)
                                   2352 ;C:\Users\Jummy\Downloads\MSXgl-1.5.0b\engine/src/vdp.c:2045: void VDP_SetSpriteExUniColor(u8 index, u8 x, u8 y, u8 shape, u8 color)
                                   2353 ;	---------------------------------
                                   2354 ; Function VDP_SetSpriteExUniColor
                                   2355 ; ---------------------------------
    00000939                       2356 _VDP_SetSpriteExUniColor::
    00000939 DD E5            [15] 2357 	push	ix
    0000093B DD 21 00 00      [14] 2358 	ld	ix,	#0
    0000093F DD 39            [15] 2359 	add	ix, sp
    00000941 3B               [ 6] 2360 	dec	sp
    00000942 DD 75 FF         [19] 2361 	ld	-1 (ix), l
                                   2362 ;C:\Users\Jummy\Downloads\MSXgl-1.5.0b\engine/src/vdp.c:2047: u16 col = g_SpriteColorLow;
    00000945 ED 5Br3Br00      [20] 2363 	ld	de, (_g_SpriteColorLow)
                                   2364 ;C:\Users\Jummy\Downloads\MSXgl-1.5.0b\engine/src/vdp.c:2048: col += (index * 16);
    00000949 4F               [ 4] 2365 	ld	c, a
    0000094A 06 00            [ 7] 2366 	ld	b, #0x00
    0000094C 69               [ 4] 2367 	ld	l, c
    0000094D 60               [ 4] 2368 	ld	h, b
    0000094E 29               [11] 2369 	add	hl, hl
    0000094F 29               [11] 2370 	add	hl, hl
    00000950 29               [11] 2371 	add	hl, hl
    00000951 29               [11] 2372 	add	hl, hl
    00000952 19               [11] 2373 	add	hl, de
                                   2374 ;C:\Users\Jummy\Downloads\MSXgl-1.5.0b\engine/src/vdp.c:2049: VDP_FillVRAM(color, col, g_SpriteColorHigh, VDP_SPRITE_COLORS);
    00000953 C5               [11] 2375 	push	bc
    00000954 EB               [ 4] 2376 	ex	de, hl
    00000955 21 10 00         [10] 2377 	ld	hl, #0x0010
    00000958 E5               [11] 2378 	push	hl
    00000959 3Ar42r00         [13] 2379 	ld	a, (_g_SpriteColorHigh)
    0000095C F5               [11] 2380 	push	af
    0000095D 33               [ 6] 2381 	inc	sp
    0000095E DD 7E 06         [19] 2382 	ld	a, 6 (ix)
    00000961 CDr12r03         [17] 2383 	call	_VDP_FillVRAM_128K
    00000964 C1               [10] 2384 	pop	bc
                                   2385 ;C:\Users\Jummy\Downloads\MSXgl-1.5.0b\engine/src/vdp.c:2051: g_VDP_Sprite.X = x;				// Y coordinate on screen (all lower priority sprite will be disable if equal to 216 or 0xD0)
    00000965 11r2Dr00         [10] 2386 	ld	de, #_g_VDP_Sprite+0
    00000968 21r2Er00         [10] 2387 	ld	hl, #(_g_VDP_Sprite + 1)
    0000096B DD 7E FF         [19] 2388 	ld	a, -1 (ix)
    0000096E 77               [ 7] 2389 	ld	(hl), a
                                   2390 ;C:\Users\Jummy\Downloads\MSXgl-1.5.0b\engine/src/vdp.c:2052: g_VDP_Sprite.Y = y;				// X coordinate of the sprite
    0000096F DD 7E 04         [19] 2391 	ld	a, 4 (ix)
    00000972 12               [ 7] 2392 	ld	(de), a
                                   2393 ;C:\Users\Jummy\Downloads\MSXgl-1.5.0b\engine/src/vdp.c:2053: g_VDP_Sprite.Pattern = shape;	// Pattern index
    00000973 13               [ 6] 2394 	inc	de
    00000974 13               [ 6] 2395 	inc	de
    00000975 DD 7E 05         [19] 2396 	ld	a, 5 (ix)
    00000978 12               [ 7] 2397 	ld	(de), a
                                   2398 ;C:\Users\Jummy\Downloads\MSXgl-1.5.0b\engine/src/vdp.c:2054: u16 attr = g_SpriteAttributeLow;
    00000979 ED 5Br37r00      [20] 2399 	ld	de, (_g_SpriteAttributeLow)
                                   2400 ;C:\Users\Jummy\Downloads\MSXgl-1.5.0b\engine/src/vdp.c:2055: attr += (index * 4);
    0000097D 69               [ 4] 2401 	ld	l, c
    0000097E 60               [ 4] 2402 	ld	h, b
    0000097F 29               [11] 2403 	add	hl, hl
    00000980 29               [11] 2404 	add	hl, hl
    00000981 19               [11] 2405 	add	hl, de
    00000982 EB               [ 4] 2406 	ex	de, hl
                                   2407 ;C:\Users\Jummy\Downloads\MSXgl-1.5.0b\engine/src/vdp.c:2056: VDP_WriteVRAM((u8*)&g_VDP_Sprite, attr, g_SpriteAttributeHigh, 3);
    00000983 21 03 00         [10] 2408 	ld	hl, #0x0003
    00000986 E5               [11] 2409 	push	hl
    00000987 3Ar40r00         [13] 2410 	ld	a, (_g_SpriteAttributeHigh)
    0000098A F5               [11] 2411 	push	af
    0000098B 33               [ 6] 2412 	inc	sp
    0000098C 21r2Dr00         [10] 2413 	ld	hl, #_g_VDP_Sprite
    0000098F CDrCFr02         [17] 2414 	call	_VDP_WriteVRAM_128K
                                   2415 ;C:\Users\Jummy\Downloads\MSXgl-1.5.0b\engine/src/vdp.c:2057: }
    00000992 33               [ 6] 2416 	inc	sp
    00000993 DD E1            [14] 2417 	pop	ix
    00000995 E1               [10] 2418 	pop	hl
    00000996 F1               [10] 2419 	pop	af
    00000997 33               [ 6] 2420 	inc	sp
    00000998 E9               [ 4] 2421 	jp	(hl)
                                   2422 ;C:\Users\Jummy\Downloads\MSXgl-1.5.0b\engine/src/vdp.c:2062: void VDP_SetSpritePosition(u8 index, u8 x, u8 y)
                                   2423 ;	---------------------------------
                                   2424 ; Function VDP_SetSpritePosition
                                   2425 ; ---------------------------------
    00000999                       2426 _VDP_SetSpritePosition::
    00000999 DD E5            [15] 2427 	push	ix
    0000099B DD 21 00 00      [14] 2428 	ld	ix,	#0
    0000099F DD 39            [15] 2429 	add	ix, sp
    000009A1 5F               [ 4] 2430 	ld	e, a
    000009A2 4D               [ 4] 2431 	ld	c, l
                                   2432 ;C:\Users\Jummy\Downloads\MSXgl-1.5.0b\engine/src/vdp.c:2064: g_VDP_Sprite.Y = y;				// Y coordinate on screen (all lower priority sprite will be disable if equal to 216 or 0xD0)
    000009A3 21r2Dr00         [10] 2433 	ld	hl, #_g_VDP_Sprite+0
    000009A6 DD 7E 04         [19] 2434 	ld	a, 4 (ix)
    000009A9 77               [ 7] 2435 	ld	(hl), a
                                   2436 ;C:\Users\Jummy\Downloads\MSXgl-1.5.0b\engine/src/vdp.c:2065: g_VDP_Sprite.X = x;				// X coordinate of the sprite
    000009AA 23               [ 6] 2437 	inc	hl
    000009AB 71               [ 7] 2438 	ld	(hl), c
                                   2439 ;C:\Users\Jummy\Downloads\MSXgl-1.5.0b\engine/src/vdp.c:2067: u16 low = g_SpriteAttributeLow;
    000009AC ED 4Br37r00      [20] 2440 	ld	bc, (_g_SpriteAttributeLow)
                                   2441 ;C:\Users\Jummy\Downloads\MSXgl-1.5.0b\engine/src/vdp.c:2068: low += (index * 4);
    000009B0 16 00            [ 7] 2442 	ld	d, #0x00
    000009B2 EB               [ 4] 2443 	ex	de, hl
    000009B3 29               [11] 2444 	add	hl, hl
    000009B4 29               [11] 2445 	add	hl, hl
    000009B5 09               [11] 2446 	add	hl, bc
    000009B6 EB               [ 4] 2447 	ex	de, hl
                                   2448 ;C:\Users\Jummy\Downloads\MSXgl-1.5.0b\engine/src/vdp.c:2069: VDP_WriteVRAM((u8*)&g_VDP_Sprite, low, g_SpriteAttributeHigh, 2);
    000009B7 21 02 00         [10] 2449 	ld	hl, #0x0002
    000009BA E5               [11] 2450 	push	hl
    000009BB 3Ar40r00         [13] 2451 	ld	a, (_g_SpriteAttributeHigh)
    000009BE F5               [11] 2452 	push	af
    000009BF 33               [ 6] 2453 	inc	sp
    000009C0 21r2Dr00         [10] 2454 	ld	hl, #_g_VDP_Sprite
    000009C3 CDrCFr02         [17] 2455 	call	_VDP_WriteVRAM_128K
                                   2456 ;C:\Users\Jummy\Downloads\MSXgl-1.5.0b\engine/src/vdp.c:2070: }
    000009C6 DD E1            [14] 2457 	pop	ix
    000009C8 E1               [10] 2458 	pop	hl
    000009C9 33               [ 6] 2459 	inc	sp
    000009CA E9               [ 4] 2460 	jp	(hl)
                                   2461 ;C:\Users\Jummy\Downloads\MSXgl-1.5.0b\engine/src/vdp.c:2074: void VDP_SetSpritePositionX(u8 index, u8 x)
                                   2462 ;	---------------------------------
                                   2463 ; Function VDP_SetSpritePositionX
                                   2464 ; ---------------------------------
    000009CB                       2465 _VDP_SetSpritePositionX::
    000009CB 4D               [ 4] 2466 	ld	c, l
                                   2467 ;C:\Users\Jummy\Downloads\MSXgl-1.5.0b\engine/src/vdp.c:2076: u16 low = g_SpriteAttributeLow;
    000009CC ED 5Br37r00      [20] 2468 	ld	de, (_g_SpriteAttributeLow)
                                   2469 ;C:\Users\Jummy\Downloads\MSXgl-1.5.0b\engine/src/vdp.c:2077: low += (index * 4);
    000009D0 6F               [ 4] 2470 	ld	l, a
    000009D1 26 00            [ 7] 2471 	ld	h, #0x00
    000009D3 29               [11] 2472 	add	hl, hl
    000009D4 29               [11] 2473 	add	hl, hl
    000009D5 19               [11] 2474 	add	hl, de
    000009D6 EB               [ 4] 2475 	ex	de, hl
                                   2476 ;C:\Users\Jummy\Downloads\MSXgl-1.5.0b\engine/src/vdp.c:2078: VDP_Poke(x, ++low, g_SpriteAttributeHigh);
    000009D7 13               [ 6] 2477 	inc	de
    000009D8 3Ar40r00         [13] 2478 	ld	a, (_g_SpriteAttributeHigh)
    000009DB F5               [11] 2479 	push	af
    000009DC 33               [ 6] 2480 	inc	sp
    000009DD 79               [ 4] 2481 	ld	a, c
    000009DE CDr95r03         [17] 2482 	call	_VDP_Poke_128K
                                   2483 ;C:\Users\Jummy\Downloads\MSXgl-1.5.0b\engine/src/vdp.c:2079: }
    000009E1 C9               [10] 2484 	ret
                                   2485 ;C:\Users\Jummy\Downloads\MSXgl-1.5.0b\engine/src/vdp.c:2083: void VDP_SetSpritePositionY(u8 index, u8 y)
                                   2486 ;	---------------------------------
                                   2487 ; Function VDP_SetSpritePositionY
                                   2488 ; ---------------------------------
    000009E2                       2489 _VDP_SetSpritePositionY::
    000009E2 4D               [ 4] 2490 	ld	c, l
                                   2491 ;C:\Users\Jummy\Downloads\MSXgl-1.5.0b\engine/src/vdp.c:2085: u16 low = g_SpriteAttributeLow;
    000009E3 ED 5Br37r00      [20] 2492 	ld	de, (_g_SpriteAttributeLow)
                                   2493 ;C:\Users\Jummy\Downloads\MSXgl-1.5.0b\engine/src/vdp.c:2086: low += (index * 4);
    000009E7 6F               [ 4] 2494 	ld	l, a
    000009E8 26 00            [ 7] 2495 	ld	h, #0x00
    000009EA 29               [11] 2496 	add	hl, hl
    000009EB 29               [11] 2497 	add	hl, hl
    000009EC 19               [11] 2498 	add	hl, de
    000009ED EB               [ 4] 2499 	ex	de, hl
                                   2500 ;C:\Users\Jummy\Downloads\MSXgl-1.5.0b\engine/src/vdp.c:2087: VDP_Poke(y, low, g_SpriteAttributeHigh);
    000009EE 3Ar40r00         [13] 2501 	ld	a, (_g_SpriteAttributeHigh)
    000009F1 F5               [11] 2502 	push	af
    000009F2 33               [ 6] 2503 	inc	sp
    000009F3 79               [ 4] 2504 	ld	a, c
    000009F4 CDr95r03         [17] 2505 	call	_VDP_Poke_128K
                                   2506 ;C:\Users\Jummy\Downloads\MSXgl-1.5.0b\engine/src/vdp.c:2088: }
    000009F7 C9               [10] 2507 	ret
                                   2508 ;C:\Users\Jummy\Downloads\MSXgl-1.5.0b\engine/src/vdp.c:2092: void VDP_SetSpritePattern(u8 index, u8 shape)
                                   2509 ;	---------------------------------
                                   2510 ; Function VDP_SetSpritePattern
                                   2511 ; ---------------------------------
    000009F8                       2512 _VDP_SetSpritePattern::
    000009F8 4D               [ 4] 2513 	ld	c, l
                                   2514 ;C:\Users\Jummy\Downloads\MSXgl-1.5.0b\engine/src/vdp.c:2094: u16 low = g_SpriteAttributeLow + 2;
    000009F9 ED 5Br37r00      [20] 2515 	ld	de, (_g_SpriteAttributeLow)
    000009FD 13               [ 6] 2516 	inc	de
    000009FE 13               [ 6] 2517 	inc	de
                                   2518 ;C:\Users\Jummy\Downloads\MSXgl-1.5.0b\engine/src/vdp.c:2095: low += (index * 4);
    000009FF 6F               [ 4] 2519 	ld	l, a
    00000A00 26 00            [ 7] 2520 	ld	h, #0x00
    00000A02 29               [11] 2521 	add	hl, hl
    00000A03 29               [11] 2522 	add	hl, hl
    00000A04 19               [11] 2523 	add	hl, de
    00000A05 EB               [ 4] 2524 	ex	de, hl
                                   2525 ;C:\Users\Jummy\Downloads\MSXgl-1.5.0b\engine/src/vdp.c:2096: VDP_Poke(shape, low, g_SpriteAttributeHigh);
    00000A06 3Ar40r00         [13] 2526 	ld	a, (_g_SpriteAttributeHigh)
    00000A09 F5               [11] 2527 	push	af
    00000A0A 33               [ 6] 2528 	inc	sp
    00000A0B 79               [ 4] 2529 	ld	a, c
    00000A0C CDr95r03         [17] 2530 	call	_VDP_Poke_128K
                                   2531 ;C:\Users\Jummy\Downloads\MSXgl-1.5.0b\engine/src/vdp.c:2097: }
    00000A0F C9               [10] 2532 	ret
                                   2533 ;C:\Users\Jummy\Downloads\MSXgl-1.5.0b\engine/src/vdp.c:2101: void VDP_SetSpriteColorSM1(u8 index, u8 color)
                                   2534 ;	---------------------------------
                                   2535 ; Function VDP_SetSpriteColorSM1
                                   2536 ; ---------------------------------
    00000A10                       2537 _VDP_SetSpriteColorSM1::
    00000A10 47               [ 4] 2538 	ld	b, a
    00000A11 4D               [ 4] 2539 	ld	c, l
                                   2540 ;C:\Users\Jummy\Downloads\MSXgl-1.5.0b\engine/src/vdp.c:2103: u16 low = g_SpriteAttributeLow + 3;
    00000A12 2Ar37r00         [16] 2541 	ld	hl, (_g_SpriteAttributeLow)
    00000A15 EB               [ 4] 2542 	ex	de, hl
    00000A16 13               [ 6] 2543 	inc	de
    00000A17 13               [ 6] 2544 	inc	de
    00000A18 13               [ 6] 2545 	inc	de
                                   2546 ;C:\Users\Jummy\Downloads\MSXgl-1.5.0b\engine/src/vdp.c:2104: low += (index * 4);
    00000A19 68               [ 4] 2547 	ld	l, b
    00000A1A 26 00            [ 7] 2548 	ld	h, #0x00
    00000A1C 29               [11] 2549 	add	hl, hl
    00000A1D 29               [11] 2550 	add	hl, hl
    00000A1E 19               [11] 2551 	add	hl, de
    00000A1F EB               [ 4] 2552 	ex	de, hl
                                   2553 ;C:\Users\Jummy\Downloads\MSXgl-1.5.0b\engine/src/vdp.c:2105: VDP_Poke(color, low, g_SpriteAttributeHigh);
    00000A20 3Ar40r00         [13] 2554 	ld	a, (_g_SpriteAttributeHigh)
    00000A23 F5               [11] 2555 	push	af
    00000A24 33               [ 6] 2556 	inc	sp
    00000A25 79               [ 4] 2557 	ld	a, c
    00000A26 CDr95r03         [17] 2558 	call	_VDP_Poke_128K
                                   2559 ;C:\Users\Jummy\Downloads\MSXgl-1.5.0b\engine/src/vdp.c:2106: }
    00000A29 C9               [10] 2560 	ret
                                   2561 ;C:\Users\Jummy\Downloads\MSXgl-1.5.0b\engine/src/vdp.c:2111: void VDP_SetSpriteUniColor(u8 index, u8 color)
                                   2562 ;	---------------------------------
                                   2563 ; Function VDP_SetSpriteUniColor
                                   2564 ; ---------------------------------
    00000A2A                       2565 _VDP_SetSpriteUniColor::
    00000A2A 4D               [ 4] 2566 	ld	c, l
                                   2567 ;C:\Users\Jummy\Downloads\MSXgl-1.5.0b\engine/src/vdp.c:2113: u16 col = g_SpriteColorLow;
    00000A2B ED 5Br3Br00      [20] 2568 	ld	de, (_g_SpriteColorLow)
                                   2569 ;C:\Users\Jummy\Downloads\MSXgl-1.5.0b\engine/src/vdp.c:2114: col += (index * 16);
    00000A2F 6F               [ 4] 2570 	ld	l, a
    00000A30 26 00            [ 7] 2571 	ld	h, #0x00
    00000A32 29               [11] 2572 	add	hl, hl
    00000A33 29               [11] 2573 	add	hl, hl
    00000A34 29               [11] 2574 	add	hl, hl
    00000A35 29               [11] 2575 	add	hl, hl
    00000A36 19               [11] 2576 	add	hl, de
    00000A37 EB               [ 4] 2577 	ex	de, hl
                                   2578 ;C:\Users\Jummy\Downloads\MSXgl-1.5.0b\engine/src/vdp.c:2115: VDP_FillVRAM(color, col, g_SpriteColorHigh, VDP_SPRITE_COLORS);
    00000A38 21 10 00         [10] 2579 	ld	hl, #0x0010
    00000A3B E5               [11] 2580 	push	hl
    00000A3C 3Ar42r00         [13] 2581 	ld	a, (_g_SpriteColorHigh)
    00000A3F F5               [11] 2582 	push	af
    00000A40 33               [ 6] 2583 	inc	sp
    00000A41 79               [ 4] 2584 	ld	a, c
    00000A42 CDr12r03         [17] 2585 	call	_VDP_FillVRAM_128K
                                   2586 ;C:\Users\Jummy\Downloads\MSXgl-1.5.0b\engine/src/vdp.c:2116: }
    00000A45 C9               [10] 2587 	ret
                                   2588 ;C:\Users\Jummy\Downloads\MSXgl-1.5.0b\engine/src/vdp.c:2120: void VDP_SetSpriteMultiColor(u8 index, const u8* ram)
                                   2589 ;	---------------------------------
                                   2590 ; Function VDP_SetSpriteMultiColor
                                   2591 ; ---------------------------------
    00000A46                       2592 _VDP_SetSpriteMultiColor::
    00000A46 4B               [ 4] 2593 	ld	c, e
    00000A47 42               [ 4] 2594 	ld	b, d
                                   2595 ;C:\Users\Jummy\Downloads\MSXgl-1.5.0b\engine/src/vdp.c:2122: u16 col = g_SpriteColorLow;
    00000A48 ED 5Br3Br00      [20] 2596 	ld	de, (_g_SpriteColorLow)
                                   2597 ;C:\Users\Jummy\Downloads\MSXgl-1.5.0b\engine/src/vdp.c:2123: col += (index * 16);
    00000A4C 6F               [ 4] 2598 	ld	l, a
    00000A4D 26 00            [ 7] 2599 	ld	h, #0x00
    00000A4F 29               [11] 2600 	add	hl, hl
    00000A50 29               [11] 2601 	add	hl, hl
    00000A51 29               [11] 2602 	add	hl, hl
    00000A52 29               [11] 2603 	add	hl, hl
    00000A53 19               [11] 2604 	add	hl, de
    00000A54 EB               [ 4] 2605 	ex	de, hl
                                   2606 ;C:\Users\Jummy\Downloads\MSXgl-1.5.0b\engine/src/vdp.c:2124: VDP_WriteVRAM(ram, col, g_SpriteColorHigh, VDP_SPRITE_COLORS);	
    00000A55 21 10 00         [10] 2607 	ld	hl, #0x0010
    00000A58 E5               [11] 2608 	push	hl
    00000A59 3Ar42r00         [13] 2609 	ld	a, (_g_SpriteColorHigh)
    00000A5C F5               [11] 2610 	push	af
    00000A5D 33               [ 6] 2611 	inc	sp
    00000A5E 69               [ 4] 2612 	ld	l, c
    00000A5F 60               [ 4] 2613 	ld	h, b
    00000A60 CDrCFr02         [17] 2614 	call	_VDP_WriteVRAM_128K
                                   2615 ;C:\Users\Jummy\Downloads\MSXgl-1.5.0b\engine/src/vdp.c:2125: }
    00000A63 C9               [10] 2616 	ret
                                   2617 ;C:\Users\Jummy\Downloads\MSXgl-1.5.0b\engine/src/vdp.c:2129: void VDP_SetSpriteData(u8 index, const u8* data)
                                   2618 ;	---------------------------------
                                   2619 ; Function VDP_SetSpriteData
                                   2620 ; ---------------------------------
    00000A64                       2621 _VDP_SetSpriteData::
    00000A64 4B               [ 4] 2622 	ld	c, e
    00000A65 42               [ 4] 2623 	ld	b, d
                                   2624 ;C:\Users\Jummy\Downloads\MSXgl-1.5.0b\engine/src/vdp.c:2131: u16 low = g_SpriteAttributeLow;
    00000A66 ED 5Br37r00      [20] 2625 	ld	de, (_g_SpriteAttributeLow)
                                   2626 ;C:\Users\Jummy\Downloads\MSXgl-1.5.0b\engine/src/vdp.c:2132: low += (index * 4);
    00000A6A 6F               [ 4] 2627 	ld	l, a
    00000A6B 26 00            [ 7] 2628 	ld	h, #0x00
    00000A6D 29               [11] 2629 	add	hl, hl
    00000A6E 29               [11] 2630 	add	hl, hl
    00000A6F 19               [11] 2631 	add	hl, de
    00000A70 EB               [ 4] 2632 	ex	de, hl
                                   2633 ;C:\Users\Jummy\Downloads\MSXgl-1.5.0b\engine/src/vdp.c:2133: VDP_WriteVRAM(data, low, g_SpriteAttributeHigh, 3);
    00000A71 21 03 00         [10] 2634 	ld	hl, #0x0003
    00000A74 E5               [11] 2635 	push	hl
    00000A75 3Ar40r00         [13] 2636 	ld	a, (_g_SpriteAttributeHigh)
    00000A78 F5               [11] 2637 	push	af
    00000A79 33               [ 6] 2638 	inc	sp
    00000A7A 69               [ 4] 2639 	ld	l, c
    00000A7B 60               [ 4] 2640 	ld	h, b
    00000A7C CDrCFr02         [17] 2641 	call	_VDP_WriteVRAM_128K
                                   2642 ;C:\Users\Jummy\Downloads\MSXgl-1.5.0b\engine/src/vdp.c:2134: }
    00000A7F C9               [10] 2643 	ret
                                   2644 ;C:\Users\Jummy\Downloads\MSXgl-1.5.0b\engine/src/vdp.c:2139: void VDP_DisableSpritesFrom(u8 index)
                                   2645 ;	---------------------------------
                                   2646 ; Function VDP_DisableSpritesFrom
                                   2647 ; ---------------------------------
    00000A80                       2648 _VDP_DisableSpritesFrom::
    00000A80 4F               [ 4] 2649 	ld	c, a
                                   2650 ;C:\Users\Jummy\Downloads\MSXgl-1.5.0b\engine/src/vdp.c:2141: u8 y = VDP_SPRITE_DISABLE_SM1;
    00000A81 06 D0            [ 7] 2651 	ld	b, #0xd0
                                   2652 ;C:\Users\Jummy\Downloads\MSXgl-1.5.0b\engine/src/vdp.c:2143: if (g_VDP_Data.Mode >= VDP_MODE_MSX2) // MSX2 modes
    00000A83 3Ar1Cr00         [13] 2653 	ld	a, (#_g_VDP_Data + 0)
    00000A86 D6 04            [ 7] 2654 	sub	a, #0x04
    00000A88 38 02            [12] 2655 	jr	c, 00102$
                                   2656 ;C:\Users\Jummy\Downloads\MSXgl-1.5.0b\engine/src/vdp.c:2144: y = VDP_SPRITE_DISABLE_SM2;
    00000A8A 06 D8            [ 7] 2657 	ld	b, #0xd8
    00000A8C                       2658 00102$:
                                   2659 ;C:\Users\Jummy\Downloads\MSXgl-1.5.0b\engine/src/vdp.c:2146: VDP_SetSpritePositionY(index, y);
    00000A8C 68               [ 4] 2660 	ld	l, b
    00000A8D 79               [ 4] 2661 	ld	a, c
                                   2662 ;C:\Users\Jummy\Downloads\MSXgl-1.5.0b\engine/src/vdp.c:2147: }
    00000A8E C3rE2r09         [10] 2663 	jp	_VDP_SetSpritePositionY
                                   2664 ;C:\Users\Jummy\Downloads\MSXgl-1.5.0b\engine/src/vdp.c:2193: void VDP_SetBlinkTile(u8 x, u8 y)
                                   2665 ;	---------------------------------
                                   2666 ; Function VDP_SetBlinkTile
                                   2667 ; ---------------------------------
    00000A91                       2668 _VDP_SetBlinkTile::
    00000A91 4F               [ 4] 2669 	ld	c, a
    00000A92 5D               [ 4] 2670 	ld	e, l
                                   2671 ;C:\Users\Jummy\Downloads\MSXgl-1.5.0b\engine/src/vdp.c:2195: u16 addr = g_ScreenColorLow + (y * 10) + (x / 8);
    00000A93 16 00            [ 7] 2672 	ld	d, #0x00
    00000A95 6B               [ 4] 2673 	ld	l, e
    00000A96 62               [ 4] 2674 	ld	h, d
    00000A97 29               [11] 2675 	add	hl, hl
    00000A98 29               [11] 2676 	add	hl, hl
    00000A99 19               [11] 2677 	add	hl, de
    00000A9A 29               [11] 2678 	add	hl, hl
    00000A9B ED 5Br33r00      [20] 2679 	ld	de, (_g_ScreenColorLow)
    00000A9F 19               [11] 2680 	add	hl, de
    00000AA0 06 00            [ 7] 2681 	ld	b, #0x00
    00000AA2 59               [ 4] 2682 	ld	e, c
    00000AA3 50               [ 4] 2683 	ld	d, b
    00000AA4 CB 2A            [ 8] 2684 	sra	d
    00000AA6 CB 1B            [ 8] 2685 	rr	e
    00000AA8 CB 2A            [ 8] 2686 	sra	d
    00000AAA CB 1B            [ 8] 2687 	rr	e
    00000AAC CB 2A            [ 8] 2688 	sra	d
    00000AAE CB 1B            [ 8] 2689 	rr	e
    00000AB0 19               [11] 2690 	add	hl, de
                                   2691 ;C:\Users\Jummy\Downloads\MSXgl-1.5.0b\engine/src/vdp.c:2196: u8 chunk = VDP_Peek(addr, g_ScreenColorHigh);
    00000AB1 C5               [11] 2692 	push	bc
    00000AB2 EB               [ 4] 2693 	ex	de, hl
    00000AB3 D5               [11] 2694 	push	de
    00000AB4 3Ar3Er00         [13] 2695 	ld	a, (_g_ScreenColorHigh)
    00000AB7 F5               [11] 2696 	push	af
    00000AB8 33               [ 6] 2697 	inc	sp
    00000AB9 EB               [ 4] 2698 	ex	de, hl
    00000ABA CDrC0r03         [17] 2699 	call	_VDP_Peek_128K
    00000ABD 6F               [ 4] 2700 	ld	l, a
    00000ABE D1               [10] 2701 	pop	de
    00000ABF C1               [10] 2702 	pop	bc
                                   2703 ;C:\Users\Jummy\Downloads\MSXgl-1.5.0b\engine/src/vdp.c:2197: chunk |= g_VDPBitValue[7 - (x % 8)];
    00000AC0 79               [ 4] 2704 	ld	a, c
    00000AC1 E6 07            [ 7] 2705 	and	a, #0x07
    00000AC3 4F               [ 4] 2706 	ld	c, a
    00000AC4 3E 07            [ 7] 2707 	ld	a, #0x07
    00000AC6 91               [ 4] 2708 	sub	a, c
    00000AC7 C6rDC            [ 7] 2709 	add	a, #<(_g_VDPBitValue)
    00000AC9 4F               [ 4] 2710 	ld	c, a
    00000ACA 3E 00            [ 7] 2711 	ld	a, #0x00
    00000ACC CEs0A            [ 7] 2712 	adc	a, #>(_g_VDPBitValue)
    00000ACE 47               [ 4] 2713 	ld	b, a
    00000ACF 0A               [ 7] 2714 	ld	a, (bc)
    00000AD0 B5               [ 4] 2715 	or	a, l
    00000AD1 4F               [ 4] 2716 	ld	c, a
                                   2717 ;C:\Users\Jummy\Downloads\MSXgl-1.5.0b\engine/src/vdp.c:2198: VDP_Poke(chunk, addr, g_ScreenColorHigh);
    00000AD2 3Ar3Er00         [13] 2718 	ld	a, (_g_ScreenColorHigh)
    00000AD5 F5               [11] 2719 	push	af
    00000AD6 33               [ 6] 2720 	inc	sp
    00000AD7 79               [ 4] 2721 	ld	a, c
    00000AD8 CDr95r03         [17] 2722 	call	_VDP_Poke_128K
                                   2723 ;C:\Users\Jummy\Downloads\MSXgl-1.5.0b\engine/src/vdp.c:2199: }
    00000ADB C9               [10] 2724 	ret
    00000ADC                       2725 _g_VDPBitValue:
    00000ADC 01                    2726 	.db #0x01	; 1
    00000ADD 02                    2727 	.db #0x02	; 2
    00000ADE 04                    2728 	.db #0x04	; 4
    00000ADF 08                    2729 	.db #0x08	; 8
    00000AE0 10                    2730 	.db #0x10	; 16
    00000AE1 20                    2731 	.db #0x20	; 32
    00000AE2 40                    2732 	.db #0x40	; 64
    00000AE3 80                    2733 	.db #0x80	; 128
                                   2734 ;C:\Users\Jummy\Downloads\MSXgl-1.5.0b\engine/src/vdp.c:2213: void VDP_LoadPattern_GM2(const u8* src, u8 count, u8 offset)
                                   2735 ;	---------------------------------
                                   2736 ; Function VDP_LoadPattern_GM2
                                   2737 ; ---------------------------------
    00000AE4                       2738 _VDP_LoadPattern_GM2::
    00000AE4 DD E5            [15] 2739 	push	ix
    00000AE6 DD 21 00 00      [14] 2740 	ld	ix,	#0
    00000AEA DD 39            [15] 2741 	add	ix, sp
    00000AEC 4D               [ 4] 2742 	ld	c, l
    00000AED 44               [ 4] 2743 	ld	b, h
                                   2744 ;C:\Users\Jummy\Downloads\MSXgl-1.5.0b\engine/src/vdp.c:2215: u16 cnt = count == 0 ? 256 * 8 : count * 8;
    00000AEE DD 7E 04         [19] 2745 	ld	a, 4 (ix)
    00000AF1 B7               [ 4] 2746 	or	a, a
    00000AF2 20 07            [12] 2747 	jr	nz, 00103$
    00000AF4 FD 21 00 08      [14] 2748 	ld	iy, #0x0800
    00000AF8 C3r06r0B         [10] 2749 	jp	00104$
    00000AFB                       2750 00103$:
    00000AFB DD 6E 04         [19] 2751 	ld	l, 4 (ix)
    00000AFE 26 00            [ 7] 2752 	ld	h, #0x00
    00000B00 29               [11] 2753 	add	hl, hl
    00000B01 29               [11] 2754 	add	hl, hl
    00000B02 29               [11] 2755 	add	hl, hl
    00000B03 E5               [11] 2756 	push	hl
    00000B04 FD E1            [14] 2757 	pop	iy
    00000B06                       2758 00104$:
                                   2759 ;C:\Users\Jummy\Downloads\MSXgl-1.5.0b\engine/src/vdp.c:2216: u16 dst = g_ScreenPatternLow + (offset * 8);
    00000B06 DD 6E 05         [19] 2760 	ld	l, 5 (ix)
    00000B09 26 00            [ 7] 2761 	ld	h, #0x00
    00000B0B 29               [11] 2762 	add	hl, hl
    00000B0C 29               [11] 2763 	add	hl, hl
    00000B0D 29               [11] 2764 	add	hl, hl
    00000B0E ED 5Br35r00      [20] 2765 	ld	de, (_g_ScreenPatternLow)
    00000B12 19               [11] 2766 	add	hl, de
                                   2767 ;C:\Users\Jummy\Downloads\MSXgl-1.5.0b\engine/src/vdp.c:2217: VDP_WriteVRAM(src, dst, g_ScreenPatternHigh, cnt);
    00000B13 C5               [11] 2768 	push	bc
    00000B14 EB               [ 4] 2769 	ex	de, hl
    00000B15 D5               [11] 2770 	push	de
    00000B16 FD E5            [15] 2771 	push	iy
    00000B18 FD E5            [15] 2772 	push	iy
    00000B1A 3Ar3Fr00         [13] 2773 	ld	a, (_g_ScreenPatternHigh)
    00000B1D F5               [11] 2774 	push	af
    00000B1E 33               [ 6] 2775 	inc	sp
    00000B1F 69               [ 4] 2776 	ld	l, c
    00000B20 60               [ 4] 2777 	ld	h, b
    00000B21 CDrCFr02         [17] 2778 	call	_VDP_WriteVRAM_128K
    00000B24 FD E1            [14] 2779 	pop	iy
    00000B26 D1               [10] 2780 	pop	de
    00000B27 C1               [10] 2781 	pop	bc
                                   2782 ;C:\Users\Jummy\Downloads\MSXgl-1.5.0b\engine/src/vdp.c:2218: dst += 0x800;
    00000B28 7A               [ 4] 2783 	ld	a, d
    00000B29 C6 08            [ 7] 2784 	add	a, #0x08
    00000B2B 57               [ 4] 2785 	ld	d, a
                                   2786 ;C:\Users\Jummy\Downloads\MSXgl-1.5.0b\engine/src/vdp.c:2219: VDP_WriteVRAM(src, dst, g_ScreenPatternHigh, cnt);
    00000B2C C5               [11] 2787 	push	bc
    00000B2D D5               [11] 2788 	push	de
    00000B2E FD E5            [15] 2789 	push	iy
    00000B30 FD E5            [15] 2790 	push	iy
    00000B32 3Ar3Fr00         [13] 2791 	ld	a, (_g_ScreenPatternHigh)
    00000B35 F5               [11] 2792 	push	af
    00000B36 33               [ 6] 2793 	inc	sp
    00000B37 69               [ 4] 2794 	ld	l, c
    00000B38 60               [ 4] 2795 	ld	h, b
    00000B39 CDrCFr02         [17] 2796 	call	_VDP_WriteVRAM_128K
    00000B3C FD E1            [14] 2797 	pop	iy
    00000B3E D1               [10] 2798 	pop	de
    00000B3F C1               [10] 2799 	pop	bc
                                   2800 ;C:\Users\Jummy\Downloads\MSXgl-1.5.0b\engine/src/vdp.c:2220: dst += 0x800;
    00000B40 21 00 08         [10] 2801 	ld	hl, #0x0800
    00000B43 19               [11] 2802 	add	hl, de
                                   2803 ;C:\Users\Jummy\Downloads\MSXgl-1.5.0b\engine/src/vdp.c:2221: VDP_WriteVRAM(src, dst, g_ScreenPatternHigh, cnt);
    00000B44 FD E5            [15] 2804 	push	iy
    00000B46 EB               [ 4] 2805 	ex	de, hl
    00000B47 3Ar3Fr00         [13] 2806 	ld	a, (_g_ScreenPatternHigh)
    00000B4A F5               [11] 2807 	push	af
    00000B4B 33               [ 6] 2808 	inc	sp
    00000B4C 69               [ 4] 2809 	ld	l, c
    00000B4D 60               [ 4] 2810 	ld	h, b
    00000B4E CDrCFr02         [17] 2811 	call	_VDP_WriteVRAM_128K
                                   2812 ;C:\Users\Jummy\Downloads\MSXgl-1.5.0b\engine/src/vdp.c:2222: }
    00000B51 DD E1            [14] 2813 	pop	ix
    00000B53 E1               [10] 2814 	pop	hl
    00000B54 F1               [10] 2815 	pop	af
    00000B55 E9               [ 4] 2816 	jp	(hl)
                                   2817 ;C:\Users\Jummy\Downloads\MSXgl-1.5.0b\engine/src/vdp.c:2226: void VDP_LoadColor_GM2(const u8* src, u8 count, u8 offset)
                                   2818 ;	---------------------------------
                                   2819 ; Function VDP_LoadColor_GM2
                                   2820 ; ---------------------------------
    00000B56                       2821 _VDP_LoadColor_GM2::
    00000B56 DD E5            [15] 2822 	push	ix
    00000B58 DD 21 00 00      [14] 2823 	ld	ix,	#0
    00000B5C DD 39            [15] 2824 	add	ix, sp
    00000B5E 4D               [ 4] 2825 	ld	c, l
    00000B5F 44               [ 4] 2826 	ld	b, h
                                   2827 ;C:\Users\Jummy\Downloads\MSXgl-1.5.0b\engine/src/vdp.c:2228: u16 cnt = count == 0 ? 256 * 8 : count * 8;
    00000B60 DD 7E 04         [19] 2828 	ld	a, 4 (ix)
    00000B63 B7               [ 4] 2829 	or	a, a
    00000B64 20 07            [12] 2830 	jr	nz, 00103$
    00000B66 FD 21 00 08      [14] 2831 	ld	iy, #0x0800
    00000B6A C3r78r0B         [10] 2832 	jp	00104$
    00000B6D                       2833 00103$:
    00000B6D DD 6E 04         [19] 2834 	ld	l, 4 (ix)
    00000B70 26 00            [ 7] 2835 	ld	h, #0x00
    00000B72 29               [11] 2836 	add	hl, hl
    00000B73 29               [11] 2837 	add	hl, hl
    00000B74 29               [11] 2838 	add	hl, hl
    00000B75 E5               [11] 2839 	push	hl
    00000B76 FD E1            [14] 2840 	pop	iy
    00000B78                       2841 00104$:
                                   2842 ;C:\Users\Jummy\Downloads\MSXgl-1.5.0b\engine/src/vdp.c:2229: u16 dst = g_ScreenColorLow + (offset * 8);
    00000B78 DD 6E 05         [19] 2843 	ld	l, 5 (ix)
    00000B7B 26 00            [ 7] 2844 	ld	h, #0x00
    00000B7D 29               [11] 2845 	add	hl, hl
    00000B7E 29               [11] 2846 	add	hl, hl
    00000B7F 29               [11] 2847 	add	hl, hl
    00000B80 ED 5Br33r00      [20] 2848 	ld	de, (_g_ScreenColorLow)
    00000B84 19               [11] 2849 	add	hl, de
                                   2850 ;C:\Users\Jummy\Downloads\MSXgl-1.5.0b\engine/src/vdp.c:2230: VDP_WriteVRAM(src, dst, g_ScreenColorHigh, cnt);
    00000B85 C5               [11] 2851 	push	bc
    00000B86 EB               [ 4] 2852 	ex	de, hl
    00000B87 D5               [11] 2853 	push	de
    00000B88 FD E5            [15] 2854 	push	iy
    00000B8A FD E5            [15] 2855 	push	iy
    00000B8C 3Ar3Er00         [13] 2856 	ld	a, (_g_ScreenColorHigh)
    00000B8F F5               [11] 2857 	push	af
    00000B90 33               [ 6] 2858 	inc	sp
    00000B91 69               [ 4] 2859 	ld	l, c
    00000B92 60               [ 4] 2860 	ld	h, b
    00000B93 CDrCFr02         [17] 2861 	call	_VDP_WriteVRAM_128K
    00000B96 FD E1            [14] 2862 	pop	iy
    00000B98 D1               [10] 2863 	pop	de
    00000B99 C1               [10] 2864 	pop	bc
                                   2865 ;C:\Users\Jummy\Downloads\MSXgl-1.5.0b\engine/src/vdp.c:2231: dst += 0x800;
    00000B9A 7A               [ 4] 2866 	ld	a, d
    00000B9B C6 08            [ 7] 2867 	add	a, #0x08
    00000B9D 57               [ 4] 2868 	ld	d, a
                                   2869 ;C:\Users\Jummy\Downloads\MSXgl-1.5.0b\engine/src/vdp.c:2232: VDP_WriteVRAM(src, dst, g_ScreenColorHigh, cnt);
    00000B9E C5               [11] 2870 	push	bc
    00000B9F D5               [11] 2871 	push	de
    00000BA0 FD E5            [15] 2872 	push	iy
    00000BA2 FD E5            [15] 2873 	push	iy
    00000BA4 3Ar3Er00         [13] 2874 	ld	a, (_g_ScreenColorHigh)
    00000BA7 F5               [11] 2875 	push	af
    00000BA8 33               [ 6] 2876 	inc	sp
    00000BA9 69               [ 4] 2877 	ld	l, c
    00000BAA 60               [ 4] 2878 	ld	h, b
    00000BAB CDrCFr02         [17] 2879 	call	_VDP_WriteVRAM_128K
    00000BAE FD E1            [14] 2880 	pop	iy
    00000BB0 D1               [10] 2881 	pop	de
    00000BB1 C1               [10] 2882 	pop	bc
                                   2883 ;C:\Users\Jummy\Downloads\MSXgl-1.5.0b\engine/src/vdp.c:2233: dst += 0x800;
    00000BB2 21 00 08         [10] 2884 	ld	hl, #0x0800
    00000BB5 19               [11] 2885 	add	hl, de
                                   2886 ;C:\Users\Jummy\Downloads\MSXgl-1.5.0b\engine/src/vdp.c:2234: VDP_WriteVRAM(src, dst, g_ScreenColorHigh, cnt);
    00000BB6 FD E5            [15] 2887 	push	iy
    00000BB8 EB               [ 4] 2888 	ex	de, hl
    00000BB9 3Ar3Er00         [13] 2889 	ld	a, (_g_ScreenColorHigh)
    00000BBC F5               [11] 2890 	push	af
    00000BBD 33               [ 6] 2891 	inc	sp
    00000BBE 69               [ 4] 2892 	ld	l, c
    00000BBF 60               [ 4] 2893 	ld	h, b
    00000BC0 CDrCFr02         [17] 2894 	call	_VDP_WriteVRAM_128K
                                   2895 ;C:\Users\Jummy\Downloads\MSXgl-1.5.0b\engine/src/vdp.c:2235: }
    00000BC3 DD E1            [14] 2896 	pop	ix
    00000BC5 E1               [10] 2897 	pop	hl
    00000BC6 F1               [10] 2898 	pop	af
    00000BC7 E9               [ 4] 2899 	jp	(hl)
                                   2900 ;C:\Users\Jummy\Downloads\MSXgl-1.5.0b\engine/src/vdp.c:2239: void VDP_WriteLayout_GM2(const u8* src, u8 dx, u8 dy, u8 nx, u8 ny)
                                   2901 ;	---------------------------------
                                   2902 ; Function VDP_WriteLayout_GM2
                                   2903 ; ---------------------------------
    00000BC8                       2904 _VDP_WriteLayout_GM2::
    00000BC8 DD E5            [15] 2905 	push	ix
    00000BCA DD 21 00 00      [14] 2906 	ld	ix,	#0
    00000BCE DD 39            [15] 2907 	add	ix, sp
    00000BD0 FD 21 F9 FF      [14] 2908 	ld	iy, #-7
    00000BD4 FD 39            [15] 2909 	add	iy, sp
    00000BD6 FD F9            [10] 2910 	ld	sp, iy
    00000BD8 DD 75 FD         [19] 2911 	ld	-3 (ix), l
    00000BDB DD 74 FE         [19] 2912 	ld	-2 (ix), h
                                   2913 ;C:\Users\Jummy\Downloads\MSXgl-1.5.0b\engine/src/vdp.c:2241: u16 dst = g_ScreenLayoutLow + (dy * 32) + dx;
    00000BDE DD 6E 05         [19] 2914 	ld	l, 5 (ix)
    00000BE1 26 00            [ 7] 2915 	ld	h, #0x00
    00000BE3 29               [11] 2916 	add	hl, hl
    00000BE4 29               [11] 2917 	add	hl, hl
    00000BE5 29               [11] 2918 	add	hl, hl
    00000BE6 29               [11] 2919 	add	hl, hl
    00000BE7 29               [11] 2920 	add	hl, hl
    00000BE8 ED 4Br31r00      [20] 2921 	ld	bc, (_g_ScreenLayoutLow)
    00000BEC 09               [11] 2922 	add	hl, bc
    00000BED DD 4E 04         [19] 2923 	ld	c, 4 (ix)
    00000BF0 06 00            [ 7] 2924 	ld	b, #0x00
    00000BF2 09               [11] 2925 	add	hl, bc
    00000BF3 DD 75 FB         [19] 2926 	ld	-5 (ix), l
    00000BF6 DD 74 FC         [19] 2927 	ld	-4 (ix), h
                                   2928 ;C:\Users\Jummy\Downloads\MSXgl-1.5.0b\engine/src/vdp.c:2242: for (u8 y = 0; y < ny; ++y)
    00000BF9 DD 36 FF 00      [19] 2929 	ld	-1 (ix), #0x00
    00000BFD                       2930 00103$:
    00000BFD DD 7E FF         [19] 2931 	ld	a, -1 (ix)
    00000C00 DD 96 07         [19] 2932 	sub	a, 7 (ix)
    00000C03 30 4A            [12] 2933 	jr	nc, 00105$
                                   2934 ;C:\Users\Jummy\Downloads\MSXgl-1.5.0b\engine/src/vdp.c:2244: VDP_WriteVRAM(src, dst, g_ScreenLayoutHigh, nx);
    00000C05 DD 4E 06         [19] 2935 	ld	c, 6 (ix)
    00000C08 06 00            [ 7] 2936 	ld	b, #0x00
    00000C0A C5               [11] 2937 	push	bc
    00000C0B 3Ar3Dr00         [13] 2938 	ld	a, (_g_ScreenLayoutHigh)
    00000C0E F5               [11] 2939 	push	af
    00000C0F 33               [ 6] 2940 	inc	sp
    00000C10 DD 5E FB         [19] 2941 	ld	e, -5 (ix)
    00000C13 DD 56 FC         [19] 2942 	ld	d, -4 (ix)
    00000C16 DD 6E FD         [19] 2943 	ld	l, -3 (ix)
    00000C19 DD 66 FE         [19] 2944 	ld	h, -2 (ix)
    00000C1C CDrCFr02         [17] 2945 	call	_VDP_WriteVRAM_128K
                                   2946 ;C:\Users\Jummy\Downloads\MSXgl-1.5.0b\engine/src/vdp.c:2245: src += nx;
    00000C1F DD 5E 06         [19] 2947 	ld	e, 6 (ix)
    00000C22 16 00            [ 7] 2948 	ld	d, #0x00
    00000C24 DD 6E FD         [19] 2949 	ld	l, -3 (ix)
    00000C27 DD 66 FE         [19] 2950 	ld	h, -2 (ix)
    00000C2A 19               [11] 2951 	add	hl, de
    00000C2B DD 75 FD         [19] 2952 	ld	-3 (ix), l
    00000C2E DD 74 FE         [19] 2953 	ld	-2 (ix), h
                                   2954 ;C:\Users\Jummy\Downloads\MSXgl-1.5.0b\engine/src/vdp.c:2246: dst += 32;
    00000C31 DD 7E FB         [19] 2955 	ld	a, -5 (ix)
    00000C34 DD 77 F9         [19] 2956 	ld	-7 (ix), a
    00000C37 DD 7E FC         [19] 2957 	ld	a, -4 (ix)
    00000C3A DD 77 FA         [19] 2958 	ld	-6 (ix), a
    00000C3D 11 20 00         [10] 2959 	ld	de, #0x0020
    00000C40 E1               [10] 2960 	pop	hl
    00000C41 E5               [11] 2961 	push	hl
    00000C42 19               [11] 2962 	add	hl, de
    00000C43 DD 75 FB         [19] 2963 	ld	-5 (ix), l
    00000C46 DD 74 FC         [19] 2964 	ld	-4 (ix), h
                                   2965 ;C:\Users\Jummy\Downloads\MSXgl-1.5.0b\engine/src/vdp.c:2242: for (u8 y = 0; y < ny; ++y)
    00000C49 DD 34 FF         [23] 2966 	inc	-1 (ix)
    00000C4C C3rFDr0B         [10] 2967 	jp	00103$
    00000C4F                       2968 00105$:
                                   2969 ;C:\Users\Jummy\Downloads\MSXgl-1.5.0b\engine/src/vdp.c:2248: }
    00000C4F DD F9            [10] 2970 	ld	sp, ix
    00000C51 DD E1            [14] 2971 	pop	ix
    00000C53 E1               [10] 2972 	pop	hl
    00000C54 F1               [10] 2973 	pop	af
    00000C55 F1               [10] 2974 	pop	af
    00000C56 E9               [ 4] 2975 	jp	(hl)
                                   2976 ;C:\Users\Jummy\Downloads\MSXgl-1.5.0b\engine/src/vdp.c:2252: void VDP_FillLayout_GM2(u8 value, u8 dx, u8 dy, u8 nx, u8 ny)
                                   2977 ;	---------------------------------
                                   2978 ; Function VDP_FillLayout_GM2
                                   2979 ; ---------------------------------
    00000C57                       2980 _VDP_FillLayout_GM2::
    00000C57 DD E5            [15] 2981 	push	ix
    00000C59 DD 21 00 00      [14] 2982 	ld	ix,	#0
    00000C5D DD 39            [15] 2983 	add	ix, sp
    00000C5F 4F               [ 4] 2984 	ld	c, a
    00000C60 45               [ 4] 2985 	ld	b, l
                                   2986 ;C:\Users\Jummy\Downloads\MSXgl-1.5.0b\engine/src/vdp.c:2254: u16 dst = g_ScreenLayoutLow + (dy * 32) + dx;
    00000C61 DD 6E 04         [19] 2987 	ld	l, 4 (ix)
    00000C64 26 00            [ 7] 2988 	ld	h, #0x00
    00000C66 29               [11] 2989 	add	hl, hl
    00000C67 29               [11] 2990 	add	hl, hl
    00000C68 29               [11] 2991 	add	hl, hl
    00000C69 29               [11] 2992 	add	hl, hl
    00000C6A 29               [11] 2993 	add	hl, hl
    00000C6B ED 5Br31r00      [20] 2994 	ld	de, (_g_ScreenLayoutLow)
    00000C6F 19               [11] 2995 	add	hl, de
    00000C70 58               [ 4] 2996 	ld	e, b
    00000C71 16 00            [ 7] 2997 	ld	d, #0x00
    00000C73 19               [11] 2998 	add	hl, de
    00000C74 EB               [ 4] 2999 	ex	de, hl
                                   3000 ;C:\Users\Jummy\Downloads\MSXgl-1.5.0b\engine/src/vdp.c:2255: for (u8 y = 0; y < ny; ++y)
    00000C75 06 00            [ 7] 3001 	ld	b, #0x00
    00000C77                       3002 00103$:
    00000C77 78               [ 4] 3003 	ld	a, b
    00000C78 DD 96 06         [19] 3004 	sub	a, 6 (ix)
    00000C7B 30 1C            [12] 3005 	jr	nc, 00105$
                                   3006 ;C:\Users\Jummy\Downloads\MSXgl-1.5.0b\engine/src/vdp.c:2257: VDP_FillVRAM(value, dst, g_ScreenLayoutHigh, nx);
    00000C7D DD 6E 05         [19] 3007 	ld	l, 5 (ix)
    00000C80 26 00            [ 7] 3008 	ld	h, #0x00
    00000C82 C5               [11] 3009 	push	bc
    00000C83 D5               [11] 3010 	push	de
    00000C84 E5               [11] 3011 	push	hl
    00000C85 3Ar3Dr00         [13] 3012 	ld	a, (_g_ScreenLayoutHigh)
    00000C88 F5               [11] 3013 	push	af
    00000C89 33               [ 6] 3014 	inc	sp
    00000C8A 79               [ 4] 3015 	ld	a, c
    00000C8B CDr12r03         [17] 3016 	call	_VDP_FillVRAM_128K
    00000C8E D1               [10] 3017 	pop	de
    00000C8F C1               [10] 3018 	pop	bc
                                   3019 ;C:\Users\Jummy\Downloads\MSXgl-1.5.0b\engine/src/vdp.c:2258: dst += 32;
    00000C90 21 20 00         [10] 3020 	ld	hl, #0x0020
    00000C93 19               [11] 3021 	add	hl, de
    00000C94 EB               [ 4] 3022 	ex	de, hl
                                   3023 ;C:\Users\Jummy\Downloads\MSXgl-1.5.0b\engine/src/vdp.c:2255: for (u8 y = 0; y < ny; ++y)
    00000C95 04               [ 4] 3024 	inc	b
    00000C96 C3r77r0C         [10] 3025 	jp	00103$
    00000C99                       3026 00105$:
                                   3027 ;C:\Users\Jummy\Downloads\MSXgl-1.5.0b\engine/src/vdp.c:2260: }
    00000C99 DD E1            [14] 3028 	pop	ix
    00000C9B E1               [10] 3029 	pop	hl
    00000C9C F1               [10] 3030 	pop	af
    00000C9D 33               [ 6] 3031 	inc	sp
    00000C9E E9               [ 4] 3032 	jp	(hl)
                                   3033 	.area _CODE
                                   3034 	.area _INITIALIZER
    00000000                       3035 __xinit__g_VDPInitilized:
    00000000 00                    3036 	.db #0x00	; 0
                                   3037 	.area _CABS (ABS)
